,0_x,0_y,0_x,0_y,0_x,0_y,0,coef mean,coef sem
3990,-0.05411176992387226,-0.19197925715441397,-0.03207814017600608,-0.030185256570411174,-0.18638323918387673,0.035323833123979985,0.0444551467579381,-0.05927981187523745,0.0313643189132622
3988,-0.05411176992387226,-0.19197925715441397,-0.03207814017600608,-0.030185256570411174,-0.18638323918387673,0.035323833123979985,0.0444551467579381,-0.05927981187523745,0.0313643189132622
3986,-0.042919248440316284,-0.14506360500239174,-0.11313437718932177,-0.07447029925597604,-0.1584667988154723,0.027345681475564886,0.09557805616640529,-0.058732941580215414,0.030495460028719803
3984,-0.09386623540651808,-0.18306885743709958,-0.13777154849417717,-0.21915855217256264,-0.31047715631502704,0.009640361367721995,0.12695986365294576,-0.11539173211495954,0.04794669520372165
3982,0.07778254067701389,0.13848339910115454,-0.0341601170702382,0.044116849899539665,0.0672199009236933,0.0189622533637855,0.4077945934296989,0.10288563147494965,0.04732436059477016
3980,-0.01192566109595337,-0.14517693317457414,-0.2009544511928906,-0.16337149611311466,-0.21455735711537222,-0.007498048892106266,0.10457319766302779,-0.09127296427442622,0.039416017493329875
3978,0.011605215168014809,-0.1411720258989307,-0.145554232821982,-0.20016514905974084,-0.05778077155978602,-0.003541898284989911,0.14890572289177945,-0.055386162795090746,0.03904370975890058
3976,0.06828972944980484,-0.1409279826670806,-0.06787054365646135,-0.19415660012072972,-0.09199927530600827,0.00787487589354312,-0.11319974234322325,-0.07599850553573646,0.029196694896636923
3974,0.05192380163929523,-0.23905757083886042,-0.18269413369404294,-0.2710202338283605,-0.30226266243554467,0.006380423347746644,-0.35633683046688763,-0.1847238866109506,0.05109387030644992
3972,0.034098033659149034,-0.4534325151903121,-0.17002048256883878,-0.2502401914053717,-0.45167713816460375,0.03696835658043179,-0.2568149827760633,-0.21587413140937267,0.06592909980258113
3970,0.09651872012305222,-0.350732266919816,-0.2175039261139283,-0.05278984867649032,-0.2699776070083301,0.04834030989245097,-0.2936207322022475,-0.148537907272187,0.05815879913450417
3968,0.18525770847590192,-0.04922825553379753,0.08836807060807013,0.3257101131118693,0.08183184810773228,0.07637993815446455,0.008936018372693161,0.10246506304241912,0.04003489730190269
3966,0.2146281771797306,0.045641044548840694,0.05346964291965898,0.3567078645376663,0.17072639315188715,0.08802808090871854,0.13751955229215318,0.15238867936266506,0.03573208021124013
3964,0.31420309207377806,0.3023405640341551,0.033114642551094337,0.45269878453536144,0.5152279416185997,0.09365150963310724,0.29060042455469787,0.28597670842868483,0.05706613773991123
3962,0.4757306155216736,0.8463245021323296,0.4543905745482314,0.6395882025666737,0.9389365459819294,0.13797124404027408,0.6685956518334434,0.5945053338035079,0.08780361084364921
3960,0.5655854113442595,1.040754895758072,0.6131733472996185,0.781975388784949,1.2266586591450388,0.1553295754548961,0.8261623381501795,0.7442342308481447,0.11375847633686843
3958,0.5343689219900283,1.27933026305881,0.784703923988448,0.8398264634219609,1.3356691086423982,0.1697539438079226,1.0071155468824977,0.8501097388274379,0.13440403649080326
3956,0.5025330605562729,1.1474869707534066,0.9387161919816817,0.873767485564508,1.4176316907233488,0.18302654547274683,0.995608788343354,0.8655386761993312,0.13391350615084605
3954,0.6081855574281749,1.3263658063265968,1.1677664905873995,1.0006721925596498,1.548817715017031,0.19467971206003326,1.0521870725743245,0.9855249352218871,0.14875541362776148
3952,0.4440299132551007,0.7403979939501444,0.7694278680134756,0.5499738360511841,0.9836265353810648,0.14615117490638388,0.5871637940738849,0.602967302233034,0.08747427100251284
3950,0.46096768933754056,0.7208883414700151,0.8924631788049681,0.704916748919057,0.8010776780212646,0.13428761390391344,0.7451406466479803,0.637105985300677,0.08443449459356411
3948,0.30554384685612057,0.2819687170194186,0.4450271352813614,0.21038381830086253,0.14445626897837863,0.07196658872580704,0.3516472197347607,0.25871337069952993,0.041478956649508784
3946,0.17881770409195552,-0.02857859341451679,0.22139401662523597,-0.03493939253606459,-0.22794124391750534,0.029559601317897862,0.09107243579700522,0.032769218280572554,0.049395813271508396
3944,0.12182075409535423,-0.12021730337596108,0.07790971580152703,-0.19801131130406197,-0.5130547046865804,-0.002036764002194373,-0.07705096699068176,-0.10152008292322834,0.06964101042458969
3942,0.13939690108887545,0.0904105614595362,0.38973086743348107,-0.028900888810781292,-0.23981814340218102,0.014782699220779528,0.06935840347934395,0.062137200067007695,0.06208370111480121
3940,0.024060693787048188,-0.16652948403653853,0.09610792081909798,-0.1637724560820107,-0.3312488337194262,-0.010100409801924124,-0.18338949390362613,-0.10498172327676851,0.04830714877812913
3938,0.0652937715018847,-0.1421246245567278,0.027394212960683527,-0.11269323001640033,-0.16385422452304121,-0.0026800322783406055,-0.2099618380662759,-0.07694656642545968,0.0346942864831391
3936,0.16432646230108858,0.17096451168275206,0.2850148456686457,0.21197698410297394,0.1215670982365585,0.040982982716819084,0.012048961181717775,0.14384026369865083,0.03110263711646841
3934,0.25964411212571803,0.36767292984154193,0.2748905623633248,0.2361831605553116,0.37818689835915364,0.05622322676750269,0.14875294179790483,0.24593626168720822,0.03752786113333045
3932,0.39670025049720137,0.7593096892624617,0.45212771317636313,0.5251110855466956,0.7602682884373854,0.07886254698271025,0.4210069955854943,0.4847695099269017,0.07682855820256695
3930,0.4229854249343373,0.8127218421561193,0.44951822105089306,0.41529340948743376,0.6912465701089462,0.10559114693015528,0.5514872244812109,0.49269197702129935,0.07414518692358592
3928,0.4422659291488406,0.9743611731145542,0.7960223828097072,0.6145750049686765,0.8207569441567049,0.11747737716273422,0.8735101380504715,0.6627098499159556,0.09751422597675842
3926,0.4760556011395846,1.0396350233809115,1.0027458154337907,0.7237338456635548,0.9557227448849284,0.15007558838302432,1.2046047820756833,0.7932247715659253,0.12095766140054157
3924,0.20897948271636074,0.5806000774297131,0.6344432270274182,0.28287204304086894,0.4152160060781574,0.12178443820130579,0.8950401206393303,0.44841934216187923,0.08905023951541838
3922,0.12251835058892656,0.35578611809566635,0.5388156095268307,0.1357920565967437,0.22112044611870582,0.11085261331313719,0.7056392669650882,0.31293206588644257,0.07606156287115792
3920,0.12251835058892656,0.35578611809566635,0.5388156095268307,0.1357920565967437,0.22112044611870582,0.11085261331313719,0.7056392669650882,0.31293206588644257,0.07606156287115792
3918,-0.0530478295466831,-0.0459548431621644,0.1888452977971788,0.006287034548709746,-0.06864192167948374,0.08340883092301844,0.2156184605976656,0.046645004211177336,0.03862774845664562
3916,-0.08535536835370988,-0.14147250885311533,0.294224542475443,-0.04244533138275181,-0.18916290163726507,0.07130505098865694,0.3538651344457255,0.03727980252614048,0.06969688947160609
3914,-0.04892757473616205,0.005592910568457762,0.39469889621593474,0.06384872691472636,0.11562882595282875,0.07361338241538858,0.2811740067118591,0.12651845343471904,0.05142407907998419
3912,0.10986742960854573,0.18746292195143818,0.5584097734380767,0.17079965583825252,0.26537926434462045,0.10573926163705456,0.28337759239152205,0.24014798560135858,0.051133511699330884
3910,0.2264704432344412,0.5940352352453693,0.9438248063798986,0.5723359217754677,0.5559682101248185,0.1125555553112072,0.7197161380014285,0.5321294728675187,0.09259827661589655
3908,0.25956053456012596,0.6356074396294568,0.8951214763159218,0.6470920051210524,0.7094265421354665,0.097282204559127,0.6431580320119495,0.5553211763332999,0.09054101742435415
3906,0.29790191993314974,0.7916317214284777,0.8274699990495563,0.6630895720492707,0.6993558992910601,0.09769714011339274,0.7357234753449787,0.5875528181728409,0.0909498443406088
3904,0.2257670543433139,0.5904716812003797,0.46787515048463413,0.4438731367037508,0.5570233103426494,0.08108677031443098,0.4937017696655157,0.4085426961506678,0.06091557608753603
3902,0.12148448665620186,0.2613600669799756,0.11831850588153459,0.15851730833051803,0.2770139552041535,0.03626786291225973,0.17088670322881086,0.16340698417049346,0.02756033260117736
3900,0.19759098490509944,0.3546669695058062,0.15364017309800287,0.14152308979656403,0.4059034879836861,0.0513836493320599,0.13775900201755542,0.20606676523411055,0.04174664780893776
3898,0.047103004859455115,0.23511219066757216,0.013968852919605122,-0.03991130412007657,0.21184334362278,0.01203872582309234,-0.06605106428018641,0.05915767849889169,0.03876954255767802
3896,0.07069887890698207,0.3158481762214039,0.26909987046830697,0.13353249428602668,0.2523096263512588,0.017081282884753798,0.2505782056968474,0.1870212192593685,0.03705856103841528
3894,-0.010232804110760468,0.19043492820477692,0.1893037831306042,0.08130496551086773,0.1981679887663138,0.022096523199023287,0.26967182101284864,0.1343924579590963,0.03403489851507315
3892,0.12709111061457906,0.6027888183172964,0.6690285704404606,0.5005571290545456,0.5611979459070316,0.07518286258330716,0.7785101341298565,0.4734795101495824,0.0881412095464578
3890,0.06898297501159373,0.2851037423849033,0.4922016765080424,0.4246523360727735,0.4432990328408098,0.06044951049670803,0.5773676828628473,0.33600813659681117,0.06706157001607768
3888,0.08874380840407718,0.3477301196359671,0.5426515128665961,0.5222715684424915,0.34331452774404847,0.07277761674955409,0.5239484688020237,0.3487768032349655,0.06576426927564381
3886,0.19790654833132557,0.5457952098200035,0.6352977091978942,0.6296437070128913,0.48444166014925705,0.07980242292377966,0.5544131303761788,0.44675719825876137,0.07176299018569599
3884,0.31194726044527443,0.6981872239709187,0.5347351712768064,0.5991561901769802,0.7004754447227655,0.07954216827544149,0.2935538936595012,0.45965676464681265,0.07721521885988777
3882,0.46381645757828416,1.0670192281067374,0.6083045310189193,0.7536960983435116,0.8926360988314017,0.08359520789397665,0.31649390397370275,0.5979373608209333,0.11124298479487855
3880,0.32716725912125966,0.7123401431411046,0.12225339180883783,0.46653598684647024,0.6760906461245363,0.03860226528881718,0.08858561996911345,0.34736790175716276,0.09150073266025933
3878,0.27859316825707153,0.4592033482562266,-0.09147386669001983,0.4503244614805921,0.41573646685572835,0.038824830224082604,-0.006872734888014294,0.22061938192795247,0.0771504197943401
3876,0.2279770812467699,0.22109912121392117,-0.18969498259191148,0.3286468194877761,0.3771650581851142,0.02716981301123733,0.09485790695028415,0.15531725964331303,0.0638045052315802
3874,0.20311793227083855,0.01510520228694962,-0.13408780909828646,0.32123425011864,0.19643922768442568,0.003403203473435402,0.1502069789200715,0.10791699795086775,0.05040825912000061
3872,0.24249680064497894,0.02476640802362597,0.017164818907182626,0.3271907346657279,0.34083718472271723,0.024799967927083316,0.19674177159785858,0.1677139552127392,0.047314116612749035
3870,0.3051353538755739,0.19095481664067995,0.36704736978698266,0.5081659344849545,0.45917642981289747,0.05268699054581113,0.6271468069526238,0.3586162431570748,0.06397829932990978
3868,0.33509278930166037,0.4512586227492881,0.541076327808553,0.5489823313478698,0.6116222907276008,0.06949238939414928,0.7751192222101552,0.4760919962198966,0.07357484284486657
3866,0.2902275027096666,0.4256236445176914,0.5676326983872931,0.34746948511282,0.6266950679619852,0.09118103564575832,0.7568948509906378,0.44367489790369324,0.0737210007369849
3864,0.29984571312846775,0.5351988043652347,0.7973723866785873,0.4055988544057509,0.7361313764961348,0.11526615762554644,0.824072451024726,0.5304979633892069,0.08873443893572645
3862,0.09948646190002994,0.17779789290441297,0.512188396924613,0.0815373516066919,0.4718560742669425,0.09627254007111193,0.5155859305539264,0.27924637831824695,0.06845104747533913
3860,-0.018396572037575814,0.053934290452765724,0.17468892680571402,-0.198496887350242,0.22460185720510278,0.06173180817350648,0.04205433286616932,0.04858825087363435,0.04485377580819457
3858,0.040903870628513035,0.2376822985810396,0.27625960832861307,-0.11210245663756532,0.4221757539153661,0.07503021276046518,-0.07605744193222054,0.12341312080631586,0.06409860978173978
3856,0.14974004876420727,0.5873421068658773,0.31384564555448985,0.02725350038065569,0.6869930799326734,0.06658026069010406,0.07393916675416011,0.27224197270602396,0.0875952804366314
3854,0.29082582195222567,0.8584412921311972,0.4050569855677381,0.15301305585668934,0.8698387731362585,0.06520294625749805,0.22773929793250453,0.4100168818334445,0.10731499588374556
3852,0.22420072552299836,0.7651451561639078,0.1949889662642311,0.2091201848874712,0.6980846677128422,0.029711933152993426,0.23014619240007575,0.3359139751577885,0.09149257436865646
3850,0.29533631710134395,0.7654751052681447,0.2522770680782271,0.2582002094417643,0.6329296026424478,0.019797012206081658,0.36207677663066123,0.36944172733838154,0.08239363388803982
3848,0.1822177493892055,0.6524525438834516,0.2745421700139238,0.2095259952479234,0.4189639585803258,0.00933049875115564,0.4544053223291668,0.31449117688502176,0.06917128422059508
3846,0.1822177493892055,0.6524525438834516,0.2745421700139238,0.2095259952479234,0.4189639585803258,0.00933049875115564,0.4544053223291668,0.31449117688502176,0.06917128422059508
3844,-0.012570933937365485,-0.12622204706762993,-0.2653863617036049,-0.17770920934557022,-0.2191080371065623,-0.04227416911715169,0.09140065482605741,-0.10741001477883245,0.04129416589908187
3842,-0.25064901639448145,-0.7651141920430318,-0.6590350273041417,-0.49209780873443,-0.8129737524076304,-0.0954750242510091,-0.3925235223538191,-0.49540976335550624,0.08771023309587096
3840,-0.4391249325155874,-1.3307577240403285,-1.2634224102531157,-0.8425348672541941,-1.2223269979419669,-0.1491197229903981,-0.837663420628786,-0.8692785822320539,0.14628319092047934
3838,-0.3339136827273697,-1.0656666839620863,-1.0686759847350957,-0.7367409302920435,-0.9681355329969539,-0.12119960912620045,-0.8054635201176618,-0.7285422777082016,0.1208104826653396
3836,-0.3748150898279911,-1.253190641440546,-1.2745804998513806,-0.7440174502169331,-0.9495374353969444,-0.12908968194697842,-1.00344962826327,-0.8183829181348633,0.14180173476347716
3834,-0.11836567472794966,-0.6251880450174944,-0.7341546699182872,-0.48234108181659713,-0.5416243109643177,-0.09224169141558973,-0.5923597495183922,-0.45518217476837547,0.08225899150609961
3832,-0.21966854864644902,-0.7634878036980138,-0.8033148498005976,-0.48296161317592345,-0.6381631678506575,-0.10441885096119174,-0.7502972685946359,-0.5374731575324956,0.09148519751400248
3830,-0.061958603718768344,-0.3770251552011436,-0.5869738142627009,-0.22477911341799584,-0.21185725031387578,-0.08697566489185475,-0.6217730220007484,-0.3101918034010125,0.07398938293648025
3828,-0.18188223338593137,-0.44128976221378285,-0.44087015419171444,-0.16135417690761716,-0.4064199378970623,-0.08369653636536273,-0.460658333070135,-0.3108815905759437,0.05279277154799922
3826,-0.2561333933722676,-0.35762039235161,-0.3496095173101255,-0.1238029755858839,-0.4494733576261678,-0.10543510624598887,-0.5061761436877822,-0.3068929837399751,0.05020043336920863
3824,-0.37982254331010695,-0.471772656051887,-0.2774774135064232,-0.13019098968754278,-0.5684629771740799,-0.10233247249616971,-0.4778398109769443,-0.3439855518861648,0.058926190084521414
3822,-0.5462991386083612,-0.6711100388968773,-0.39843142263968473,-0.34594766694199874,-0.8161351269882664,-0.12589303459152204,-0.5401354452562094,-0.49199312484613145,0.0739848049765738
3820,-0.6001832609223655,-0.7478591264321549,-0.36827903965118247,-0.42332170567129207,-0.988854602698439,-0.11735228929925769,-0.6494050817411745,-0.5564650152022667,0.09259191287605537
3818,-0.5245884554855532,-0.6945804407744429,-0.5592194179255142,-0.5954601650447174,-0.7870241573344231,-0.09860174182486135,-0.8169531559757681,-0.5823467906236115,0.07878332591960359
3816,-0.36461419219628677,-0.43037707086165095,-0.37426168411197136,-0.41196699642559936,-0.45343436167740675,-0.05287199730555193,-0.6399958208758909,-0.3896460176363369,0.05719347371315776
3814,-0.10926022141382559,-0.18631312998926947,-0.17235939238333384,-0.28125228767407207,-0.1402982740757376,0.00013061765790359177,-0.4320191051239011,-0.18876739900031944,0.044791820310881116
3812,-0.0006687751595062259,0.010305696589438959,-0.0713397016736844,-0.08744355331927824,0.10312508980467613,0.02912379517439077,-0.2091926638478834,-0.03229858749026378,0.03294598978894192
3810,0.08316988448798661,0.42593127569802997,0.32607241634268447,0.36636475500246757,0.44527840778198,0.03718265692911162,0.033181031749194595,0.24531148971306496,0.061002537724653215
3808,0.21099578098281951,0.7400023725864662,0.5810905780014737,0.6551991165200918,0.7260448360666629,0.06031907076689047,0.3494345901292867,0.4747266207219559,0.0880747804484512
3806,0.006085157461127765,0.40594905100181605,0.36063545979957423,0.4483624260554712,0.2198550054150699,0.002513700362340606,0.11198787597123372,0.22219838229523337,0.06141158567863317
3804,0.025515567400587226,0.44984032495266013,0.344759326160943,0.29231055029236724,0.11128550471519025,0.007942708371293,0.2097022335490392,0.20590803077744005,0.05460042678427562
3802,-0.14638197227788763,-0.00822066842471085,0.04165363682314794,0.14943530586746054,-0.26284199310386624,0.0023597688511108592,0.051951325580242215,-0.0245777995263576,0.044945034241856495
3800,-0.23065846376139942,-0.30780763556749785,-0.20996741726530468,0.03883382734358619,-0.5334773611657873,-0.009616619712276795,-0.011201568485999113,-0.18055646265923989,0.0668359994166375
3798,-0.1007469148046198,-0.11905614496234887,-0.23976688411496355,0.12339851235177868,-0.2759886852736039,0.007271730105083072,0.14034794804163855,-0.06636291980814797,0.05380712531875323
3796,-0.10982241096032826,-0.30478349605925215,-0.32754662820723834,0.07680020812883827,-0.25151577392310787,0.03272827454807846,0.027152833776513736,-0.12242671324235659,0.05642465062548474
3794,-0.05130589407433062,-0.2432608548485231,-0.30235892953497656,0.0365161944214301,-0.13044003968818188,0.05150823143694452,0.054707884900705016,-0.08351905819813323,0.04788287718611726
3792,-0.10653324199140617,-0.25822878894017437,-0.3804668181346573,-0.22164279366410478,-0.2409958377394184,0.055323165538335946,0.08903738125129579,-0.1519295619543042,0.05660027856996306
3790,-0.09192746488535126,-0.1510222714674034,-0.37170225879020347,-0.2985882507529967,-0.2572198232386516,0.05370391108466393,-0.043098237087213394,-0.1656934850195937,0.049515363179389926
3788,-0.1755298586271172,-0.4090904108300567,-0.6584356223859412,-0.6279603237173607,-0.5394574153839776,0.028513023375060623,-0.2591877036641569,-0.3773069016047928,0.08329373666085067
3786,-0.2016677567766484,-0.48240461893275755,-0.6650123314984935,-0.700686581920765,-0.6318068020767722,0.0017692268341186804,-0.4361056836459251,-0.44513064971674904,0.08545772273693225
3784,-0.01689071588687844,-0.12969353886962331,-0.2982090727106726,-0.23373358977458386,-0.24278163594262797,0.03183643052847492,-0.3191743065972995,-0.17266377560760154,0.04508028860221531
3782,0.04545098930559051,-0.008712878863826008,-0.2000348599388167,-0.07383387329627229,-0.039651547306943216,0.022271280489485405,-0.2645145005309708,-0.07414648430596472,0.03806933545442047
3780,0.15772202528839155,0.15461220774779771,0.0948769219080093,0.1595543355466958,0.11190951713553131,0.04658945530415271,-0.10345177662286872,0.08883038375824423,0.030880274637709672
3778,0.20448963171173232,0.4801905391375555,0.17283586808842816,0.2753523181833389,0.48240082150253843,0.06670305963208732,0.19923924772501977,0.26874449799724287,0.05164801751480575
3776,0.2201829858344021,0.37168537383122263,0.25987979350253365,0.24370673875621343,0.3423137624168392,0.08806569096277701,0.5379298368763836,0.294823454597196,0.046178564051353815
3774,0.09366331701883544,0.1430642350604357,0.0801563301874799,0.0799211906296521,-0.04411578231990168,0.06309772995987568,0.47626279206266114,0.12743568751414833,0.05364023975971543
3772,-0.14211770730952847,-0.3023704623036448,-0.3406772333084617,-0.12375905078674498,-0.3725249975402845,0.014710643825649704,0.09008179029499874,-0.16809385958971657,0.058602749433537
3770,-0.14211770730952847,-0.3023704623036448,-0.3406772333084617,-0.12375905078674498,-0.3725249975402845,0.014710643825649704,0.09008179029499874,-0.16809385958971657,0.058602749433537
3768,-0.29252594250750363,-0.6706232677618977,-0.6495213427689229,-0.3635446111791278,-0.5833538488520632,-0.02752480973502409,-0.19468166148148178,-0.3973964977551459,0.08049424289257574
3766,-0.34237595959756967,-0.7298025159813107,-0.6683626183932285,-0.36636837699521674,-0.730855843643882,-0.02352250255722774,-0.43525171697214915,-0.4709342191629406,0.08477509588005683
3764,-0.25006137592321365,-0.39667786235923164,-0.5589819313112191,-0.28730616165167744,-0.3101447392022191,0.002366905701265495,-0.38016114268703877,-0.3115666153476192,0.05607571628455771
3762,-0.06242452229758667,-0.012604239707906705,-0.4085526910961449,-0.15870519267201638,0.1005468698816602,0.029860672211456617,-0.2190911931353997,-0.10442432811656252,0.056510038457924835
3760,0.21709900247903546,0.6736094630809809,0.19098038919277763,0.23627363512296662,0.6981196535125254,0.1192248817718442,0.2958532430912954,0.3473086097502036,0.07768207839320679
3758,0.12903705249700045,0.31855680748195336,-0.1378441435788631,-0.02828941867373394,0.45231403686809396,0.0805524044306531,-0.017899483666659655,0.11377532219406347,0.06796974134791779
3756,0.0060364136994303175,-0.06654907630729058,-0.2624850199181198,-0.14815616102846962,0.054895744297223575,0.04010962549037152,-0.07346789398119825,-0.06423090967829327,0.03694939578040266
3754,-0.07040047942156188,-0.259340907255593,-0.24004757824736608,-0.11934442006741548,-0.1490515500173667,-0.014862977731563243,-0.0639904050344354,-0.13100547396790027,0.0300222742434124
3752,-0.31378588721049866,-0.6130287620033299,-0.3202024183115482,-0.26023931720137977,-0.6613034321084598,-0.09965570937554495,-0.04530125911147117,-0.330502397903176,0.07667216686673084
3750,-0.43661354805162084,-0.9628491664688756,-0.5832874411071082,-0.5689822871498695,-1.1037533876534873,-0.14579373994107808,-0.42021184750774854,-0.6030702025542555,0.10789583745464758
3748,-0.6724804257811345,-1.5345781737496893,-1.1199895914159013,-1.088760597041757,-1.823985495221421,-0.19208921564794582,-0.7195458141625763,-1.021632759002918,0.1803948788327315
3746,-0.5756965717310192,-1.3224213720743203,-0.9204564601291535,-0.9764159259533701,-1.5776719876742757,-0.14356760253619316,-0.5462894844195706,-0.8660742006454146,0.16026507586111038
3744,-0.41471778737692433,-0.9773294252875679,-0.6302252096205021,-0.738013225034179,-1.101587239440824,-0.07917530681538473,-0.06834411802372221,-0.5727703302284436,0.13342896179193334
3742,-0.25130697161218707,-0.6967911405445184,-0.686713908084261,-0.6599544560125375,-0.5320185535671565,-0.07639284144230028,-0.23604465722493626,-0.44846036121255667,0.08372667924827744
3740,-0.1894394852766652,-0.5567171772516593,-0.5350374228768834,-0.5643024655365322,-0.41624585473326453,-0.06380496746819384,-0.1299386100312607,-0.3507837118820656,0.07113805625821984
3738,-0.09311735022175027,-0.34858104654341837,-0.3150308348270783,-0.3322488298820154,-0.3485280509128275,-0.0823042223019481,-0.12324386077358804,-0.23472202792323227,0.04174478635643345
3736,-0.03822107937827906,-0.1898690836674413,-0.22606687200311895,-0.27415075287889623,-0.2466737990750831,-0.09393714332653778,0.07645530666644929,-0.141780489094701,0.0419569507504231
3734,0.11763285288541357,0.10965776907851962,0.14302244602366468,-0.2046708124893744,-0.11722108435730845,-0.08271035348264712,0.022556301396167492,-0.001676125849366371,0.04417473059333607
3732,-0.04548183389893951,-0.1266531183802155,0.24960546169806158,-0.2911967292072274,-0.17290802116660592,-0.07355774890882591,0.048949192918706835,-0.05874897099214941,0.05649777014688857
3730,-0.06084009997301118,-0.11768679298788523,0.329930123039354,-0.3280807124000133,-0.13101779545768247,-0.04728329463536234,0.14897527249483383,-0.029429042845680962,0.06938184502904765
3728,-0.019668749741880865,-0.0509710807745398,0.49151368951222935,-0.3052936299369544,-0.08016167853720506,-0.03056296670862083,0.07094041595732282,0.010827999967193025,0.07898311657550226
3726,-0.1026294127789796,-0.17700288283935772,0.22545687337475329,-0.38673895869517977,-0.11690536738004413,-0.03396896657873825,-0.33167502316560815,-0.1319233911518792,0.06617930857834918
3724,-0.13798993117295044,-0.332766927603038,-0.031015042445545985,-0.5765267566425496,-0.21409311971885836,-0.047275322571517064,-0.6957771456945627,-0.2907777494070031,0.08487752130158022
3722,-0.06744192814456533,-0.23769564060649234,-0.06523340714084298,-0.5413835156319249,-0.10822216955221707,-0.05015881184800885,-0.6158599561656326,-0.24085648986995484,0.07858430739498493
3720,-0.318986774720625,-0.6082111168168179,-0.5081116339317951,-0.6571142038982102,-0.340478540689435,-0.061345331762862616,-0.7273229824233858,-0.4602243691775903,0.07649604936505595
3718,-0.3351567213606569,-0.4202165225951243,-0.6360578298930639,-0.6742168633161914,-0.2403071962879667,-0.07215247338413833,-0.6122626044260168,-0.42719574446616543,0.0742095839540084
3716,-0.4803146332474543,-0.6124772234846144,-0.6949585207271864,-0.6930346342407125,-0.4506521962834587,-0.06417858376975993,-0.40990612177169833,-0.486503130503555,0.07165481433269089
3714,-0.44891911651956373,-0.40238050616105336,-0.3573793017176999,-0.45826159711612574,-0.3614713067266547,-0.060108653674525975,-0.27789645588416845,-0.3380595625428274,0.044855566393399667
3712,-0.2694023870417881,-0.10153147232460165,0.11492761964176952,-0.20824172649797357,-0.04529919952126188,0.0022470894662732555,0.0648233487275429,-0.06321096107857707,0.04585478138584473
3710,0.062415143648991984,0.6538072151650278,0.7358176571213513,0.21158232942706412,0.5849262687855614,0.07216837472518059,0.47221091016115757,0.39898969986204785,0.09195640709684157
3708,0.11995361017682375,0.597338960597522,0.8242204105522617,0.3197402918415024,0.6704122429952178,0.09384413324754853,0.2735112254848492,0.4141458392708179,0.09308464810434879
3706,0.35258423537493166,1.0753261208278027,1.0077385263115823,0.5415151297818875,1.146705116852456,0.12200175267377805,0.5994392095580384,0.6921871559114967,0.12850100675880963
3704,0.3676360614738124,1.149520913092612,0.8769337221390059,0.654063859039326,1.1380957733496773,0.10703130939607451,0.44390919814490726,0.6767415480907736,0.1303351513803007
3702,0.27686275159357565,0.9900467641715319,0.6893011835821232,0.6231286972022901,0.9270586599525859,0.09366976340312881,0.4499898471590281,0.5785796667234663,0.10754506566399212
3700,0.22369855962115995,0.823106681810179,0.5121166634053831,0.5816793848388528,0.8604395501982347,0.09714331723389788,0.35505023630453203,0.49331919905889127,0.09453522847791614
3698,0.323831330039554,1.0353951978125975,0.6643348746303877,0.7675374171762646,0.9789417470927715,0.11499115996963609,0.6736124104622684,0.651234876740497,0.10888394839418998
3696,0.323831330039554,1.0353951978125975,0.6643348746303877,0.7675374171762646,0.9789417470927715,0.11499115996963609,0.6736124104622684,0.651234876740497,0.10888394839418998
3694,0.30868622354949893,0.8215896871617452,0.31642188494779444,0.5794084729605687,0.7269169720152828,0.0780572463600341,0.4112022052255611,0.4631832417457837,0.08535129611627912
3692,0.20697823476516464,0.32712212861936224,-0.085391664462203,0.1355491680705327,0.23903737836311362,0.031817630322488445,-0.015332518856585209,0.1199686224031248,0.04876203395108462
3690,0.031824358803118534,-0.15000249882735486,-0.5744453634578005,-0.057059676061977316,-0.12614877692421453,-0.028713245769863133,-0.46099134875239306,-0.19507665014149783,0.07554841325172724
3688,-0.09251761637219517,-0.5032054759420603,-0.5802364852451719,-0.27366083642413197,-0.4210672774667835,-0.036335573115999484,-0.6753677150789902,-0.3689129970921904,0.07966467369907335
3686,-0.11211238987981288,-0.31570978932745664,-0.31699910760010114,-0.1372122360346492,-0.18782567760005175,-0.007783576315317858,-0.615478792911681,-0.24187450995272433,0.06494334822074048
3684,0.014799120216486245,0.19977495932701686,0.2781683856086812,0.3347756470862982,0.32861334680088333,0.036950239228748155,-0.23792639970533727,0.13645075693753955,0.06881792657818862
3682,0.08087555010416773,0.5674560156074384,0.7695528287967706,0.5897606918435657,0.6848477903775748,0.08448617355639948,0.23951385654470975,0.43092755811866096,0.09469950489839081
3680,0.21146159516657514,0.6324539423032471,0.7158218721111653,0.7225135858918377,0.8930661931980801,0.08521422836571547,0.2634395566912101,0.5034244248182616,0.10171009742418476
3678,0.2199750575879762,0.49754715263318855,0.69993104827779,0.7926111883910971,0.7046372635748216,0.09349513321987922,0.4633857716921616,0.49594037362527343,0.08581141809014621
3676,0.3011353550788082,0.6283763819338848,0.6946360946178607,0.8711659403153459,0.7054483596798357,0.0872449044504389,0.723679371069509,0.5730980581636691,0.09032480899356594
3674,0.30663119882266243,0.5748229262869881,0.7996043862588138,1.0125111450684303,0.5364866787358059,0.11067307850788738,0.9248297674759143,0.6093655973080717,0.10732807259813071
3672,0.2804668822304062,0.45006311534355464,0.7794389305055592,0.8189865527415741,0.40865719635704967,0.11101744779707969,0.9569649988153125,0.5436564462557908,0.1022648666889607
3670,0.2816079874908594,0.6289748978825063,0.8880341945856663,0.7478348785330566,0.5507957897403422,0.12233476421742318,1.103834032897014,0.6176309350495526,0.11094478857675909
3668,0.38332807199265445,0.8306500153677691,0.8259973449564542,0.8010657500239478,0.9157567472535156,0.1466001974867495,1.165489119095397,0.7241267494537839,0.11250776865211494
3666,0.25364777786699316,0.588039402203109,0.44303942772631805,0.4357402605657241,0.7531306422623395,0.09914968079693333,0.609550534963324,0.4546139609121059,0.0729667667693825
3664,0.1400931381477466,0.13868845795288842,0.023148278785941508,0.0397090452839514,0.482762614532636,0.04845821248039174,0.28037998620112503,0.16474853334066866,0.05428094067599384
3662,0.19647237271991552,0.4799396293934868,0.1146350938291829,0.16469606059035344,0.8165619290547417,0.012061842366968587,0.18761649307193298,0.28171191728951167,0.09021769587174029
3660,-0.014981079787185025,-0.10018955064687525,-0.4666256782975386,-0.19932716396411942,0.23303464615356964,-0.09313131567726823,-0.4838063792715589,-0.16071807449871084,0.08280445180283091
3658,-0.10366674942258214,-0.34377060284671196,-0.4817922668627908,-0.5139717812953343,-0.24566414584576274,-0.14494903432620662,-0.6528119003292359,-0.3552323544183749,0.06673643463448267
3656,-0.35971869113426047,-0.8582527847084442,-1.124757242633045,-0.8385638556468773,-0.8722639527284645,-0.22110690660421006,-1.1411707561716389,-0.7736905985181343,0.11619618113157554
3654,-0.4687323684904877,-1.0190690088115435,-1.0867309020615106,-1.140740698010463,-1.3161451233074837,-0.246308348092751,-1.1342573354248295,-0.9159976834570099,0.1300115564784183
3652,-0.47242423530019206,-0.9411305496092685,-1.111770249044656,-0.8911874886188296,-1.114350272499585,-0.20394756141533343,-1.0706688344211561,-0.82935417012986,0.11604064174766553
3650,-0.3909960558339512,-0.7890898096160976,-0.9028220297766821,-0.755355482048594,-0.8858804498973603,-0.16994639635690603,-1.067278676198933,-0.7087669856755036,0.1032927019063032
3648,-0.2513427067528232,-0.28913858343103166,-0.3551998416174706,-0.374449025133651,-0.46263120904723415,-0.10082327423636628,-0.4509813413006598,-0.3263665687884624,0.04121469364136054
3646,-0.2620463655169262,-0.4186709650170604,-0.426692187500834,-0.42189880439566085,-0.3374950557029,-0.06320327457113001,-0.5202541002885434,-0.3500372504275792,0.04908044730935596
3644,-0.11286336165901151,0.021407427873933516,0.07020326369818179,-0.06908089888395545,0.15421682744101542,-0.006272044260613827,-0.23848315105919596,-0.025838848121378006,0.04202888981663749
3642,-0.05270806619289614,-0.05121070205541222,0.014507999080390502,-0.30164716955529547,-0.05588941422378923,-0.01039712010504563,-0.3768478363537832,-0.11917032991511878,0.05043333983614582
3640,-0.0602813636230593,-0.17519579974959162,-0.029854695216749112,-0.173271303454034,-0.08576417104303323,-0.014612537787088315,-0.21212055832538992,-0.10730006131413507,0.025778135437230898
3638,-0.23028838060831325,-0.4654282330184534,-0.5509150374563255,-0.5618000392827422,-0.5229833367470156,-0.0548153884490239,-0.5433572787761766,-0.4185125277625787,0.0647063586289223
3636,-0.28860585573524095,-0.6753754437817626,-0.48614206641838537,-0.4717465862021968,-0.6958778668957504,-0.06605192456135181,-0.5826069135859345,-0.4666295224543746,0.0734533598269812
3634,-0.24238548188557615,-0.3999134876084439,-0.3786388846137935,-0.257395063329901,-0.4463228167894807,-0.0797728522372642,-0.41597232952899593,-0.3172001308562079,0.04280154068000726
3632,-0.22106082198465812,-0.3195629331445434,0.017938707440182222,0.05672819874492398,-0.28743043377851035,-0.05597216152137414,-0.2695380413696194,-0.15412821223051418,0.05117190796876527
3630,-0.11491031591146171,0.05340241905689251,0.42332912892798147,0.1961464287548882,-0.030149950965703946,-0.03612587183945686,-0.005237495776847375,0.06949347746375603,0.06008525158169441
3628,0.07796296308515673,0.4250046786610243,1.0474557956764783,0.43865866660867514,0.12875541214959385,0.01468919144735327,0.35272297149875165,0.355035668446719,0.11457586477839543
3626,0.08467042941176517,0.3302571847835649,0.9856046642784319,0.36519937057673346,-0.09168426733780287,0.012495823091807442,0.3076421559993922,0.2848836229719846,0.11619880749875557
3624,0.23727448381920072,0.6136582660424205,1.268247090462723,0.6796347532115897,0.14935070453204546,0.056241421390866936,0.7909505615065933,0.5421938972807772,0.13992866127744294
3622,0.3145964200980549,0.5252289781628962,1.0826627073650605,0.5300908763666927,0.15569531545392126,0.09503007741653947,0.8171033241330532,0.5029153855708882,0.11637789861640786
3620,0.3145964200980549,0.5252289781628962,1.0826627073650605,0.5300908763666927,0.15569531545392126,0.09503007741653947,0.8171033241330532,0.5029153855708882,0.11637789861640786
3618,0.09887383792550027,-0.10742998357632211,0.3167960779288509,-0.016064707259750385,-0.44364649188556377,0.034080489180653754,0.4488201670099511,0.0473470556176171,0.09502500545891737
3616,0.10022430994895205,-0.15580836365513115,0.042413333749432916,-0.1537927714774329,-0.33679634008277476,0.04756705942502969,0.48069604772762586,0.003500467947957394,0.08519406241189639
3614,-0.020562163525381774,-0.3543596548957756,-0.23695833563557492,-0.34130291162035914,-0.39227879166863144,0.01970098342506372,0.17611376870985,-0.16423530074440132,0.07259288366468965
3612,-0.03234204438466041,-0.3336605920956615,-0.12860649259225612,-0.27943538226560105,-0.28396362073560427,0.015887529201578446,0.2528013286328421,-0.11275989631990894,0.0685033712763741
3610,-0.03247001444991043,-0.21190285332379036,-0.2911581531920718,-0.2740875277724071,-0.09275344241303106,-0.017773357799132583,-0.06907918436721841,-0.1413177904739374,0.03773738337995114
3608,-0.0440648559524946,-0.19208903466858496,-0.38188833303839775,-0.2257289804894047,-0.1663393903228593,-0.033368439052973424,-0.17379960602650452,-0.17389694850731705,0.03848461844066976
3606,-0.1423450030501143,-0.40937039347292825,-0.5772834615557424,-0.2593474036072769,-0.33570449924700324,-0.06530146598332884,-0.4514721874375346,-0.3201177734791327,0.05852726710571347
3604,-0.1171591249362844,-0.3583404729717491,-0.6590066963729133,-0.22921333888140907,-0.3780126743192725,-0.07841735244800353,-0.46811835519121275,-0.3268954307315492,0.06669708106387348
3602,-0.08589432295564059,-0.3073242665371438,-0.8693875771573781,-0.3196505344120369,-0.28939652950749467,-0.08255488618378592,-0.6662454255455954,-0.3743505060427251,0.09574126041308263
3600,-0.08411712461601242,-0.2780514691517899,-0.6267780469769187,-0.20393110469450554,-0.24549502408310797,-0.05366239656674868,-0.3396151799909588,-0.2616643351542917,0.06239781444750832
3598,-0.13316400612622153,-0.3527805442892249,-0.7702755002397317,-0.3350768352699461,-0.2785332246381468,-0.07080238455358522,-0.5314621974155721,-0.3531563846474897,0.07789615051089128
3596,-0.026113187799986847,-0.19369656918148556,-0.5218154525844343,-0.1553173456536837,-0.20968409420510828,-0.037133998086398425,-0.21415306817921057,-0.19398767367004396,0.05385238934582096
3594,-0.03163100906382025,-0.28282621803649605,-0.4500208169159544,-0.34595951445362605,-0.47152868290975786,-0.06610055135966258,-0.2944865121920168,-0.27750761499019055,0.05630837678083662
3592,-0.005733021765687796,-0.3143125410029152,-0.6200199996685789,-0.42412229628510334,-0.5342692931535019,-0.08032370390053202,-0.2698012596038584,-0.3212260164828825,0.07386220063233731
3590,-0.15782469045880346,-0.5831165057123155,-0.7852145339900345,-0.6361959712309443,-0.9539856059507567,-0.10469750609510577,-0.4346637558974439,-0.5222426527622005,0.10238771172067393
3588,-0.13943465302855848,-0.6799391071917674,-0.6621315438262545,-0.7087807101083445,-1.0398781243507977,-0.12335590999050323,-0.47313440606331053,-0.5466649220799338,0.10782501443398101
3586,-0.1169234588370394,-0.6879531669631839,-0.3517024498254185,-0.5395677666620903,-0.9114522709787723,-0.08903500995081527,-0.20745524637164203,-0.4148699099412803,0.10165325362727558
3584,-0.11220299945853655,-0.6194201751313398,-0.14168326061198294,-0.4158822488994645,-0.8081666504951038,-0.07936270734287303,-0.13057798281338512,-0.32961371782181226,0.09498768912575019
3582,-0.11737315158759805,-0.6641221312668468,0.15617246172392485,-0.23345060991917102,-0.7831692552080551,-0.036461038109593884,0.10074454680939104,-0.22537988250827842,0.11974556361178665
3580,-0.2107485566090953,-0.8415940073308349,-0.07001442472473471,-0.2893351154820096,-0.8404902309349809,-0.05316811601405239,-0.029281126875043608,-0.3335187968529644,0.11747163808747507
3578,-0.2854617477501126,-0.778764258778075,-0.12460325091952393,-0.38452956042800057,-0.8362177826881886,-0.0601425498959764,-0.06148558969432112,-0.3616006771648855,0.10713172542737912
3576,-0.24065793995480866,-0.5441432120300586,-0.18982302263020023,-0.4063333891496766,-0.7223463302012004,-0.05153745836296073,-0.03867304568528237,-0.3133591997163125,0.08384996175400634
3574,-0.2872436192061268,-0.4850140743461883,-0.38314525678541417,-0.33546855906292,-0.6068462616418111,-0.06825609307517144,-0.17875444201036383,-0.3349611865897137,0.059246525727445265
3572,-0.18179719642727762,-0.02236697163359423,-0.09106078309521085,-0.23098291635256396,-0.31313300673049194,-0.03828040044888481,0.03473095793624699,-0.12041290239311091,0.041062825314251566
3570,-0.10434217192496648,0.14643225054462178,0.03760965962563728,0.0017678237572172038,-0.009083637723187219,-0.01132242235832231,0.35618229008075286,0.05960625600025044,0.049272112104349224
3568,-0.13900138463913939,-0.04849995293952123,-0.1467472248452701,0.011745124170462218,-0.18244267334473127,-0.015899929626493264,0.2823476491979092,-0.03407119886096911,0.051491804478344796
3566,-0.16907290924903617,-0.34888380162668087,-0.37884408293282046,-0.16611309148404155,-0.39117533753713196,-0.040206680102872094,0.17089834766284095,-0.18905679360996316,0.06748883804544022
3564,-0.30298768584510105,-0.7654176509865034,-0.6609310697209644,-0.32288222845110287,-0.69696683120099,-0.07827108289612665,-0.19542126506746563,-0.43183968773832204,0.08898520305351784
3562,-0.4288757584951659,-1.073974965320078,-0.7720286804371423,-0.4713542162776614,-0.9898686464145119,-0.0906062568199907,-0.28526951794206334,-0.5874254345295162,0.12023098036772348
3560,-0.3862753849883962,-1.0109803849616128,-0.6013303024976039,-0.2674900864577641,-0.8345343070330912,-0.06442818389278687,-0.16134562902670868,-0.4751977541225662,0.11575680053450259
3558,-0.2731073119202337,-0.710924000293539,-0.4780591948323194,-0.18149038488635033,-0.6142663197262558,-0.037592088148989844,-0.2440000255577968,-0.36277704648078357,0.08001137000987359
3556,-0.3039567867918805,-0.6196176727831937,-0.4557726941867644,0.02175640448322547,-0.4618423295491574,-0.01504604647338972,-0.10481825988630729,-0.2770424835982096,0.08147761557411473
3554,-0.10338075063260299,-0.1774943945705156,-0.31380338840023003,0.1214010520649825,0.06254643991331632,0.010574495471909773,0.025967601210370096,-0.05345556356325285,0.05001755659643531
3552,0.0985722677693762,0.23904072942456442,-0.013197367322843169,0.2983164691316741,0.5385292640304619,0.06411593299984425,0.2949013154946214,0.21718265878967127,0.06078902399838998
3550,0.17459844886065964,0.3071830068538506,-0.07879094727011222,0.20671464560350522,0.6161437164105273,0.038371720921645876,0.17479928404973435,0.2055742679185444,0.07191510082012778
3548,0.17998598405356994,0.3191294802441106,-0.15270983646010616,0.11867746799420528,0.5384248895282425,0.024777169619424833,0.009247858770655624,0.14821900196430038,0.07421757349466729
3546,0.17998598405356994,0.3191294802441106,-0.15270983646010616,0.11867746799420528,0.5384248895282425,0.024777169619424833,0.009247858770655624,0.14821900196430038,0.07421757349466729
3544,0.05593036376384812,-0.13013043209818237,-0.5109514391554041,-0.17089993601241718,0.2490040149690107,-0.04384529967963349,-0.3945363344016459,-0.13506129465920344,0.08475108005901259
3542,-0.17941290869635101,-0.5567789829318706,-0.7894707677940154,-0.41398419679234705,-0.26491209476974964,-0.10078026484964323,-0.7364316972224685,-0.43453870186520643,0.08841242403383309
3540,-0.20404435933639983,-0.6515177169418171,-0.933993172279879,-0.5895744826406546,-0.3585601846063041,-0.11605206705854468,-0.8696359595889595,-0.5319111346360799,0.10384094610502814
3538,-0.2299762380937906,-0.5244002784476726,-0.6958345182821268,-0.5135954742042165,-0.39575771008630234,-0.0804693830180685,-0.6377920722211693,-0.4396893820504781,0.07226460002613146
3536,-0.1796129037777415,-0.31969461964211754,-0.47773141842972494,-0.4166509099338676,-0.28983662849727293,-0.06616548184696965,-0.48277061020304873,-0.31892322461867756,0.051017709776936926
3534,0.059624007338528004,0.31326727554570094,-0.09807450887485326,-0.08609720627961401,0.10681406564313019,-0.010606620318061942,-0.059317023499648444,0.03222999850788307,0.047526607409325065
3532,0.012390591602902385,0.268857382370451,-0.1405546381578587,-0.09266402058341662,-0.007299403591743136,-0.03968404384595204,-0.06737740467470098,-0.009475933840045442,0.04357245850882958
3530,-0.09669078031589998,0.007155427455732975,-0.27964243348040296,-0.10545012916384251,-0.16801528446208222,-0.04121584441093338,-0.04913819326554703,-0.10471389109185358,0.03114120440237025
3528,-0.12780073445101023,-0.17445234190353875,-0.3085556660598535,-0.16204339849502242,-0.3315140540206553,-0.07789129383390313,-0.11310669804630125,-0.18505202668718354,0.03198305581513082
3526,-0.25057818553914224,-0.5560594375972854,-0.5860914893823383,-0.2562232912158918,-0.539450708301684,-0.1001612056049423,-0.34546650379598703,-0.3762901173481816,0.06129143004649682
3524,-0.16781867470335066,-0.41505797311947723,-0.27304908509062414,-0.059249500505908125,-0.2970071939550485,-0.07555228480833458,-0.14976410750974023,-0.20535697424178334,0.042184297099386536
3522,-0.02239545104212334,-0.16698857032284883,-0.03014520428068356,0.20944262851127537,0.018005762380380666,-0.03654789135540411,-0.05029364216389394,-0.011274624039042535,0.03695104702693727
3520,0.09098183751483856,0.07357513710901784,0.15807574211531242,0.38743561290164785,0.28009233829167846,-0.005088906464526633,0.03663558804048335,0.1459581927869217,0.046190311466022385
3518,0.277075901357301,0.5264226707925607,0.525841917264307,0.5975322918986045,0.6326047121782042,0.030488495526366125,0.3477220612853979,0.4196697214718202,0.07028216365169766
3516,0.16602035673494706,0.2270199489907841,0.10788585296217723,0.364868263277897,0.5251213642011475,0.010515436802442383,0.040021958417032405,0.205921883055204,0.06043104809957407
3514,0.20377044663251648,0.3245441833883565,0.13371373201957512,0.246097523422848,0.5425363815662747,0.012971005537223483,0.07158351341416748,0.21931668371156596,0.05797693391067081
3512,0.08318904940739652,0.0863963157624076,-0.15941100304400949,-0.007017993177256009,0.3836072788201631,0.006537452343918855,-0.20451775279231388,0.026969049617186665,0.06321439537565714
3510,0.0690372647934713,0.10087561803130914,-0.09405522294803856,-0.00536279490206551,0.35829758643800336,0.020143111398578387,-0.14681666313518088,0.043159842810868175,0.05363830795815561
3508,-0.030832591431700383,-0.14231895329649719,-0.5076589908087209,-0.14227874165612214,0.11848463460788491,0.009115340338870811,-0.2998529828096201,-0.14219175500798645,0.06835702851568953
3506,0.039532807909160105,0.02118082870525941,-0.17717178789827318,-0.07523791306718669,0.23671198346307545,0.019950694113924597,-0.17205415705466864,-0.015298220546958423,0.04695306048953874
3504,0.14318845569147035,0.40581794114524034,-0.0959425753414427,0.22336500164391712,0.6048724679105542,0.016597089512931807,0.060577973498717005,0.19406805058019833,0.07910967023909327
3502,0.17869605086165105,0.5429925986593621,0.032328912488051954,0.27800838769559244,0.7609715804471985,0.02358464521692925,0.10533567772503731,0.2745596932991175,0.09143259358018205
3500,0.11626428848864938,0.43366578848979964,-0.05954776389369412,0.17705535502076258,0.6547270064224825,0.010954929762802074,0.03274691151690657,0.1951237879725298,0.08449690516524291
3498,0.1440745301992922,0.42965592419703674,0.013172996215956172,0.2148057338641676,0.6367532643784505,0.01575490801178249,0.10452617502357422,0.22267764741289425,0.0757354453328361
3496,-0.035024882305371895,-0.04608503439639486,-0.04511784232626642,0.13169315466649187,0.17299245413131348,-0.0030423918863113843,-0.026635439416914767,0.021254288352363714,0.02994404245903369
3494,-0.1586439461279603,-0.4264189688166323,-0.18310567980965609,-0.06428616113699011,-0.17522223498212783,-0.02820441515103846,-0.12940837525697743,-0.16646996875448325,0.04202901503615922
3492,-0.15970413434253714,-0.44115423215225835,-0.14197312190902583,-0.03731336267515794,-0.29987961062622076,-0.012002166339960686,-0.02299327505356099,-0.1592885575855317,0.05255298907001096
3490,-0.11618366029436168,-0.36632910195671553,0.08721160241556014,0.02303775874362439,-0.3040707187645432,0.01877873550513959,0.08962888091353954,-0.08113235763396524,0.06132466568656768
3488,-0.03805248216530756,-0.11566033521882661,0.18609267539168292,0.12728169896781288,-0.06686849116930103,0.03939882672799114,0.1026769593269915,0.033552693123006176,0.03643540208202903
3486,-0.023283179284696295,-0.022555650353367297,0.12649027205595983,0.03967368326644424,-0.005731046166235107,0.03528491703938577,-0.05488863001052419,0.013570052363852423,0.019651545552698418
3484,0.05818969694468232,0.16021656416513202,0.2200993468786359,0.18596043525952938,0.16941589253936432,0.047940071827551424,0.042902052464015,0.12638915143984433,0.024312493946854745
3482,0.09176145184242467,0.34476105544148766,0.22336235780518915,0.18619063323397528,0.2600499109756217,0.04438928502018231,0.07285735294004454,0.1747674353227036,0.03608942458306431
3480,0.0003803379962815049,0.23508381858859423,0.15467641851027392,0.11660833720138966,0.09348801596481139,0.009962507202127146,-0.09576705253757962,0.07349034041798544,0.03610293400584194
3478,-0.0018448496722703034,0.18587295371021564,-0.005387213031263671,0.059129235175178534,-0.0024531047743639968,-0.005173054229793998,-0.21300597870814172,0.0024482840670800705,0.03860047497448308
3476,-0.09160864095786898,-0.13915569435858713,-0.29337444864163786,-0.11366087996672788,-0.26663440566129654,-0.034891237456821426,-0.319266772432101,-0.17979886849643442,0.03652126534290123
3474,-0.0904886485440824,-0.22658014219417963,-0.2539293034254626,-0.0683087965228636,-0.31442412124114516,-0.01707934267375153,-0.3055719646960495,-0.18234033132821922,0.03974593908795139
3472,-0.04901029557537296,-0.19854218128213605,-0.19267268358297696,-0.07531197588707611,-0.26311765688936184,-0.01133122675178328,-0.1284459675667534,-0.13120456964792296,0.029872005082119766
3470,-0.04901029557537296,-0.19854218128213605,-0.19267268358297696,-0.07531197588707611,-0.26311765688936184,-0.01133122675178328,-0.1284459675667534,-0.13120456964792296,0.029872005082119766
3468,0.0082610501601619,-0.1092663163530376,-0.05781603948241862,0.016666953777859622,-0.1258312301884101,0.01280286584542139,0.08993026238175482,-0.02360749340838122,0.02528816858809144
3466,0.23991259830521056,0.38710631818360947,0.4502175898088112,0.27290546361635293,0.307121594494936,0.06687705765877094,0.5193712437283803,0.32050169511372445,0.048930704301176596
3464,0.275167778224357,0.5496992990300804,0.6031765009759711,0.3251304960638796,0.4187577608941604,0.07907206636613698,0.627508825316137,0.4112161038386747,0.06534323494492275
3462,0.23937474070243733,0.47199629621506556,0.6048420377392574,0.33195912812332184,0.3962654479631135,0.07525867861269174,0.4537817531984025,0.36763972607918427,0.05647483631146519
3460,0.1940055484065933,0.37465803346114485,0.49407564696903694,0.20159220796970986,0.38274698084801756,0.05959570419939269,0.2544049173884061,0.28015414846318587,0.04783179066162424
3458,0.08800414402895082,0.1901960857640827,0.29774365158918203,0.08838275552977452,0.27719291983957317,0.04606957352256927,0.05219764083160716,0.14854096730081995,0.034747573219071404
3456,-0.04246970859373757,-0.11476505695454606,0.004035547844699922,-0.07970789512856982,0.07652009548215888,0.021601421647176672,-0.18276450835645058,-0.0453643005798955,0.02886659655481769
3454,-0.0631314515661063,-0.1741996028505702,-0.01700902655706617,-0.07756826536767383,0.042850941584412675,0.017494645488537693,-0.20591355346651743,-0.06821090181928337,0.030650912365341162
3452,-0.004329944592681732,0.05576472752249392,0.13547849381838792,0.13700577139848738,0.24140751340396982,0.022827004357554935,-0.07129043172369422,0.07383759059778829,0.0343226585284518
3450,0.08829123664257615,0.28448263204432195,0.34878763858115636,0.237817226324076,0.3903520553004162,0.04292605170934696,0.3130598907178982,0.2436738187599703,0.042995207143953815
3448,0.1288465241980061,0.41520066233506686,0.4705279001346908,0.3497868054947635,0.4037505271180744,0.037385788084400816,0.5128032063457368,0.33118591624439137,0.05860443468281992
3446,0.1351082414795174,0.43922418407760794,0.5129412401175515,0.3394374413334091,0.36133406733877277,0.048274534801890374,0.5681706130268411,0.34349861745365573,0.06257425535711221
3444,0.08309349186014135,0.2851816676225745,0.42066776136988504,0.19916487403060573,0.23164335959656743,0.021473076983051453,0.46587891911994467,0.24387187865468146,0.05340371482728258
3442,-0.037959212184038915,-0.004874990608232259,0.10730311144182683,0.011146592393510901,-0.009699400779272383,0.002121559689302961,0.2451959597240823,0.04474765995388278,0.032542839383187104
3440,-0.12739868922234596,-0.19496246760491134,-0.26320903168787024,-0.17006661031527678,-0.08128269935012755,-0.026987709810302064,-0.12339164332899843,-0.14104269304569034,0.025267094144069698
3438,-0.13420662972530192,-0.27066186461830266,-0.3190893750578083,-0.1315145592735193,-0.025583951735785263,-0.02314648672938838,-0.2650167305118381,-0.16703137109313484,0.03930448592566408
3436,-0.1277624770188477,-0.34664299147395633,-0.4833366078293012,-0.2797708439244803,-0.08217064876703024,-0.040218912845932736,-0.47776805614791634,-0.26252436257249495,0.060144056378082025
3434,-0.03552783929988618,-0.12235723696243415,-0.20499281807543207,0.027044729408743442,0.15614622009800141,-0.012612321246530748,-0.3465806667906635,-0.07698284755260028,0.053812066030062146
3432,0.011128181866086027,-0.05376111067061076,-0.11401679822783162,-0.01045581310547498,0.20370943419330978,-0.00042456640802971063,-0.35207727172759157,-0.04512827772573469,0.05466185610311449
3430,0.13253336892992376,0.26090607531547927,0.2434624743477456,0.1939685936187248,0.4474418126955567,0.03606534292156337,-0.053591828789660095,0.18011226271990474,0.05342365117776595
3428,0.1610899460848373,0.32205961043334375,0.328234780198886,0.21224950024936767,0.4347063878655135,0.04401697265571941,0.09440885681768793,0.2281094363293365,0.04591199848457688
3426,0.16649084394127348,0.3643037945254248,0.47606993826657956,0.17776205285334545,0.3607090706286564,0.03725885779574417,0.15618307573537668,0.24839680482091436,0.05047347077659422
3424,0.1070886747868816,0.24504317107165477,0.31544709263957554,0.16660349982408337,0.2374815195297707,0.020674130302032034,0.1483748970308609,0.17724471216926557,0.032101379663255165
3422,0.07447841814099403,0.2012003068410471,0.3285684812152483,0.1918962429524053,0.23988760326419295,0.016975708621101013,0.18607352666115062,0.17701146967087705,0.03378931165295213
3420,0.0029136710540404913,0.1309782311600824,0.24709369703735648,0.21961787464768995,0.13130350977596497,0.003916658826020408,0.2222103246334598,0.13686199530494492,0.03326464029319354
3418,-0.0037584777757117085,0.185288733641109,0.2010371962452492,0.26795126796596513,0.15128532628593394,0.0014599046811628916,0.2299707542735238,0.14760495790246173,0.035311178207569294
3416,0.016489189710607234,0.23876407343296244,0.2957236338664841,0.23784188241322043,0.11991350397545439,0.007812770938439921,0.3149796696726277,0.17593210342997087,0.041894670179277255
3414,0.1367576303893856,0.5169484725239466,0.4789700024658753,0.3000396847588761,0.3374364307416553,0.038178325687135514,0.5140415218730908,0.3317674383485665,0.061882179514478934
3412,0.11038838662283534,0.45004566586388856,0.35948191333163815,0.14750443472823532,0.2717282624942604,0.029891153400741277,0.5029253554287082,0.26742359598147253,0.05867091737430344
3410,0.11329018418443858,0.4038023690887891,0.2638124130358413,0.10093346081402105,0.23677726327719312,0.02080220967535917,0.43453331498257436,0.22485017357974524,0.051250047760991777
3408,0.13222811843829108,0.46579864164691376,0.24265239241629163,0.08772524800855631,0.2872460585137298,0.018569124389509716,0.4087536847773362,0.2347104668843755,0.05433694728022459
3406,0.12323868271307531,0.46066740187293725,0.1558232519497062,0.09378720454881942,0.4101421878567416,0.01659843836259118,0.38026850753228053,0.23436081069087877,0.058110191934544565
3404,0.06267653486929477,0.2691670326781965,0.15398519981911163,0.03690348293981231,0.2999397369596691,0.01633483481897442,0.3036389856634319,0.16323511539264152,0.04169616595306745
3402,0.0527691006126369,0.23342925896047553,0.16262895873089434,0.10464620311944707,0.28209393461659626,0.028675821528772873,0.4001042742568255,0.18062107883223552,0.043668332981258114
3400,0.11267640765447647,0.31434348070852297,0.30508550804370727,0.20991951267373052,0.4496011859644898,0.048635068851574335,0.450400919451263,0.27009458333539493,0.0509483566749043
3398,0.10254652057911608,0.26420575935695195,0.2629708049473091,0.1799551808262472,0.4135934645290735,0.05603832328229751,0.4610630262488534,0.24862472568140692,0.04926915249989262
3396,0.1377806229432928,0.30859441502184254,0.23767753126683955,0.18821706727590815,0.4662275015576551,0.06527374412589944,0.38801531342763274,0.25596945651701003,0.046227769941792896
3394,0.1377806229432928,0.30859441502184254,0.23767753126683955,0.18821706727590815,0.4662275015576551,0.06527374412589944,0.38801531342763274,0.25596945651701003,0.046227769941792896
3392,0.19767802877693366,0.4335811249506493,0.2747811432086892,0.2188705246038996,0.5553458267137233,0.06223445600293375,0.314794453637561,0.2938979368420557,0.05298649760977638
3390,0.19779289966142705,0.4389324303911353,0.2050771408198258,0.2047522581003331,0.6130740317878844,0.05142283516701746,0.1811437803574775,0.2703136251835858,0.06204761771094261
3388,0.18280394053375362,0.42982451050388193,0.18169433192383727,0.23362726367424558,0.5967010602557836,0.03672950323997407,0.15994837996419384,0.26018985572795283,0.061940969579253165
3386,0.19292252660863204,0.5510459920073539,0.2661584880847202,0.2722355391478767,0.6855231057312875,0.03497535232019836,0.19592908685104388,0.3141128701073018,0.07376464271120485
3384,0.13486743966554593,0.4406700041955636,0.17871983921763124,0.17534593185074818,0.5246197891104987,0.011942907188604005,0.1174831206200036,0.22623557597837074,0.06064524250382282
3382,0.040884382816640696,0.23627079292098235,0.05970297732960441,0.0795729749493124,0.32051975982229286,-0.011278854320249755,0.0924300682146912,0.11687172881903916,0.0385408326397248
3380,-0.007087480712668169,0.03771018405680043,-0.15857388677777562,-0.04368641116866983,0.10460471061699637,-0.035212963963052304,-0.11758614447131926,-0.03140457034566977,0.029164355956753645
3378,-0.01027473783851107,-0.0664037271174098,-0.2177202507289409,-0.0661515866418153,-0.0103246865964403,-0.041014100811133374,-0.12236223555891607,-0.07632161789902384,0.024008745431910575
3376,0.05717491605355421,0.07750750967932409,-0.06154887753597052,0.053072708373694474,0.12938888803451792,-0.013916834146731604,0.016234231221288968,0.036844648811382504,0.02051888400398466
3374,0.1218411409907254,0.13078311652841784,0.0047958609522921625,0.09018354116377479,0.19220090614670696,-0.0012358105340938299,0.08266931273706535,0.08874829542641267,0.02265765000816223
3372,0.20546410353039982,0.3195163458815929,0.21121838791231654,0.2602751519923411,0.3675669939857882,0.026280434607465656,0.2814495612928798,0.2388244256003977,0.03595950681007427
3370,0.1650741533654224,0.2868920444659047,0.2819792843923334,0.2447670404362897,0.3315212945726591,0.03021185549154918,0.3320234895442118,0.2389241660383386,0.0354675820176907
3368,0.14454205033262285,0.26254011317728837,0.2959048999706578,0.21943554860125297,0.2955464541343189,0.03880414394044771,0.3924349518572725,0.23560116600198014,0.0377573736377534
3366,0.1371417325242941,0.2696675511412262,0.33960626014659173,0.20056342847186878,0.21997962019764325,0.038354801411134495,0.5094989011169717,0.24497318500139006,0.04936286350919362
3364,0.22813771754838327,0.47199891777242514,0.45722253193119405,0.2791856401872085,0.3659135268499645,0.05410955752811732,0.6018988126643013,0.3512095292116563,0.05938564372413752
3362,0.136815227161654,0.25917405993517345,0.20091053981041207,0.09134191297568765,0.12464947879971068,0.0248023685087101,0.34685107410036364,0.16922066589881593,0.03550826641233691
3360,0.1663788756437551,0.3256834967204969,0.21524345704780268,0.1110807043046889,0.1487466948722982,0.03185072093775224,0.379874917550912,0.196979838153958,0.039699303506207755
3358,0.07025825028018613,0.1569451912110588,0.0002707943228544452,0.01990476747090875,0.018499393403723533,0.008985813328995266,0.1795522839187362,0.06491664199092331,0.02432190740898342
3356,0.06355420601711846,0.13327241395471423,-0.041174755622357444,-0.013447766721024806,-0.0076458322494186905,-0.0021704601874841046,0.09822028178639,0.032944012425419666,0.021460143320040127
3354,0.026991213000171543,0.04394485367149364,-0.1110834021416369,-0.02851236899306943,0.011142540611392008,-0.013469762354157753,0.014988671232062023,-0.00799975071053498,0.01684722955967045
3352,-0.0029890827918824976,0.025415924322825575,-0.1306926112078461,-0.015205109171301787,-0.049478789890200305,-0.013583685355045715,0.03248379430708042,-0.022007079969481487,0.018059594236010307
3350,-0.03482459268667244,-0.04786964056018951,-0.21492721140251367,-0.06672560662037165,-0.06372919378339204,-0.018444487012329366,-0.016590271163375817,-0.06615871474697778,0.02243573564617847
3348,-0.01809763945977279,-0.04390352316408096,-0.18931687427058191,-0.10553929277086396,-0.0288758959454567,-0.011064505086764384,-0.09594706642456736,-0.07039211387458401,0.021006460497399782
3346,-0.04248786898923138,-0.08665922574832668,-0.18482422644462007,-0.12966097403228447,-0.06925218562465778,-0.008486747972470145,-0.15647721917718416,-0.09683549256982495,0.0207020638912779
3344,0.02298624484049067,0.09028677911922163,-0.00048639816966315557,-0.03550920630368018,0.06027484314011726,0.010730166275722961,-0.030848024685602757,0.016776343459515206,0.01504213377890554
3342,0.09198846474340157,0.20684340651317715,0.12690788917158674,0.0020222932959396735,0.14207337992304758,0.02447629097466868,0.08745733369997645,0.09739557976025683,0.02290789051937691
3340,0.16873995539290804,0.40237802129633643,0.30868135528010554,0.1400075944880464,0.3141260236739521,0.04094318660834491,0.24644021548010533,0.2316166217456855,0.040273178105195026
3338,0.21270651505742508,0.40907232036691726,0.2865178028991359,0.13554020031823238,0.3085631973125969,0.03935240592494546,0.3639197540202663,0.25081031369993134,0.04265822937373505
3336,0.15740968964060656,0.2734235076141947,0.18333850609879257,0.06111442859362941,0.16017794760589227,0.025393753427330804,0.30821324642964754,0.16701015420144197,0.03352416179627687
3334,0.12045642056814196,0.220551950215071,0.11696325052232984,0.011346032589261344,0.15842877819015266,0.018022134891901544,0.21251722811955137,0.12261225644234426,0.02748822337817328
3332,0.046650735216817237,0.030278912541922096,0.010491139461301627,-0.05824165535946333,0.012071068276001476,0.002772604150370287,0.13229975560579446,0.02518893712753484,0.018808481914677058
3330,-0.033372369146542,-0.09135487567347766,-0.004424023770902426,-0.026745156919585743,-0.09441847803851375,0.0028459413006418017,0.07349579845444312,-0.02485330911341952,0.01899016460048194
3328,-0.10343883791544303,-0.23687898421171255,-0.11933756420483324,-0.13088551592277806,-0.20903051373969897,-0.019066095703380772,-0.06792277158120474,-0.1266514690398645,0.024846072975285446
3326,-0.14117382519869126,-0.2598474618655293,-0.14317529148351402,-0.13401117532017193,-0.25748461709559584,-0.015687615636358725,-0.0030786879801911714,-0.13635123922572173,0.03335983366946386
3324,-0.13392569917420177,-0.27912257821978026,-0.22312652320635729,-0.17560176535623984,-0.2675924035011716,-0.020504779885478833,-0.10411056002412251,-0.17199775848105034,0.030545480898636845
3322,-0.13118510837082067,-0.25117040197309787,-0.26177082123408985,-0.1988461913437088,-0.28831961167242276,-0.027663929715941803,-0.10224942965516672,-0.18017221342360693,0.03147394786179741
3320,-0.13118510837082067,-0.25117040197309787,-0.26177082123408985,-0.1988461913437088,-0.28831961167242276,-0.027663929715941803,-0.10224942965516672,-0.18017221342360693,0.03147394786179741
3318,-0.08096199406946475,-0.10994042841983429,-0.1261100709697949,-0.12987908618116603,-0.17306233184249564,-0.017102562355204284,-0.041315951784722034,-0.09691034651752597,0.01773960394288656
3316,-0.10748388357436431,-0.1515101262786186,-0.19860971334244812,-0.15550846403340052,-0.2084731535516044,-0.03426576711182701,-0.1219726935840834,-0.13968911449662094,0.01939164021782616
3314,-0.09272356239258425,-0.16961736626125865,-0.19116816235961265,-0.2106788093887286,-0.23356568150531004,-0.04397801142313236,-0.17418957567295915,-0.1594173098576551,0.02205123399070504
3312,-0.07742339539683446,-0.14448862304965096,-0.12398580092577659,-0.1926643682802951,-0.16505975753100907,-0.04693992362315637,-0.1930019722144836,-0.13479483443160087,0.018358382437368884
3310,-0.06916546143400859,-0.17306445374317192,-0.08800761541052726,-0.2199434883709381,-0.2274534380755913,-0.04824772584022359,-0.18443323040358173,-0.14433077332543465,0.02431730929996933
3308,-0.05581565970758831,-0.2295951026686251,-0.1216896450260575,-0.2490070936731331,-0.2733358024696506,-0.0327203917193016,-0.18447615679811047,-0.16380569315178098,0.031233739499413264
3306,-0.05471052592845986,-0.1659470077765303,-0.13128670713709586,-0.17228775067637947,-0.27600545980757174,-0.02986985813157686,-0.12432071563052974,-0.13634686072687768,0.026674130436400812
3304,-0.04717626490877318,-0.1643724185223332,-0.13368419103937795,-0.10390739053928098,-0.2380275900089228,-0.030403076943572607,-0.08209780527909886,-0.11423839103447994,0.02348280568000371
3302,-0.09367790671167131,-0.26071171758785,-0.20173401731644836,-0.14874045369922068,-0.34107291790647065,-0.031212284935537595,-0.13958093170942718,-0.17381860426666082,0.03403357439859501
3300,-0.14342964730679525,-0.42513210672020785,-0.2898139630828,-0.2035876857519901,-0.4002142758952638,-0.0458882924643001,-0.1875644368344907,-0.24223291543654968,0.04501380217162529
3298,-0.19314354002260029,-0.5493293103076262,-0.3927992502826304,-0.26090793848737687,-0.5017031765166774,-0.06307369563874993,-0.36210137349939076,-0.33186546925072175,0.05626630984742983
3296,-0.21709371969785649,-0.5979475609633917,-0.4059097871276265,-0.339662824767994,-0.48307502851753353,-0.0659358386199982,-0.42710895555026973,-0.36239053074923866,0.057577177875139475
3294,-0.12240159336042382,-0.3789176526707353,-0.2618607986983836,-0.22823527964934642,-0.2991501459185947,-0.05019615219605555,-0.373506861685051,-0.2448954977397986,0.04029453256644334
3292,-0.030848109736045508,-0.17860928701527093,-0.024790333381201207,-0.10500307667869863,-0.12300282254811352,-0.02248342713318108,-0.1605823290523295,-0.09218848364926291,0.021722255561901656
3290,0.06483710365575908,0.07191664742024542,0.15670894418422507,0.003393279809477076,0.06811885205123916,0.0015743729975655962,0.07984974592141544,0.06377127800570384,0.017163223250445177
3288,0.1448460783354051,0.2776695354273526,0.3423900234691448,0.20899709076880482,0.28212933033320786,0.027170744549397316,0.35914396380671665,0.23462096667000418,0.038494451956204115
3286,0.12649848880323095,0.2612703680073811,0.34713427042784406,0.2393446553129259,0.29971742465647,0.029369014185339885,0.49354683408725136,0.25669729364006333,0.049113422979745205
3284,0.0879131549901765,0.23177129087019582,0.28404684573688654,0.23926532137960774,0.2726166203970615,0.02105922036893746,0.47531870887525557,0.23028445180258875,0.047967966426247226
3282,0.021173505514914117,0.1663789496455875,0.16516742768353165,0.16926802010177336,0.17523681493075752,-0.0029440721048467097,0.41008043294436275,0.15776586838801146,0.04406049002946235
3280,-0.013124305659505033,0.06560775988538005,0.012544079724042947,0.0395484143112365,0.09991131880871003,-0.02208805004846723,0.25357791970846083,0.062282448104265434,0.031000071462637797
3278,-0.07784933393559723,-0.09278257166874743,-0.1336971012122176,-0.08654926645487053,-0.07758952371335355,-0.04954425651046203,0.07269213911315855,-0.06361713062601283,0.02132392781787322
3276,-0.07478242125322397,-0.10443202158895115,-0.12988893359180417,-0.1710245529018948,-0.08249225865826604,-0.05625703999508464,0.00017494035715674572,-0.08838604109029545,0.017880657197159488
3274,-0.06759394269572966,-0.13824467272183824,-0.11427985903746522,-0.1674278822432065,-0.12718789910892167,-0.05517370555080187,0.01837397539068773,-0.09307628370961078,0.020567247224675407
3272,-0.04128868741792515,-0.14205297018942617,-0.08782154330976726,-0.16272876763095662,-0.1443035985158883,-0.047714923253727434,0.021827698494667463,-0.08629754168900336,0.02216935960182968
3270,0.02121644623947708,0.06404569923646948,0.05202531617624596,-0.04408988507434361,-0.011961085067127982,-0.021885336072013633,0.15279320523784037,0.030306337239506813,0.021852190634925057
3268,0.07083038749922793,0.13965452209057,0.19733147370741597,0.08197284860907064,0.003473546042630093,-0.006043045275504572,0.25320342629535325,0.10577473699553762,0.03162901071658594
3266,0.07963635800543448,0.21300279480467418,0.21289719210881272,0.15178489097934858,0.0723086709066428,-0.0047438674888634945,0.2682108764589591,0.14187098796785835,0.03172777328796152
3264,0.08748213680174968,0.26014155441353043,0.28575052619667624,0.20595989546158125,0.10142773689747342,0.002589887136802924,0.2636882093711749,0.17243427803985556,0.03562961692872946
3262,0.09440685306946177,0.2693729278207066,0.3387746120452315,0.2996920460849166,0.13654246290365443,0.01128917222331529,0.2770009829012371,0.2038684367212176,0.040227577178739905
3260,0.07700620437366239,0.2231886990605303,0.346212231954341,0.3025124641754124,0.10606666697585931,0.009968174450954324,0.18718083532086757,0.17887646804451815,0.03998403323130467
3258,0.08397592899629731,0.21780393243894083,0.3490911156208633,0.3010480336069949,0.13770765761187054,0.02282227127150435,0.21062019325812123,0.18900987611494177,0.03797485614024343
3256,0.07502702187154817,0.1638007801135822,0.3412675905003812,0.31967015755362227,0.1385846100446273,0.029775684683378132,0.2622503488614211,0.19005374194693722,0.039446366108733394
3254,0.09262567445440872,0.15624106584552552,0.34707847789967844,0.25247164133326333,0.09934268260762064,0.03436120590815322,0.3026458084190087,0.18353807949537979,0.038738303709940095
3252,0.031063240237232486,0.030184528130302434,0.18616125321355403,0.11588895028549646,-0.03775369447766257,0.031488281760573944,0.26703957493375097,0.08915316201189254,0.03485973820375258
3250,0.1050558687694554,0.19200551048874898,0.2572924676594858,0.18597867747087668,0.15954535950428878,0.04057044545695292,0.31857376876357946,0.17986029973048398,0.03012834776989704
3248,0.08958336547507688,0.20292184388271134,0.2095693660823599,0.12619747560465672,0.14209725477990243,0.042977234200317786,0.2545194511829021,0.15255228445827532,0.024260860305828615
3246,0.055718866946854226,0.1968426578159947,0.13215048464107768,0.0829749774823032,0.14342918930947224,0.031503902253403736,0.2004328660521195,0.12043613492874647,0.021714028287348513
3244,0.055718866946854226,0.1968426578159947,0.13215048464107768,0.0829749774823032,0.14342918930947224,0.031503902253403736,0.2004328660521195,0.12043613492874647,0.021714028287348513
3242,0.026373713394436095,0.20372285309469942,0.19584403467729328,0.12243558881672892,0.15060954145311964,0.028774781078250274,0.12439882234007496,0.1217370478363718,0.023448598895794735
3240,-0.029668887806512688,0.0531780788730728,0.09114718835963938,0.0620183471934504,-0.007212958536048881,0.004774041987131609,0.03107396606262407,0.029329968019050957,0.013939228276823413
3238,-0.036392952691130076,-0.05853004159087784,-0.07150241957444793,-0.04706651133423413,-0.024502542075210288,-0.014596431426825244,-0.12112826326846456,-0.053388451708741444,0.01165827754550412
3236,-0.07543127480278422,-0.20058229485948006,-0.221646120855423,-0.10181162273234515,-0.16522843825794525,-0.03778851010376524,-0.1970284035875434,-0.14278809502846948,0.023239922238076038
3234,-0.10777960964861588,-0.3304951224808254,-0.35527929581498713,-0.22423215568159158,-0.242909314768336,-0.05514355505027952,-0.3196917088403617,-0.23364725175499962,0.03766823588759065
3232,-0.14061793088387503,-0.43243684368650953,-0.44528498737219696,-0.3145842806239394,-0.33824900181663947,-0.05855352910916733,-0.400987999357955,-0.30438779612146893,0.04893249385902255
3230,-0.1757283017054243,-0.49016407271065493,-0.48185727878450574,-0.3555759074048222,-0.4549589927147734,-0.06545846079750854,-0.4187532914399705,-0.3489280436510942,0.05413826115200486
3228,-0.09632388680655395,-0.30548812022663924,-0.2787139477277352,-0.2762578667878482,-0.29495372994678154,-0.04152773428170253,-0.2843682861231355,-0.22537622455719944,0.035513487351482374
3226,-0.1126592426254402,-0.2285390522579432,-0.19442268601748766,-0.27078116315217815,-0.2998284881952057,-0.040735107150967176,-0.2712787852131457,-0.2026063606589097,0.031009247310509743
3224,-0.04615077330472943,-0.02864509702922052,0.06293886155315605,-0.10872830547472975,-0.06832426950690682,-0.01690729449387982,-0.028355631879765288,-0.03345321573372508,0.017247080982329296
3222,-0.01707569992713378,-0.027136548151467967,0.05805449703212837,-0.057702327675036434,-0.07489199865830674,-0.012839079131350352,0.0195403966471894,-0.016007251409139642,0.014693117224770642
3220,-0.026181603431781643,-0.07287849803390212,0.11453941009184121,-0.04299702681550751,-0.13866308597070284,-0.01966943231444976,0.10289320597009596,-0.011851004357772385,0.029935346491700498
3218,-0.029617998633352502,-0.11696524786556778,0.044170302392332016,-0.08428390579437293,-0.1970651353030577,-0.02946053398378157,0.03246359095537831,-0.05439413260463173,0.02792154543165547
3216,-0.0714977294031172,-0.23265133710225583,0.06718134709745506,-0.07284752641942492,-0.3306631057137473,-0.040041399618549356,0.03909790419817869,-0.09163169242306583,0.04681920876983729
3214,0.03576629733374605,-0.08177053398347643,0.11020441345072406,0.024048414735789402,-0.12350700350606103,-0.025521576547123368,0.0025654521658606427,-0.008316362335791526,0.02539571336158161
3212,-0.010296873844209945,-0.1728607627593096,-0.05669046901219613,-0.06705172699236589,-0.15496378205469985,-0.03316281002806318,-0.1452536205294532,-0.09146857788861397,0.0212734186461086
3210,0.03731094360808846,-0.010082489080636716,0.02453072954199838,0.04360179527360287,-0.010795462641217016,-0.021338185644660824,-0.10108079049090142,-0.0054076370619608955,0.016136208705824093
3208,0.0708352964327399,0.13698917876631048,0.03535145172393151,0.06575105016099786,0.12736449660603702,-0.00997674623957466,-0.10725856847997482,0.04557945128149532,0.027593945497868182
3206,0.07488086070454082,0.1496866160516308,0.09606833498758538,0.08467392106527197,0.166106741753069,0.004331517707558485,-0.058312229737595825,0.07391939464743723,0.025764737018643746
3204,0.026459816704834594,0.05775064442131746,0.05687185575583135,0.036260868047696,0.146965182380517,0.004357655721175457,-0.09587296728144641,0.033256150821417925,0.02377427189755216
3202,0.04079652542111385,0.09133980808186189,0.16183399393875786,0.05070048467989391,0.19095031879144075,0.016142233791122954,-0.06367812138564859,0.06972646333122039,0.028508500940376914
3200,0.01837143141670918,-0.020173381357074707,0.09660720923511047,0.022531994697263132,0.10337843820742429,0.006619723257690122,-0.14070498025423359,0.012375776457555557,0.026740089372038492
3198,0.009213371183158237,-0.10392736734046072,0.02122204096213482,0.013226782683266308,0.04458690597561107,-0.0028264036779462203,-0.17924825708777453,-0.028250418186001575,0.026742963764549498
3196,-0.006807023026993047,-0.20864132838772684,-0.020368392040624447,-0.009646639462451166,-0.10126440285493958,-0.01987264421148923,-0.23011740823679425,-0.0852454054601455,0.03185386198379122
3194,-0.04521969075291131,-0.33862508961806803,-0.12704482343991663,-0.14969107249623725,-0.15048481567120348,-0.03330516453613229,-0.21518956180338208,-0.1513657454739787,0.034053507009411
3192,0.013517862899067612,-0.19110178171283904,-0.0010430224760866592,-0.07245926386570262,-0.027636666430668578,-0.018993389740802946,-0.1014273718597755,-0.05702051902668682,0.023378380284289024
3190,0.03132191296228404,-0.06149909723151668,0.08759729324975223,0.03899263835359407,0.07458209850841156,-0.009441764028696788,0.07743413784846576,0.034141031380327744,0.017650032722857784
3188,-0.01174286822509728,-0.05363406277573498,0.10626762680961355,-0.0017077555479680095,0.03324338686206022,-0.011192244497310617,0.02703690065175802,0.012610140468188702,0.016452586740904607
3186,0.012110692753623238,0.026057716242688028,0.23333802731131703,0.054748694841218574,0.13878794640552572,-0.0010780174957401745,0.12308334702274285,0.08386405815448218,0.027854928001947967
3184,-0.06627685495420198,-0.14053671800757478,0.12569213744873947,-0.026016182898498868,-0.059946924177589074,0.003739820869262221,0.07157293689593999,-0.013110254974846148,0.029321402341689617
3182,-0.06929306202924816,-0.15363820547799276,0.04112317244320761,-0.0723419129045491,-0.12025706783433003,-0.013467966291154645,0.05068323596372155,-0.04817025801862079,0.025460058665904037
3180,-0.08782150939834263,-0.21041928558577258,-0.11609008509505689,-0.14955197509096294,-0.1555681246525157,-0.019956429874320187,-0.010944175287944134,-0.10719308356927358,0.023948818077290716
3178,-0.08827689413475158,-0.2695793111166991,-0.23731739984472838,-0.27039071084028704,-0.24994423904372304,-0.03335535235186783,-0.1626660201094969,-0.18736141820593627,0.03111365364989605
3176,-0.07747472992068993,-0.2654523546599021,-0.28295142318122385,-0.2801041609246926,-0.2611810540825202,-0.040495229384973463,-0.17465838379851326,-0.1974739051360736,0.03337462958495518
3174,-0.13139961404938197,-0.3673586231718543,-0.4030998048711102,-0.32940134941016197,-0.36456815878436405,-0.04550976917848307,-0.3198628748283204,-0.280171456327668,0.04452806977257294
3172,-0.02895734438585218,-0.08244021154543688,-0.18363371065055625,-0.1487169308631325,-0.0892080437649031,-0.024560108184652603,-0.10100362591188741,-0.09407428218663157,0.01903295728908734
3170,-0.02895734438585218,-0.08244021154543688,-0.18363371065055625,-0.1487169308631325,-0.0892080437649031,-0.024560108184652603,-0.10100362591188741,-0.09407428218663157,0.01903295728908734
3168,0.02623519839805533,0.08246045406284754,-0.053856993997032615,-0.027031899829341142,0.11710754576700386,0.008621040895961178,0.07305573644992437,0.03237015453534551,0.020226469330108875
3166,0.13103227946421117,0.39893874876212976,0.19924041165512615,0.1383677089670701,0.3272737287522525,0.042739881676724656,0.29609927142831777,0.21909886152940455,0.04134854889057178
3164,0.22527593134712862,0.5335844114224095,0.3530651050185599,0.2380711117753666,0.43925761662011853,0.05649170811881152,0.43169361696355757,0.3253485001808503,0.05317269905418479
3162,0.25952618414234396,0.5842439409738592,0.3636027386220108,0.2681906156730387,0.5148425760159169,0.054697315655393604,0.4805902223043787,0.36081337048384887,0.05984288933807647
3160,0.27586444705543384,0.530794112273558,0.41288921441208964,0.3298910184230481,0.5159843492029623,0.06312058759735652,0.4819758714788791,0.372931371491904,0.05446645644938285
3158,0.19578071725375823,0.28543360456680883,0.19451184602632493,0.14849770153253605,0.2866468172812275,0.02966127381997246,0.26533041892478565,0.20083748277220193,0.030114488769163967
3156,0.10255484380530785,0.07024403702649366,0.01744584298765924,0.07346066255882099,0.019105475423267765,-0.006769219998721245,0.08454499779755524,0.051512377085769064,0.013454002550213883
3154,0.04533890975706973,-0.0495361026543643,-0.07171667977525327,0.007938392188973157,-0.1447319146573099,-0.029727734296038852,-0.11797502679337928,-0.05148716517575753,0.021920480248205712
3152,0.058842168936076425,0.06968390717594194,0.018125318593621962,0.13410804250571015,-0.026788557347240102,-0.016504168360769667,-0.07442530202747849,0.023291629925123174,0.022898604835528597
3150,0.10122151857376428,0.24751902405547185,0.163049141098398,0.25576430307297116,0.14835833142291244,-0.0016706102916633364,0.0018343860048255598,0.1308680134195257,0.03423739499275088
3148,0.006303670068278596,0.08525412303368735,0.07473983952502412,0.12783445944082386,0.025167585331839246,-0.019466163313305494,-0.19475536035053173,0.015011164819402286,0.034486109561242484
3146,-0.05968473483093664,-0.04054548165421564,-0.08661555865787565,0.02749848088485409,-0.11037024148729051,-0.027039635991204264,-0.23775433827056203,-0.07635878714389009,0.02741539973112518
3144,-0.11480787871721268,-0.20873587940892394,-0.24003193862094999,-0.12580476187013268,-0.14562111320735213,-0.04062261269585252,-0.2864501018280851,-0.16601061233550132,0.027446827910247246
3142,-0.2907614285006627,-0.6823066722345031,-0.6295694536533158,-0.5186649298840741,-0.6273675195649789,-0.07236828070154204,-0.48224679786815167,-0.4718978689153183,0.07171764646958265
3140,-0.31032329560947464,-0.7017427619923349,-0.7227173576321607,-0.5564200693000205,-0.6242652874830761,-0.08282582113750848,-0.5138311641752338,-0.5017322510471155,0.07548771106760568
3138,-0.25988417657340723,-0.6216825351583096,-0.7319440649663085,-0.5519482495890897,-0.45974989770855756,-0.0799553158682757,-0.5324878021879471,-0.4625217202931279,0.07297744667203922
3136,-0.20909179920854049,-0.473506346875767,-0.5847317111933449,-0.42531271305273055,-0.369547693231033,-0.06609250297122508,-0.42562576586668105,-0.364844076057046,0.056858585424217664
3134,-0.11381986654838985,-0.34612185671112966,-0.5198526864584628,-0.40049746458194746,-0.2340115803044408,-0.04333281211274346,-0.36200070506218607,-0.2885195673970428,0.05483403756853243
3132,-0.07749652911646025,-0.23182595005280154,-0.39924157658646653,-0.37173610178310823,-0.178586281303599,-0.04338317840068951,-0.38373713184224456,-0.24085810701219565,0.04860031991832342
3130,0.038744029922317784,0.04368247513834981,-0.18148517431241049,-0.13784903431029694,0.06368497584439753,-0.006400814241141668,-0.08396929046995348,-0.03765611891839106,0.031783359447096766
3128,0.13870902721997178,0.3231363721418457,0.026208720378922967,0.06937729633378069,0.3727644257238618,0.009594725560104047,-0.012049255727363267,0.13253447309016053,0.050953457405856155
3126,0.1516755968169599,0.28086309804808607,0.036382486441858736,0.15866606008719344,0.32071925615832314,0.021107845419205285,0.12080754288473802,0.15574598369376638,0.03695831030361369
3124,0.09226393922707764,0.126776237465404,-0.0863910030470588,0.15189080147076015,0.211206097535511,0.014523331311087238,0.1253665730713827,0.09080513957630912,0.032164692450504975
3122,0.04724436916156412,0.04054038175544412,-0.06388110152581587,0.21610624502765532,0.21699596937429616,0.0084270382715489,0.0673443602017624,0.07611103746663646,0.03427867819756053
3120,-0.079922411802349,-0.3993508261273923,-0.31096245712108644,-0.00621224861303148,-0.193327586879424,-0.017854647466551958,-0.12720576300385675,-0.16211942014481312,0.0486425779315092
3118,-0.14153434043099206,-0.5786055114896191,-0.4503521144433654,-0.21279747672348828,-0.3700151571082496,-0.03884605316172447,-0.3677466273838446,-0.30855675439161195,0.06125517763165194
3116,-0.17032991247521395,-0.585951839725893,-0.4643028437879765,-0.26175013249546075,-0.4555706274598752,-0.05864185323983549,-0.5193289707803594,-0.3594108828520878,0.06448904456139376
3114,-0.15107194595577145,-0.41792026267496063,-0.2727963109823984,-0.18137184387885427,-0.37979766662961073,-0.05233364941574425,-0.30635411547789393,-0.25166368500217623,0.04273867893401299
3112,-0.13637337455070728,-0.31366229684368196,-0.18668048907968654,-0.19048329355808138,-0.32418003686187014,-0.04908764232968471,-0.2575739998293806,-0.2082915904361561,0.03225572365259915
3110,-0.09800722194414703,-0.12907203323300834,-0.11179279185041673,-0.10197802074462692,-0.2048144190399805,-0.028771719678389488,-0.05102651258873229,-0.10363753129704303,0.01859216817367494
3108,-0.06089633530310101,-0.061322905667208036,-0.05702015493451059,-0.04217574142075438,-0.09945101179203832,-0.022222982291699448,0.02732283453240609,-0.04510947098241509,0.012946183259288138
3106,-0.03693156965228699,-0.0009050843229314087,-0.03770405444547574,-0.07874036772019799,-0.11981742477599447,-0.014290252895099321,0.016601001197659417,-0.03882682180204665,0.015393508867805298
3104,0.06707204407258371,0.21656921961241868,0.20235376542449407,0.16710259620025203,0.15920387926986382,0.020476426179245458,0.2602268254729429,0.15614353660454294,0.027738814268643087
3102,0.12653788719497325,0.35903593598378997,0.30122324895719427,0.13466991554205038,0.2245049222548008,0.037612224307819665,0.3087371840829495,0.2131887597605111,0.03844748957062485
3100,0.16875777461525113,0.46076971799845323,0.36155136064892696,0.17257348166745887,0.2956057313179875,0.050110093794924905,0.28722312453060794,0.2566558977962301,0.04483582283445077
3098,0.1349145520920592,0.3975641492508067,0.3635750612411423,0.20441839068920242,0.2721008961805324,0.05321426794564227,0.2820118115346916,0.24397130413343954,0.04008478289836375
3096,0.039767850562414615,0.1481205521168476,0.13057159014756334,-0.046613593049743274,0.13115739230868106,0.023755333506419573,-0.033485149152131785,0.05618199663429302,0.026570614316474044
3094,0.039767850562414615,0.1481205521168476,0.13057159014756334,-0.046613593049743274,0.13115739230868106,0.023755333506419573,-0.033485149152131785,0.05618199663429302,0.026570614316474044
3092,-0.15493444634184,-0.37509706616333904,-0.36505434346553056,-0.42874512031068096,-0.2863136301136333,-0.03586200519684493,-0.5479655990210754,-0.31342460151613494,0.05632694002241069
3090,-0.33423254644193556,-0.783648787456764,-0.6406109313521079,-0.5846834579694478,-0.6970753225443779,-0.07505464502277373,-0.7726604062709143,-0.5554237281511887,0.08526603457074189
3088,-0.4171030857660483,-1.147008130620589,-0.8840908862935382,-0.7988669486283178,-0.9288689068556645,-0.11209373102991606,-1.0842789560662243,-0.7674729493228999,0.12227953501930412
3086,-0.4847773827687839,-1.2881624063584465,-1.0002385273846526,-0.8036442833770056,-0.9904990849078235,-0.1133279622206152,-1.148509388164476,-0.8327370050259718,0.13360000160509566
3084,-0.41490727172805664,-1.0474699205917515,-0.8162693106227946,-0.6939210122918655,-0.7849467965222023,-0.09217671697645045,-0.9864111117226091,-0.6908717343508186,0.10968150856820061
3082,-0.2571606175676651,-0.6738596646948619,-0.6472401280553797,-0.5550783358972704,-0.4895071344662542,-0.06342673288257636,-0.7897821543655307,-0.4965792525613626,0.08329267795476329
3080,-0.10284869618663639,-0.27541628880736696,-0.22109534401439962,-0.2506246938503508,-0.19856290740317634,-0.017621502399507594,-0.340623028841345,-0.20097035164325466,0.03564860556357151
3078,-0.02054617100170473,-0.035604977182048796,-0.0804484040313613,-0.09671804898681324,0.03768583761380262,0.0013727641154844183,-0.19669111419902696,-0.05585001623880971,0.025280963087608188
3076,0.05946255869386204,0.17898201131976027,0.15643176718163002,0.07383888164581229,0.0336557971672691,0.006387238039086984,0.04534529582114657,0.07915764998122389,0.021070292636769457
3074,0.07598015666327372,0.27325300559183446,0.17831597329076698,0.08835499919468433,-0.015366953363124424,0.005278666330117242,0.024334907177957943,0.09002153641221576,0.0338516821801925
3072,0.18144086105228344,0.5292514172665567,0.39404297834674507,0.3127010129542158,0.16926881402643953,0.03215730389164845,0.25752645712244177,0.2680555492371901,0.0533032259812721
3070,0.09972899741458054,0.2359238682601128,0.21797779091374397,0.1522952670377404,-0.06714207045235235,0.018409948974589294,0.0942612280291402,0.10735071859679354,0.03519766522963219
3068,0.08894906962547482,0.20327662874510224,0.13131551295784538,0.08986267349574734,-0.20081507522867492,0.022900369382875218,0.05791209675572064,0.056200182247727236,0.0415434578241498
3066,0.06911881271204609,0.014962454673436305,0.08244649328669151,-0.03586265791577457,-0.19984486910205038,0.03212377617271651,-0.07668534061866239,-0.01624876154165671,0.032206707990001644
3064,0.10392646568911439,0.10317196890383964,0.14354490017884955,-0.013657683132423288,-0.08831275115597205,0.047349388699710594,-0.06475606281497909,0.03303803233830568,0.029529255876524083
3062,0.046761088562343546,-0.0469269701497435,0.08210385212776114,-0.07403592094098801,-0.13446446588451286,0.04615132078746259,-0.15307543980880825,-0.03335521932949791,0.030608656784312214
3060,0.05917757813986001,0.04603291405044889,0.2375995717807764,0.05951433596169823,-0.035050304586554,0.05915590706125227,-0.023283037444921124,0.057592423566080096,0.02917568761732634
3058,0.09676293691077831,0.16395086158261668,0.33103378136008965,0.1694058848918016,0.08207835131864888,0.06860785465472632,0.029623339457517793,0.13449471573945418,0.03279381066225063
3056,0.06276435571651602,0.006621625897955756,0.2793673088586688,0.08618981881815106,-0.07162653042353888,0.05812477650923858,0.05818277199256927,0.0685177324813658,0.03497175268690552
3054,0.11318178718987176,0.17674498552470838,0.3620111635888296,0.21363554204075938,0.04927664145689711,0.05486309033200424,0.21344597730585926,0.16902274106270426,0.03579646245821722
3052,0.1720694738741295,0.28434386146414475,0.3924853908693823,0.20379645331844337,0.10150209122246547,0.03915343236066992,0.3566184330144192,0.22142416230337922,0.042646568027691956
3050,0.14970726943990553,0.22699479283549756,0.3191362482911831,0.12015178049288838,0.045840783747813724,0.02817656856737782,0.32850836145751067,0.1740736864045967,0.039849000649664346
3048,0.14206064720468545,0.1900518380637894,0.200082886552889,0.12754652234839187,0.052484120261313875,0.013511894448597657,0.18662958303237973,0.13033821313029242,0.023699612832203495
3046,0.11325451528032904,0.17131400489188547,0.22807830057300182,0.13932128327526688,-0.03188720978805999,0.02472221117938642,0.22216222873133534,0.12385219059187784,0.03196361955883461
3044,0.1275233219317911,0.25512690968488794,0.2923567562310362,0.24222366706475662,0.009808065192502605,0.037181308218004874,0.20335332017779867,0.16679619264296827,0.036248435180939044
3042,0.154161712409798,0.3495992007709319,0.31165776602906337,0.2848202924350586,0.07891837413843467,0.05286868188123892,0.3907006761197873,0.2318181005406161,0.04426611900018787
3040,0.1316987635942957,0.3157937050437571,0.2567437206869991,0.2902781904959594,0.048817725545977506,0.04665925169720706,0.3227327220561005,0.20181772558861377,0.04027869427882189
3038,0.24578135450667077,0.5712058912107012,0.4319919218230903,0.39182077364961804,0.3319218911503793,0.06223671191063381,0.5302008618332339,0.3664513437263325,0.05700525921099143
3036,0.30936327155407956,0.7022671169564519,0.5070001378339468,0.4360395596985558,0.5229044147157513,0.08068789442384104,0.5715867381454538,0.4471213047611543,0.06591297143515364
3034,0.23209744317343153,0.6571200631590232,0.41412717947521066,0.4262828813114428,0.532810082754031,0.06759570424172572,0.4323855323386304,0.3946312694933565,0.06326962658105273
3032,0.268734724876965,0.7898089581710055,0.4690878051633465,0.476363412809028,0.6511513052581266,0.06836937774093083,0.5174621018199431,0.4629968122627637,0.07778852933612118
3030,0.18528095599608924,0.5213323351881182,0.16966474103955276,0.22928867908286715,0.3960774700793608,0.03234747182209682,0.19483020496037903,0.2469745511669234,0.052844682562783234
3028,0.035915763175896176,0.1852112654068837,-0.05749939689686164,0.06270759003805547,0.060047053035809685,0.01038925115620756,0.09177010083981434,0.05550594667940075,0.024422085686129417
3026,-0.004604524351780126,0.01740021958339466,-0.11945932889424792,-0.0901728028640462,-0.10957045680617025,-0.020545676365926118,-0.04648445852274183,-0.05334814688878826,0.01762307547405801
3024,-0.0897364767002954,-0.23272734234421114,-0.2659281163572971,-0.19205328235580799,-0.2997002866413725,-0.051896881223688934,-0.12491863719452737,-0.17956586040245723,0.030539144644866213
3022,-0.13090093778417997,-0.5022514622640953,-0.45683944092427947,-0.3094599949485602,-0.45833049087705513,-0.07642468964641683,-0.3888580931074066,-0.3318664442217134,0.055102207167438876
3020,-0.17848860743525452,-0.5300474938667186,-0.3952311310391524,-0.33070459749068293,-0.4354492169459637,-0.08691762871986161,-0.5291815707768559,-0.3551457494677842,0.055530881449984616
3018,-0.17848860743525452,-0.5300474938667186,-0.3952311310391524,-0.33070459749068293,-0.4354492169459637,-0.08691762871986161,-0.5291815707768559,-0.3551457494677842,0.055530881449984616
3016,-0.014376770446240656,-0.2661635084826885,-0.15366021320466133,-0.1337006279210535,-0.12219917026774013,-0.039684583694269575,-0.3162507816868864,-0.1494336651005057,0.03604217327905891
3014,0.06266626020328683,-0.16986693386661486,-0.026307833719855428,-0.13827507006550127,-0.10996172200134487,-0.029298354512114516,-0.4089201633162326,-0.11713768818262525,0.049409177213919686
3012,0.12923584153971976,0.024856951010095937,0.2130492323717115,-0.02356528080333221,-0.011213909130730438,0.011226752495668941,-0.16309552342062358,0.025784866294644274,0.03906564868592605
3010,0.18477096606351817,0.20402296216396693,0.3146536893750524,-0.0032515147052955035,0.0785314610817076,0.023012256330800628,-0.03032678948075476,0.11020186154699936,0.04170228497459276
3008,0.2063167382611325,0.32531552443297235,0.34093513513874496,0.10041464994434285,0.14032061450735828,0.01716207898070027,-0.07054776195829444,0.15141671132956527,0.04985495219317521
3006,0.14140085208960415,0.31701457048285786,0.2996092894360699,0.2207446812296636,0.13172849719437693,0.017832399826282052,0.10677740808287833,0.17644395690596185,0.03538837993072371
3004,0.01411210810135992,0.11819054624403137,0.13455122154322766,0.14678327884606648,-0.00018577673535545298,-0.019584583738304944,0.04996102659923648,0.06340397440860877,0.022581900859703557
3002,-0.0738574691626277,-0.04830533827174858,0.013413577322101656,0.04750961947665724,-0.09453421853178665,-0.03511296210618686,-0.1371127087147869,-0.046857071426911104,0.020626723706973854
3000,-0.06724222974467352,0.11159748126622232,0.11584680990805468,0.1221271740297061,-0.059095335919964895,-0.0328884562477614,-0.03414351984314864,0.02231456049263351,0.029144087015953245
2998,-0.037360765133646515,0.1803821207365576,0.23278842791269203,0.17197143017205055,0.0392791948318676,-0.01875967379228901,0.09479804232184973,0.09472839672129742,0.03426924030381851
2996,-0.05952347853737181,0.18208453684774561,0.34436191763813007,0.1515036951183735,0.07919252952124181,-0.0136911955106521,0.05217254098257354,0.10515722086572007,0.04432246183769649
2994,-0.03298872836379212,0.1464623458653658,0.3836636270985491,0.18952857447583443,0.1340956829996418,-0.014482575275767814,0.22502404229900128,0.1473289955855475,0.046779253733687486
2992,-0.07849478630035091,0.023085800034093773,0.16465301104606542,0.08665889444533864,0.07119703774597332,-0.035317184710781456,0.07235811286523297,0.04344869787508167,0.026609697634915084
2990,0.008811182308397225,0.09325969065424423,0.22004624833638242,0.10045617601746491,0.14709005675074774,-0.03334850003801302,0.10326118759089141,0.0913680059457307,0.027470924265639858
2988,-0.043800022120965766,-0.10390041520596316,0.05382184263176972,0.04830025404701315,0.12794377029889706,-0.05088092496724847,-0.0024052796563785437,0.004154175003874859,0.02563023659642168
2986,-0.0569652257453351,-0.1885103992920665,0.03834034205620902,0.07260176669289942,-0.008173794303188398,-0.05702273599241535,0.005312547140413528,-0.0277739284919262,0.02786097331418118
2984,-0.013791323174524927,-0.01679230854754392,0.10142520469498278,0.15664176729560914,0.06466168356314925,-0.034368557497940315,-0.03502991143179494,0.031820936414562434,0.024927508983444344
2982,-0.03878466831581585,-0.04136945700115492,0.0742115297511344,0.12333250570735604,-0.057583953389237934,-0.04519229039873379,-0.16085701343943395,-0.020891906726555144,0.03050523133894147
2980,-0.14426785692178756,-0.10974540010063286,-0.05501695712559589,0.08419263325824428,-0.1721704862051087,-0.058951216578988476,-0.2293571386087742,-0.09790234604037762,0.033166534934638156
2978,-0.2550550758230553,-0.31634007259503355,-0.3552431008219468,-0.15649552741235254,-0.3547820474533972,-0.09741986659011796,-0.3794997100562616,-0.2735479143931664,0.03570573565036447
2976,-0.28383127078477516,-0.44487286662045394,-0.4290475584888222,-0.3090587018737015,-0.4382408667223412,-0.11165558943731091,-0.4132185813250121,-0.34713220503605957,0.0400529550892799
2974,-0.3390681368969201,-0.6793834676155077,-0.7676604006049383,-0.4947890690468788,-0.562063160348706,-0.12656307602431557,-0.5489753033403156,-0.5026432305539403,0.07012786569046875
2972,-0.1910777381811864,-0.4641970413708332,-0.44836771679968523,-0.3802007487866924,-0.2794610554762077,-0.08980640856845473,-0.31388501911711947,-0.30957081832859706,0.044606343827646375
2970,-0.1575259368176357,-0.3534850261812595,-0.2816052441680502,-0.248034706026121,-0.21356079842196157,-0.062160190619479104,-0.20231162398172536,-0.21695478945946176,0.030327158347950717
2968,-0.1808132531838089,-0.5061645058667771,-0.40165624771666586,-0.3826304591768416,-0.25443148029910045,-0.0742247767709641,-0.3632095954641958,-0.3090186169254791,0.04824567260227794
2966,-0.13239762624158483,-0.44883179565458825,-0.3322583311682094,-0.34234945579556947,-0.2707779607932371,-0.08270063105075622,-0.3147003132694373,-0.2748594448533404,0.04160619917815915
2964,-0.14667443489995577,-0.4916750887657481,-0.34727570853980516,-0.2816145145650694,-0.3858659223551428,-0.08087328788733343,-0.41029371951806193,-0.30632466807587383,0.048198854169781036
2962,-0.1931951814712137,-0.6400333487150733,-0.6339491631032234,-0.46501639824122665,-0.5362492722551291,-0.10601862426340058,-0.6591146584186084,-0.46193952092398216,0.0737536166583469
2960,-0.25647890115920163,-0.6018277449282631,-0.6445705679893445,-0.45095286734195766,-0.6919441753430609,-0.10140638676436889,-0.6080957419045407,-0.4793251979186767,0.07287338308168075
2958,-0.28707128996862397,-0.5343767438104139,-0.5293158697782859,-0.339856037795393,-0.6512913777683795,-0.08950634352876458,-0.6034453273987014,-0.4335518557212232,0.0660375261994259
2956,-0.1914290287759909,-0.1809606445605401,-0.15607876747343663,-0.10076925969135146,-0.35199512390411813,-0.05241948260720913,-0.2527224108312241,-0.18376781683483862,0.03219071685960787
2954,-0.10592601863676726,0.017691484080633074,0.032191071159972405,-0.022640535944227935,-0.1750228982008155,-0.03756209341321896,-0.18603810556593153,-0.06818672807433654,0.029029007119681427
2952,-0.06781169526269325,0.1792289927874777,0.2849399941815002,0.16190350725082325,-0.01876354167213088,-0.02192890220135487,0.0401672426528975,0.07967651396235995,0.04270599872218124
2950,0.039208206337357686,0.33733430626749744,0.4339793047133837,0.23732629623618437,0.136223515510492,0.00018898353621782195,0.2424100149949491,0.20381008965658315,0.051155078329065455
2948,0.04968223546513139,0.22236952708183033,0.3150052188238413,0.12819742537242754,0.07388296121321736,-0.00209355022373653,0.25745181628753866,0.14921366200289285,0.03860766323253798
2946,0.004733851879744218,0.03412698086779877,0.11673683090550578,0.02015791753482071,-0.07752709450771833,-0.015320361457573496,0.13087589621688778,0.030540574491352206,0.023929012106762144
2944,0.004733851879744218,0.03412698086779877,0.11673683090550578,0.02015791753482071,-0.07752709450771833,-0.015320361457573496,0.13087589621688778,0.030540574491352206,0.023929012106762144
2942,0.00023583445497627647,0.025248677302583792,0.11193100040338745,-0.004860143838273554,-0.049357687338463234,-0.01258782776659628,0.0833259668157272,0.021990831433334523,0.018584938196986537
2940,-0.10247969557527556,-0.2810676230425734,-0.16459913523668762,-0.2032794572533091,-0.3300760083560676,-0.034016790156136935,-0.11595700072223097,-0.17592510147746876,0.03402267096105651
2938,-0.10079533196878736,-0.1889260493949126,-0.2925288790217681,-0.22528095783027172,-0.20844537694663764,-0.04628586398836319,-0.29933832229799745,-0.19451439734981973,0.030624960130158866
2936,-0.1389017288579384,-0.14333566142435433,-0.1818416641216518,-0.23340904660083656,-0.2708167513173327,-0.050009968573185355,-0.22434124658275598,-0.17752229535400788,0.024259579549745905
2934,-0.1301464126993013,-0.07046193778421869,-0.13371217924626913,-0.2143668547116102,-0.2069061356534615,-0.033889893458878474,-0.28312476277329546,-0.15322973947529067,0.02850372858442582
2932,-0.061696943885736336,0.08931556649302756,0.08770601788397225,-0.16916594247793967,-0.13010621545020032,-0.020959642515785127,-0.20600072686936235,-0.05870112668886057,0.038678095137115134
2930,-0.08833161955675843,0.026691905047457297,0.17030652084139625,-0.15489211735857328,-0.20249046137889132,-0.022566812799531828,-0.16887198080867702,-0.06287922371622548,0.043066316871075004
2928,-0.0625805242732555,0.08241960352247865,0.2435591071686516,-0.16563635780119718,-0.15474728044943278,-0.011489995606087874,-0.07152269112578645,-0.019999734080661365,0.047029638333918294
2926,-0.13171805476291953,-0.10123145663227467,0.026158058474122295,-0.36659540001756213,-0.33304887326459476,-0.02737516734993723,-0.25724609766542367,-0.17015099874551282,0.04961653940386658
2924,-0.06068155870747758,0.051320876646216956,0.18335621853066317,-0.30967286117684273,-0.15640955283943764,-0.012560299969704116,-0.09673076944909689,-0.057339706709382675,0.05119928241764367
2922,0.041503167139835026,0.3937353105393405,0.4270018102808145,-0.14869078134630964,0.06874633357977981,0.010023954226207714,0.16500994784639317,0.13676139175229446,0.06844165595309547
2920,0.05078664104954718,0.4442545746220661,0.41438035417239943,-0.04868241977010379,0.1583996103696275,0.021206075860547475,0.15370627035838605,0.17057872952321,0.0626082629339992
2918,0.07740240522211231,0.47133979220387806,0.4358111293806334,-0.058900580260006795,0.1870527131911959,0.027874393008185436,0.2827662099936693,0.20333515181995251,0.06652860447479879
2916,0.1371409487855245,0.557027489418393,0.4583255230741497,0.04074446910948328,0.32550085676665186,0.04010630189895041,0.3242833865590667,0.26901842508745993,0.06640410747515771
2914,0.0905008497143231,0.5373618260285626,0.427747218569324,0.17396195291381494,0.3465178318598413,0.03605720385856703,0.34693202119713124,0.27986841487736636,0.06030144950346045
2912,0.1257899509489419,0.5702644767462246,0.4984042039545685,0.2580656250715416,0.38154677853664537,0.04491634875242858,0.4296290080967756,0.3298023417295895,0.06364223629629734
2910,0.03150467636895573,0.2921430269285459,0.28939464252701413,0.15524979433488084,0.1838047870545484,0.029869347086320334,0.26997311150883185,0.1788484836870139,0.03728420010486284
2908,-0.00020315582222275806,0.16977210013121444,0.1632595425748085,0.09812893682256708,0.12013983524626684,0.01054242218500957,0.24666740598582648,0.11547244101763858,0.029019055670127518
2906,-0.03098587347052552,0.10871295507122462,0.09501843821251194,0.09961141855558148,0.11289109781421723,0.004201167908227753,0.20063960266570055,0.08429840096527687,0.025001545080923802
2904,-0.11520452233970566,-0.05124271173146251,-0.06750850811354926,-0.08320955818329234,-0.049277604720441306,-0.02156837381648626,0.05295307661560079,-0.04786545746990522,0.01744323343090158
2902,-0.17836918806638088,-0.18799427985853476,-0.1950069471679789,-0.16244055468040752,-0.22103434132227304,-0.01983609406207195,0.019545999339756735,-0.13501934368827004,0.030935472684272387
2900,-0.20091065006253253,-0.23273458070253258,-0.2959513833764141,-0.247738386301529,-0.2080170507123262,-0.041242966312506554,-0.11578519384580481,-0.19176860161623507,0.028171640547381124
2898,-0.13053206440487963,-0.19909612188586956,-0.3183942602941507,-0.25634756398276776,-0.20536709702986436,-0.03318305225617312,-0.14255819611741374,-0.1836397651387313,0.030267120165480974
2896,-0.15203274184487545,-0.24313484235427416,-0.44705801227509007,-0.2943804811670268,-0.18373113311063394,-0.03954309971228222,-0.33486000910517716,-0.24210575993848,0.04348539552255347
2894,-0.15614707045840048,-0.3592698431090402,-0.5280946401871561,-0.371175090395126,-0.2881739091882884,-0.04554194474749061,-0.4791593299524216,-0.318223118291132,0.05605512075957368
2892,-0.12229639534783196,-0.27666797543118943,-0.402057604462804,-0.17327055759248694,-0.18000744587463235,-0.025592002127938225,-0.35295612931827675,-0.2189783014507371,0.04333214024952707
2890,-0.17470478043698986,-0.3453893990349914,-0.4534023628751436,-0.20585763916719707,-0.3246509084743678,-0.03481103630450333,-0.3913913066752256,-0.2757439189954884,0.04730616107929617
2888,-0.22290080923316982,-0.43866643319342474,-0.4521684344719627,-0.20065563111155899,-0.3520981081457859,-0.03622823159887306,-0.371408114509951,-0.2963036803235323,0.04918812992564814
2886,-0.19802104738699117,-0.4823531484886586,-0.4563098260979567,-0.3083148108880774,-0.3545381886236629,-0.031622920204219675,-0.36555616417887676,-0.3138165865526347,0.05108051602036775
2884,-0.1692782809248597,-0.47096228632858883,-0.5299444674481649,-0.3030673011837602,-0.324718195446663,-0.037012813836237335,-0.28211204603613144,-0.30244219874348655,0.05497590632297123
2882,-0.14256360685605465,-0.4641844387375714,-0.5355131792843143,-0.34498778327487173,-0.34498698384828314,-0.03341186936389957,-0.261933687621071,-0.30394022128372367,0.05726918470102587
2880,-0.13031400076380334,-0.37430785147672996,-0.5149230269378869,-0.3168846610740236,-0.3370826071835302,-0.03228970041557626,-0.2558890679150896,-0.2802415593952342,0.0522782598181165
2878,-0.06480989040864657,-0.18217797294156812,-0.4214630946342363,-0.2413611608528569,-0.1658563861047556,-0.017808965798318487,-0.12709839980401877,-0.17436798150634295,0.043182676402508016
2876,-0.12321234863967791,-0.29289710095698407,-0.44106598886898446,-0.3215553967063716,-0.3559852683279218,-0.02833038959163296,-0.21166530596061042,-0.25353025700745474,0.046539971252587006
2874,-0.16486959238361962,-0.38224518828859494,-0.50699116459508,-0.3657886693277541,-0.3775659434289783,-0.03242698844435506,-0.20311034630632388,-0.2904282703963866,0.05321050854929409
2872,-0.15393880877931548,-0.28406247257951334,-0.4330762356717623,-0.2949162301292333,-0.31727261819188957,-0.0336740250554479,-0.1874941503526288,-0.24349064867997014,0.042438041506269834
2870,-0.08353213803772128,-0.09311844966313955,-0.1253796221999927,-0.1617881606948104,-0.1710307323693512,-0.007004036833301418,0.04754129763251348,-0.08490169173797188,0.026270157044638115
2868,-0.08353213803772128,-0.09311844966313955,-0.1253796221999927,-0.1617881606948104,-0.1710307323693512,-0.007004036833301418,0.04754129763251348,-0.08490169173797188,0.026270157044638115
2866,-0.10969702885840509,-0.12698369030902773,-0.20689762963336128,-0.1462792199147309,-0.15030927530738952,-0.025048968944706203,-0.011962673894715312,-0.11102549812319086,0.0229282035822247
2864,-0.02443090597192532,0.05212995564122991,-0.038994578533058114,0.00729386175634586,0.09324016845242855,-0.012756444637182706,0.0697052710983982,0.020883903972319484,0.01666395683369911
2862,0.006832389540509959,0.17408788118602628,0.061519571756391535,0.05361598120484229,0.12970695002470406,-0.010722853174836896,0.10768715014626695,0.07467529581198631,0.021758905899002548
2860,-0.024035199384770636,0.07917973844299747,0.06991986578643723,-0.026006427175762334,0.11875215090648475,-0.011934192165136522,0.038241776923537786,0.034873959047683964,0.018711066400668476
2858,-0.019921122555265906,0.09921418883407637,0.1786455818568214,-0.018909883930304353,0.08194612200187072,-0.011724568012504986,0.06367491649836571,0.05327503352757985,0.024477269715577607
2856,-0.10096918707005392,-0.055776302769965556,-0.020863146027998332,-0.15584912798012793,-0.06739842343421582,-0.030763216877114037,-0.1251329677671286,-0.07953605313237203,0.01630911808060207
2854,-0.12588522182942594,-0.08063323654346681,-0.007582377760764686,-0.11950402805603905,-0.06929055757134359,-0.022158175840352064,-0.22059385484491004,-0.09223535034947174,0.023562155274656105
2852,-0.18294087065237108,-0.24880533922561174,-0.31630273233309536,-0.23549399516482522,-0.1888932409631847,-0.04531496450627552,-0.4641485206488189,-0.24027138049916896,0.04224332088451648
2850,-0.12912450307294943,-0.21493322989529923,-0.35387419339862947,-0.3091442984338587,-0.11285183357318473,-0.043717148537789616,-0.5422417642489267,-0.24369813873723395,0.05615952233842824
2848,-0.1478653718906652,-0.25093642585414855,-0.4150588371669039,-0.24361819885797584,-0.13739525435434302,-0.04938658804191512,-0.6081038129581798,-0.2646234984463045,0.062304621757600626
2846,-0.12397109924911434,-0.28047961882938927,-0.4920065173696182,-0.2714382296843914,-0.09583832207510262,-0.04274996140647018,-0.5277185777792227,-0.26202890377047267,0.06248888348706397
2844,-0.016694361523574792,-0.09490935497897458,-0.24536504662508687,-0.14200103519446713,0.10998099624108501,-0.026880273889502232,-0.35936300754637535,-0.11074744050241371,0.051018196732237286
2842,-0.011817266098473595,-0.16512099770534686,-0.2384855707704151,-0.2346371444869552,-0.031163839851879795,-0.019897823051619988,-0.26300389964304355,-0.13773236308681916,0.037100558648454206
2840,-0.052828154520785105,-0.1951338943480456,-0.12696259325400835,-0.1588621939868335,-0.06430647416323719,-0.016999206325772967,-0.1987283060039895,-0.11626011751466746,0.023727274152694065
2838,-0.026716726047737234,-0.10300698676422705,0.0026254301384956956,-0.013328951758635821,0.06050169255966188,0.0020682149620122763,-0.05185684056460812,-0.01853059535357691,0.016614838511801587
2836,-0.018067889738286106,-0.07655493048583295,0.012995576296279693,0.053820081980116896,0.022819468637777632,0.007677594115459408,-0.0375516029931572,-0.004980243169663232,0.014059039404272469
2834,0.040593012049307715,0.12734240955510295,0.18773658552680525,0.1888690947054683,0.1619206584615874,0.02632243944854612,0.06439308714111036,0.11388246955541832,0.022777481204460562
2832,0.060973938093690436,0.2847231458950736,0.2165677012877004,0.27713048277482705,0.3171222558751638,0.024428382217387502,0.08510526654636291,0.18086445324145797,0.03962108226639987
2830,0.06139179423173992,0.24066823263967177,0.2880568425637185,0.31455757458726835,0.27625409353450137,0.029608097798187426,0.09045479788536027,0.18585591903434967,0.039458712261873335
2828,0.1485881076515759,0.38485005576743037,0.2766598950131709,0.3412967618466617,0.37681553304291054,0.04183648596030813,0.19985174932411276,0.2528426555151672,0.04212805062872589
2826,0.0978213363411865,0.24653870408641307,0.1117436772222374,0.20902428744557514,0.2220033654212763,0.0213825623654781,0.056081928734951686,0.13779940880244546,0.028814461924420002
2824,0.1525621631769461,0.2739026271681481,0.06543419506245611,0.2544443474801082,0.32843510982563456,0.018206957458002184,0.0821846295297438,0.16788143281443416,0.038956849356759936
2822,0.11669318598604064,0.18434581338459607,-0.05741766153869944,0.16869265570052946,0.16039690927565214,0.0018860298795103803,0.05722841882338554,0.09026076450157357,0.03027595014078371
2820,0.09748878521076958,0.20433193689753706,0.06693132347434767,0.15865254861585093,0.11970023786092178,0.0027670811361686274,0.20451674406562542,0.12205552246588873,0.024196400727298187
2818,0.1076299555090593,0.12847461784914277,0.035502764331113344,0.19529079855557216,0.09170884141687133,0.006770232732153171,0.251082953014474,0.11663716620119799,0.027953492687986203
2816,0.16755649416203397,0.27754378208884495,0.1841689280677874,0.2690982854546033,0.24669222623819603,0.01888347705779579,0.440649997228175,0.22922759861391948,0.042047343108162
2814,0.22889483205458316,0.456438735442318,0.2140235095096292,0.35538769994543024,0.4144732846261851,0.02176266902308407,0.4388664710550538,0.30426388595089765,0.05169718734393809
2812,0.2709573358680244,0.5290979275598522,0.3522110866643761,0.3773519329491484,0.5144835642126514,0.0334821059003631,0.5058982217671049,0.3690688821316458,0.057952281389344065
2810,0.18595742789138725,0.3937528205253173,0.20179793214231284,0.29480713352022153,0.40898573738385274,0.029223817196075794,0.43956068606708365,0.2791550792466073,0.04875213434473882
2808,0.17741272460222268,0.3433001897759843,0.11973602937948413,0.2733401665741806,0.3617205378797614,0.009285202127328277,0.2697977965644256,0.22208466384334097,0.04158671806300326
2806,0.03582495558407427,0.1651424981800194,0.0020308942353955252,0.14814957046204533,0.01630679915757297,0.007246124424578754,0.22875138799509093,0.08620746143411104,0.030216901191471607
2804,0.10738800603556133,0.2552434992362223,0.06461484957246837,0.14307467349555505,0.1192825819016242,0.021738994328761464,0.28896273325861715,0.14290076254697284,0.03178691683922909
2802,-0.015773057097124343,0.04449533327342113,-0.0997379190163538,0.038135558256058834,-0.04984764342083493,0.012757897958499173,0.12362115316242792,0.007664474730870569,0.023584623138344644
2800,0.07704916105910468,0.29670488834793324,0.052527281474933504,0.15938265950271108,0.17741437386808756,0.03562749062882588,0.15079100463816472,0.13564240850282297,0.029527038387040936
2798,0.14157134333343313,0.4836843744535979,0.29057971501108354,0.26575599099905095,0.25848716022295787,0.04981986966796891,0.3140771135374448,0.2577107953179339,0.04474010732027662
2796,0.14775228795670975,0.5721544904213091,0.13707058589426407,0.2066376545661344,0.45589066833024433,0.0538241063340227,0.18441633739566615,0.2511065901283358,0.06182348858100333
2794,0.14775228795670975,0.5721544904213091,0.13707058589426407,0.2066376545661344,0.45589066833024433,0.0538241063340227,0.18441633739566615,0.2511065901283358,0.06182348858100333
2792,0.20183401863736528,0.6227340606782148,0.31962289280028,0.30893135975422537,0.5713124954587738,0.07464100194038327,0.22038713511537353,0.3313518520549451,0.06520755967764487
2790,0.1923743224918083,0.5768296314849651,0.28088217440564844,0.2875008913995908,0.59964556609777,0.07103511083627785,0.19202421786485319,0.31432741636870193,0.06562527300070427
2788,0.280811463497317,0.6805772979232201,0.43864152737986223,0.3824520441754338,0.6994980588359273,0.09428926737980334,0.30507763920021075,0.4116210426273964,0.07145848934604487
2786,0.23287928020561585,0.5466039931327107,0.26446816855791405,0.2916072375866694,0.5237792868353142,0.07310431090371652,0.30513976779089924,0.3196545778589771,0.054368582233004586
2784,0.16369389991275737,0.2811831227527547,0.09562406981269653,0.13806091489152453,0.26717240873170583,0.06468135074793888,0.2883129645238753,0.18553267591046474,0.03041291494902434
2782,0.11909079162772448,0.1287422144430349,0.004470274062969683,0.08706150614988832,0.09289916108259523,0.03804263109768047,0.2589195941232836,0.10417516751245381,0.02656073131301942
2780,0.10343413990583848,0.14569600041084418,0.027205570565129747,0.03910509105714064,0.006149939108814046,0.034190365039690036,0.1969515527343237,0.07896180840311155,0.023355652299650448
2778,0.10843856741960012,0.1771186046599892,0.04105532432665609,-0.02813706842656285,0.015101036646575626,0.025002158074091868,0.06353243639276854,0.05744443701330266,0.022118848450578907
2776,0.035419077594344275,0.01319090092067329,-0.10645774455915338,-0.07202068709404716,-0.0917976366897375,0.007434797856518654,-0.13934285599916232,-0.05051059256722345,0.02235589398929807
2774,0.12977376435316576,0.24430139773706624,0.06788834619002465,0.046603493932751164,0.13012056340770484,0.04031932773866842,0.12835600585863502,0.11248041417400231,0.023058343890849077
2772,0.12433569842816218,0.2469992489701473,0.012816140511539311,0.1972122957342916,0.19632383127203137,0.02540832466585466,0.09180715110201883,0.12784324152629217,0.029500260227457317
2770,0.2093508439431221,0.5182284894326928,0.10632800650309573,0.35174020023865804,0.47392700776865077,0.039662208799398656,0.2603542021671112,0.27994156555038996,0.05867717458629126
2768,0.08028561708287502,0.15408265469170015,-0.0740450802794079,0.17077661642701397,0.12320925536864062,0.019260288222134363,0.018694890665166032,0.0703234631683032,0.02869725701272759
2766,0.10422960242972286,0.029684811391702058,-0.040731165083813886,0.1738023315861851,0.0954166385515673,0.008305671446435198,0.000393719189847597,0.053014515644520886,0.02431599207245582
2764,0.056806647923366836,-0.05267695733430708,-0.0061275771036865285,0.11672885925916819,0.09808369599558588,0.004015746029475095,0.03627698840730386,0.03615820045384375,0.019578450330477726
2762,0.12165005189146956,0.016480120086803888,0.07571652732813595,0.24725211592644927,0.1598827021628033,0.027518024767416025,0.11302124406450478,0.10878868374679754,0.026112944447545826
2760,0.10250842062300466,0.07528015276625503,0.2164987669279896,0.22918722673294784,0.13042927974494653,0.038079281471546746,0.23490467312310553,0.14669825734139944,0.026245054594096137
2758,0.2433075116455696,0.313088114343167,0.477554771227887,0.5074581747375462,0.4572990479659391,0.08028269999655344,0.5065550829292561,0.3693636289779883,0.05344463449363035
2756,0.2420683556430102,0.43590999067030495,0.3911157907022915,0.4359728290996825,0.6173851577533078,0.08314995182835203,0.3653303030168623,0.36727605410197306,0.054928712991130973
2754,0.2938137224241138,0.6188913693694124,0.5721746276574479,0.5291104212393413,0.8232378158202163,0.11061455157050547,0.6379340937999386,0.5122538002687108,0.07754986531528466
2752,0.2581660956205884,0.6434474960464047,0.6017275135254722,0.5345226099576539,0.754925444163438,0.088799587670161,0.5573904830903885,0.49128274715344383,0.07646610059913868
2750,0.2555522016297536,0.64011772535722,0.6808007947576192,0.5248114171399167,0.7371822233291979,0.08281883766740183,0.5738306259690574,0.4993019751214524,0.07888003060946913
2748,0.20801623934683502,0.5853208611681282,0.6111360606562716,0.41046505831998276,0.6100096063818575,0.0637034412777143,0.5096614369691104,0.4283303863028428,0.07064704838092828
2746,0.1581198054419035,0.3859458246288489,0.4823602380314869,0.3104361173980395,0.4283761493573724,0.043913268795694516,0.4085588872587168,0.3168157558445803,0.05222672712274987
2744,0.09682835630351978,0.27605277796977684,0.4301979198798306,0.3074725382938652,0.27651294842226604,0.04740859129011472,0.3973490261915126,0.26168887976441224,0.046754721710607926
2742,0.08134957720039322,0.23847083339738706,0.3315652899524068,0.2721118601267905,0.3044442316757289,0.05647546285930166,0.36593904246002523,0.23576518538171906,0.0396766147503421
2740,0.1745161052929292,0.4685166929231712,0.518412807446502,0.3312754200106416,0.42357894684129876,0.06465370204337431,0.5128100025079853,0.3562519538665575,0.05772845099089036
2738,0.17216728812174037,0.48478131269493846,0.3877182207416219,0.35667422641929336,0.3993320346217783,0.058159230910626414,0.30021646740169095,0.3084355401302415,0.04804156294491845
2736,0.20842033695152332,0.5017911921581784,0.40029625015341375,0.3053747703209313,0.5063359575425774,0.06263183330141112,0.27887702801010783,0.3233896240625919,0.052564514468540706
2734,0.15724016738974914,0.44772495219873576,0.3699616182478399,0.2001659436512376,0.28503930581169307,0.03720727386766631,0.20383014685792694,0.24302420114640697,0.04489537171717823
2732,0.10009765818940228,0.20623746090735937,0.16500712168521273,0.15602020869939023,0.16558066860456847,0.02521571339868477,0.11689876683727618,0.13357965690312773,0.01933562853316942
2730,-0.014727798228797464,-0.03879700974118597,-0.042437976355106474,-0.027418421018598947,-0.08308920749603324,-0.008150893204071218,-0.11390183763363902,-0.04693187766820462,0.012536049262466464
2728,-0.04735775700853154,-0.11013144499089757,-0.10253221686320482,-0.09680449756079693,-0.08599527457700079,-0.0065267156368023944,-0.1325549304183807,-0.08312897672223067,0.013945855769563904
2726,-0.11136044114630822,-0.32378706380567945,-0.17680540536752867,-0.19448638494570908,-0.3562830308647225,-0.0305648043785927,-0.26332299857656527,-0.20808716129787228,0.03789865618749172
2724,-0.22987681097687043,-0.699799774266907,-0.4935021453014647,-0.4590990513823999,-0.659406830391973,-0.05748510547159546,-0.5528799155047972,-0.4502928047565725,0.07575008426029642
2722,-0.1570996425541676,-0.48754183249933064,-0.42452057132302456,-0.4059689738843697,-0.4859377535734124,-0.05582250602590744,-0.4705304085691762,-0.3553459554899127,0.05734624484757322
2720,-0.20043901241276815,-0.4542728425435846,-0.3303553125240963,-0.3623677943087278,-0.5543026681069055,-0.049268886565784785,-0.5188771325459735,-0.35284052128683435,0.05892216105257957
2718,-0.20043901241276815,-0.4542728425435846,-0.3303553125240963,-0.3623677943087278,-0.5543026681069055,-0.049268886565784785,-0.5188771325459735,-0.35284052128683435,0.05892216105257957
2716,-0.18224333681984986,-0.5345951271752808,-0.35380027975756134,-0.3877750006183125,-0.5908726643682295,-0.04483100527356412,-0.3946491008083147,-0.35553807354587325,0.06219003968125404
2714,-0.2812376305202687,-0.8003610497549534,-0.5866745409987176,-0.6190926021016111,-0.7965909606060352,-0.06154776512419303,-0.5319314311642278,-0.5253479971814295,0.0882870509224014
2712,-0.18958724810168043,-0.5905397581773372,-0.5106679844824402,-0.42697217763011397,-0.6244151560903998,-0.040969888090655944,-0.4168558967287299,-0.4000011584716225,0.06983433605288761
2710,0.012040469083458231,-0.10277664773965241,-0.05728074355079005,-0.09276277334912755,-0.08521367421398537,0.0010629158370901396,-0.11923517095546958,-0.06345223212692523,0.016845014968499744
2708,0.023422896417901733,-0.04020422091521921,0.0035008333695178617,-0.0391398966308015,-0.017800933373748492,-0.007832437440946543,-0.025657486790031943,-0.014815892194761157,0.007570090466399665
2706,0.108867147333523,0.20785105721247246,0.15847646501282367,0.1403410823725147,0.2948906839194918,0.015824395858026023,0.18163424938095524,0.15826929729854383,0.028259720628695483
2704,0.17064843962513102,0.4986846598594805,0.31116560219313444,0.19318571342850568,0.4810821414195577,0.018117712633199445,0.20345142790207696,0.26804795672301224,0.05703458284897387
2702,0.11466334708850265,0.38310851785383443,0.12961081848104178,0.03878923678902835,0.3810127927765336,-0.0026128781336154723,0.05487283411696681,0.1570635241388989,0.052394338875413074
2700,0.09122150737373029,0.2673657210570666,0.19542833507677115,0.08913571990688875,0.29541690615351085,-0.0009654002749830779,0.20906999957350814,0.16381039840949896,0.035124427216788164
2698,0.2143830336139264,0.6412346475035847,0.6206806056408711,0.3327747090478371,0.5503999121120733,0.049691363179643004,0.4434605751735318,0.40751783518163825,0.07229607454322252
2696,0.2550531410597928,0.548317442979702,0.527917359185918,0.3456211950748849,0.6165703822242081,0.05776679705653508,0.4649848692090125,0.40231874097000764,0.06416207908448468
2694,0.4038202336428576,0.9075861125499239,0.9650726227988183,0.6271932584816189,0.8834047139621867,0.1085060608294219,0.7050622990560853,0.6572350430458446,0.10151573332834275
2692,0.34592689244686947,0.6988372223457466,0.6810970568384882,0.4454967602903124,0.5719531557984903,0.0763229307267041,0.5510787583259266,0.4815303966817911,0.07120671392878801
2690,0.3340395013668554,0.6211823411322601,0.5208768380652996,0.4063127451866789,0.6192503493902766,0.07445432994830703,0.4217246966943914,0.42826297168343835,0.06222863497477218
2688,0.23561796929772139,0.46057557428663737,0.3280211866478131,0.19897341709276353,0.3461336096448273,0.04345868431944303,0.20438341421825937,0.25959483650106646,0.04362530509406157
2686,0.19454907082196787,0.2311425848532208,0.13035561478526378,0.0028335091736387385,0.21661602433592067,0.03217601193532626,0.08070436457599728,0.12691102578304791,0.0298816067166506
2684,0.18667503792933593,0.33603325822530855,0.23477366269508715,0.07674056455231633,0.16242364393562414,0.02685636545813663,0.09375684026578537,0.159608481865942,0.03441933752299583
2682,0.13350298894469628,0.2219788261452948,0.056951843271918566,-0.0731247677729497,0.1579389088115001,0.028732967226896212,0.12811196342782202,0.09344181857931119,0.03183431849537153
2680,0.22794409895424148,0.3679975996912559,0.31323939591512695,0.05684014273590216,0.23992288436261502,0.04932677689986618,0.3166456995676615,0.2245595140180956,0.04140442084503067
2678,0.19006709366157384,0.13938820584214665,0.28293244011105045,0.03493718615745573,0.17739315756013765,0.04475534217131109,0.3005983321306028,0.16715310823346832,0.03408904929990718
2676,0.14437892320649093,0.1866999476237351,0.35969184150559297,0.1947504166987973,0.23508145570998695,0.044758828309195954,0.4196349530520127,0.22642805230083027,0.041721993778350855
2674,0.0674356177698057,-0.06909556189334451,0.14719536075107742,0.06246485272623922,0.16129431729482782,0.036452725932972364,0.22838868486191755,0.09059085677764223,0.03188965834960596
2672,0.008401131996271485,-0.03241181490774036,0.21367858013737975,0.1279709757860954,0.08383802124881878,0.019667409074086824,0.3325614636092909,0.1076722524206004,0.042261042786151636
2670,0.022492591562034314,0.11545412827292867,0.16403323559358846,0.15389899852425415,0.1369287663365118,0.02097164084818107,0.33790694565359475,0.1359551866844419,0.034951774868826634
2668,-0.025359162508945616,-0.09699685117908793,0.08333741802340251,0.06038852881823209,-0.0928661632570767,-0.005684454490149468,0.07661914816176096,-8.021949026630615e-05,0.0250607340978369
2666,-0.048633063449589585,-0.21130944662420365,0.0056819093183109685,0.07638251429966267,-0.16749680590286134,-0.021337759512018575,0.0623958777179591,-0.04347382487896291,0.035871133702801726
2664,-0.06538948428971952,-0.2699540218012909,-0.01641685903353388,-0.018795360817030263,-0.2354628786892909,-0.014396709195819321,-0.027100885432314724,-0.09250231417985709,0.03641562678651497
2662,-0.07248188313670044,-0.2807629721824617,0.004928111972155943,-0.03376898369814236,-0.1714309532812918,-0.020085041234605305,-0.15208699830370964,-0.10366981712353648,0.03352411692662354
2660,-0.09125332219364037,-0.3163542045746367,-0.27049313123094987,-0.14474850169355521,-0.19992397774614365,-0.03203095514260506,-0.18820523534181774,-0.17757276113190693,0.03224294093626004
2658,-0.08100222689181791,-0.24223573648326413,-0.24242592769976118,-0.20974942229478052,-0.10227322792951196,-0.03228838567733721,-0.30866813480026595,-0.17409186596810558,0.03344163071498999
2656,-0.12411000645982166,-0.1834111041421146,-0.3639201241116778,-0.28486438834098204,-0.13430801004098225,-0.05104731029125708,-0.4966819475762562,-0.23404898442329883,0.05114989178082878
2654,-0.06652186269090765,-0.010142464372517949,-0.2842599172526361,-0.1560983690821626,0.02901387196651107,-0.0374103463641887,-0.34896921682036053,-0.12491261494518036,0.047150434145989344
2652,-0.11779935829425042,-0.23108072956886813,-0.5073962113799472,-0.3189660932966505,-0.11896987597424122,-0.057893972114029746,-0.6808178090567433,-0.29041772138353295,0.07524798747407707
2650,-0.08999953661317237,-0.09781414153353107,-0.39770396481221854,-0.16117637326692955,-0.0425655193297714,-0.043024856731011474,-0.49722489034046213,-0.18992989751815664,0.05979067373960139
2648,-0.054240544243037814,0.05266967755924013,-0.19807045325914435,-0.008897009622898229,0.055907625714242876,-0.019689254905027376,-0.3422053445323163,-0.07350361475556301,0.04777655400996334
2646,-0.09866945918341259,-0.11100598414223603,-0.38268508593078776,-0.1672400580440816,-0.04668222166954442,-0.032727408829404135,-0.45104644528974663,-0.18429380901274475,0.05434986780993276
2644,-0.09866945918341259,-0.11100598414223603,-0.38268508593078776,-0.1672400580440816,-0.04668222166954442,-0.032727408829404135,-0.45104644528974663,-0.18429380901274475,0.05434986780993276
2642,-0.12131199688828707,-0.09943463902949114,-0.37419568164347616,-0.12729572327174107,-0.09045823057724721,-0.05152392692991104,-0.30523369095855846,-0.16706484132838748,0.03996892576850115
2640,-0.11687589235030359,-0.08245829456414683,-0.19204807902203058,-0.025853821033533765,-0.07362240949564768,-0.0456863264662113,-0.14428061620053526,-0.09726077701891557,0.018953426879204257
2638,-0.12970774648653818,-0.03762273902657002,-0.1305212405286612,-0.03070026486565753,-0.130224496236432,-0.05002932920241715,-0.16313965989622556,-0.09599221089178596,0.017824662113968624
2636,-0.03631889556319977,0.07524578295708191,-0.046893700117440915,0.10746230857730596,-0.01198042564812396,-0.033523778905479466,-0.027091356173867598,0.003842847875182309,0.020100684278879125
2634,0.026359895330684235,0.12685989133174655,-0.09620840214129653,0.09570946958193652,0.14544080821820063,-0.027001729914414938,-0.20878431023628258,0.008910803167224837,0.04228344592145028
2632,-0.06623902664796426,-0.10469205248592464,-0.29527338714196566,-0.12195153978371318,-0.02576100508997662,-0.024557272261074542,-0.2546560829834,-0.12759005234200269,0.03524618650168482
2630,0.03309588816136273,-0.039850748661752526,-0.2060204368731068,-0.06520970265105931,0.1163350273055991,0.006435919490261409,-0.31610988145200536,-0.06733199066867154,0.04839304918524585
2628,0.1886093816778936,0.2736650721860953,0.0970064905860869,0.027518248183685756,0.4351838440962836,0.04420652203965453,0.09718473372485965,0.16619632749922278,0.04782205037078607
2626,0.13638684426757364,0.23613489031410217,0.058052788124085396,0.18602259269581195,0.3633131140567256,0.04995273030338614,0.18673305389670722,0.17379943052262742,0.035419128733434474
2624,0.2450104541289263,0.6240700986863407,0.40607756270169043,0.4192678844366546,0.5615561404815961,0.08296510151771205,0.6121672484299819,0.42158778434041455,0.06587346965610894
2622,0.1028631916973725,0.25949706600561817,0.0821731454545951,0.3854784155118496,0.2676542328379513,0.05309787571494362,0.5095564645255545,0.23718862739255497,0.055671621182011084
2620,0.23594883451036017,0.675080470579255,0.6019479750103984,0.7258863335756714,0.5603752356137147,0.0919946692195846,0.8360378376090208,0.5324673365882865,0.08838332363199293
2618,0.19386112372592537,0.4719597990967864,0.3519071034440196,0.5095912298681047,0.375979574339992,0.05872397034121839,0.5541991280429304,0.35946027555128246,0.05844930784599347
2616,0.37864087339079117,0.9176577836495398,0.7684296157930972,0.8419756962720394,0.753232732728913,0.0978457298230342,0.8100194764177682,0.6525431297250261,0.09794759915119855
2614,0.3408151928051082,0.7492015438253605,0.6718424884383252,0.6635533004974447,0.6096377197117986,0.08925377649622805,0.6519527804111019,0.5394652574550525,0.07753348661129593
2612,0.3987550021402911,0.705992859918603,0.7403740180718908,0.6118076465770157,0.7472214314753065,0.09924357554255064,0.4914966533594633,0.5421273124407315,0.07703636756898483
2610,0.45887492579784545,0.8750116144755613,0.8002418500730107,0.6272447748212646,0.7673692133587265,0.07922920279813869,0.5002530517966663,0.5868892333030306,0.08907737767881571
2608,0.351735306396233,0.5556433664326121,0.4826493360760762,0.39196021061262554,0.4654631075136886,0.04726138983633777,0.25921325787420424,0.36484656782025393,0.05563439244558035
2606,0.22853657908035271,0.36685509329735133,0.3582544391661703,0.2651320225966786,0.3127444522900814,0.01377999047266843,0.1232626885519289,0.23836646649360457,0.042450711875362916
2604,0.29350013547873016,0.5785690609612397,0.4472284957359918,0.4647239923992715,0.4796315289999335,0.015048872258373197,0.2813418635944406,0.36572056420399723,0.06124185122811752
2602,0.21721747902003788,0.5118469931161244,0.31364649708396514,0.42951690061990033,0.45609862042030774,0.02794250374279151,0.3180097535787571,0.3248969639402692,0.0539610224404284
2600,0.22177598390729067,0.5588621051878565,0.5503467054186693,0.4136562733909009,0.5145879896007621,0.04635995811973595,0.37562455463701666,0.3830305100374617,0.062186599641931545
2598,0.18253340374286126,0.45020615473082626,0.47628433107718193,0.34553477114398284,0.470094256798773,0.037242668743655144,0.25085003666155936,0.31610651755697716,0.0547858039791729
2596,0.1607027729882377,0.4416040987678344,0.49715135737945865,0.23564180021467787,0.3789568654194275,0.04221824053792312,0.2762799439809652,0.2903650113269321,0.05262137431620218
2594,0.09017193100558903,0.2515309781247981,0.2954813846317172,0.18496223004531948,0.32031594326288376,0.011498674150578326,0.13625927812134705,0.1843172027631761,0.03693874769552851
2592,0.015223260396347938,0.21324611422811635,0.3874111685282113,0.270438950866592,0.13990477244118563,0.0025830670838121487,0.16369971953501955,0.17035815043989785,0.0447522170940818
2590,-0.15026194431388398,-0.14527042184246214,0.037430424660174766,0.1055501132980478,-0.09631941703530815,-0.016553834064651853,-0.0693904096288165,-0.047830784132414296,0.03121812991230665
2588,-0.274218881433804,-0.366320009404004,-0.2356826662669766,-0.30314948436622624,-0.4335761268602103,-0.05289729172635546,-0.2800634662026638,-0.2779868466086058,0.03898657997575564
2586,-0.31730334750462674,-0.6068811492014112,-0.42739077328228275,-0.4629839340441488,-0.6766123257618202,-0.06707590584471335,-0.3157380409955522,-0.41056935380493653,0.06655109569322971
2584,-0.30610905892455637,-0.6057231096655987,-0.40213158871004046,-0.4131942338467811,-0.6818550112085814,-0.06152600165031987,-0.3042705584999427,-0.3964013660722601,0.06740025803427308
2582,-0.163536090160075,-0.42393523552207485,-0.07701951132984704,-0.3153052632851836,-0.5678334891846699,-0.04869171293035239,-0.24248957131652155,-0.2626872676755321,0.061584624303817434
2580,0.011821004132241636,-0.11676547035029036,0.029882967303341564,-0.03406163858060158,-0.19746911104134912,-0.009876695098857835,0.036678346061838944,-0.039970085367668114,0.028372756073559897
2578,0.06469960814103694,-0.0703835072008603,0.06661574940957632,0.012000759341378623,-0.1404422532483286,0.003602161563903529,0.0544694469125732,-0.0013482907258171842,0.02549956273114548
2576,0.18684555048792828,0.29140912815994136,0.21682847941180747,0.26255293307264227,0.20285471053366952,0.03771088344654037,0.3769960926887176,0.22502825397160667,0.03433380375112586
2574,0.1775540533580809,0.20603850340836516,0.1114034052760304,0.18022013263669956,0.15877698872344223,0.05452538108618433,0.28199900331691474,0.16721678111510246,0.023468727544127196
2572,0.07366076377731787,-0.04323308437575649,-0.16622746688304266,-0.0024097692372179484,0.02411350731588931,0.03908636306052404,-0.002058320579925634,-0.011009715274601645,0.02542402207770119
2570,-0.008244877567371637,-0.14382016603527153,-0.32366498230987983,-0.17244769824915773,-0.10145856917942715,0.028253766144157,-0.2081075608519053,-0.13278429829269375,0.03924024717389175
2568,-0.008244877567371637,-0.14382016603527153,-0.32366498230987983,-0.17244769824915773,-0.10145856917942715,0.028253766144157,-0.2081075608519053,-0.13278429829269375,0.03924024717389175
2566,-0.08988915774503821,-0.25470070765496844,-0.36192582930060263,-0.2544719381384422,-0.2592695805701253,0.01004687933887328,-0.33633650839616286,-0.2209352632094952,0.043804752013573256
2564,-0.15782231531809116,-0.36962786386553886,-0.2574879011706257,-0.3480375303697239,-0.30664608190253173,-0.0014558084021130525,-0.2747157580199544,-0.24511332272122557,0.04181201180666377
2562,-0.09176033020547925,-0.18612220844583907,0.04548323526217931,-0.23096756366886825,-0.05137513486274505,0.01279522101397984,-0.09868674853741684,-0.08580478992059846,0.03259084488007695
2560,-0.09168007731480034,-0.25886349481136395,0.09298103630282564,-0.22569297135444688,-0.036064065796524235,0.0173396906894776,0.07301716774332154,-0.06128038779164437,0.045443081148314045
2558,0.13388304002460763,0.32174801815530024,0.715520905611305,0.22834367867951652,0.4370208451378478,0.07644786443803392,0.6305108397313252,0.36335359882541945,0.07970391718035019
2556,0.3843172261833235,0.9575375039739388,1.3045771432538653,0.7667950197061744,1.1132516243107622,0.11678097249048053,1.1783013697715667,0.8316515513843016,0.14357208859620002
2554,0.31721853608397305,0.7961548108112546,1.1509104459199542,0.6923862898061754,0.9988398918770762,0.09906530416044734,1.0843450954570382,0.7341314820165599,0.13018803922271724
2552,0.20773515054990888,0.43468593984787607,0.6931378399293426,0.3945024610937739,0.712273725224527,0.057348910636218706,0.7747086678004297,0.46777038501172524,0.08937384979577188
2550,0.09739523437063535,0.167669478670062,0.3365910885128687,0.1870600028953273,0.34552969116671495,0.021389683629525213,0.5826850934599674,0.24833146752930016,0.061756212980134874
2548,0.007490830519711943,0.01981929776576865,0.06403721800516769,0.07155305436014174,0.20726332858399946,-0.0027358950826135227,0.44302176754541517,0.1157785145282273,0.052622430377721345
2546,-0.10624892754234845,-0.20930871235600762,-0.07545721552685809,-0.05521755545392079,-0.03952129543676186,-0.01657840437827275,0.25065548753571937,-0.03595380330835002,0.04618633830697445
2544,-0.22437645217091834,-0.324899782620492,-0.16628559394235315,-0.14606500808160103,-0.24691889613042642,-0.017205490372414083,0.11830574490464686,-0.1439207826305083,0.04912800774254936
2542,-0.08787895228665614,0.08631939046518226,0.08163673960967091,-0.027159181388127045,0.018080569658650042,0.009938841034825752,0.034991123953868976,0.016561218721059253,0.019958024867481203
2540,0.044729922758612296,0.38986475997515607,0.23790117406333033,0.03494757935325575,0.4102583494279607,0.037996853997804,0.12457215189666189,0.1828958273532544,0.05393966678456431
2538,-0.024649384752121955,0.3140620804950903,0.12143712830851851,-0.0833727371860203,0.2581932759955527,0.028738606739425528,-0.06671899560976641,0.0782414248558112,0.05176002796712331
2536,-0.11472230273876684,-0.14180930730275645,-0.3792626966943957,-0.4911601895139058,0.014759096073919608,-0.013293960588850927,-0.5250783532433073,-0.23579538771543765,0.07383079043679873
2534,-0.2171220495270004,-0.5705912799465745,-0.8567534421654752,-0.7339487979908244,-0.32255702137116987,-0.04921761369917126,-0.7542811189075237,-0.5006387605153912,0.10056580326530683
2532,-0.158868145083961,-0.666398633200228,-0.9069093766686545,-0.6870340890200815,-0.37993483090524843,-0.057534022531980394,-0.7255045807584766,-0.5117405254526615,0.10391408378267628
2530,-0.1979929374575119,-0.8378075484124083,-1.014916561119385,-0.6563504645978683,-0.5602557609848883,-0.07427858214542116,-0.9077990649245693,-0.607057274234579,0.11694378061888294
2528,-0.09691073361489709,-0.6408941729010699,-0.928812129107281,-0.5192789038123015,-0.3638916036515788,-0.0679009131094475,-0.8125951863823506,-0.49004052036841805,0.1092866619745293
2526,-0.06773041401360093,-0.504302924880528,-0.6383273560051037,-0.34084305465670983,-0.302919220654625,-0.05222958524133691,-0.6753857877448936,-0.36881976331382826,0.08248186724819023
2524,-0.12325042683969456,-0.546060867383151,-0.44984433375580607,-0.17222592953490812,-0.3724940415644906,-0.028087452269199193,-0.501607609416865,-0.3133672372520163,0.06670197123612734
2522,-0.14047937015172107,-0.5813634089172771,-0.4084846348947601,-0.10736003502396357,-0.4306186191335024,0.0017944384413501595,-0.502218272391314,-0.3098185574387412,0.07341780867005486
2520,-0.22422200981946938,-0.70667274334219,-0.41565236945533207,-0.12290611054122706,-0.4911641177523856,-0.013906202239411369,-0.33616362809085226,-0.3300981687486954,0.07667447783989788
2518,-0.09340053987834261,-0.47148663560238924,-0.2451014766833322,-0.10564461950652462,-0.29085944189228297,0.013713781040215289,-0.18400665707504518,-0.1966836556568145,0.05177446586307881
2516,-0.03308710606510283,-0.28073714987084947,-0.08228706858709335,-0.05267244286461882,-0.2050719484958877,0.02493653067460673,0.07689955478599139,-0.07885994720327914,0.04108164541436622
2514,-0.021118513390420122,-0.35396704917309996,-0.14239663302160815,-0.21981494274084118,-0.3654987732287221,0.01905313527292545,0.055854492840945784,-0.14684118334868862,0.05676861578426264
2512,0.014251873097334599,-0.24750704812752522,-0.20432828033681752,-0.4334154379960987,-0.386062574851665,-0.0018053275590872214,-0.22986962817581125,-0.21267663199281003,0.05611372557680096
2510,-0.10023021685732501,-0.46990263472067545,-0.28365118411750934,-0.5118974372949433,-0.5639834616703818,-0.023326250330378426,-0.41177111481771034,-0.33782318568698905,0.06848578313436868
2508,-0.24707489419207115,-0.6456636362098349,-0.5392421639997963,-0.678917664881584,-0.8436329112412375,-0.07160952378514426,-0.7571290076540087,-0.5404671145662395,0.09209803347826113
2506,-0.40244078068447925,-0.9430119225963104,-0.8369615290831229,-0.9233689677262706,-1.120796397702128,-0.1300114466582067,-1.080203383726286,-0.776684918310972,0.12112534646107434
2504,-0.40160613288944275,-0.8273883465740272,-0.7379262394809004,-0.8657083623863093,-0.907396690326709,-0.136250220136765,-1.0507581505470784,-0.7038620203344618,0.10504407467820791
2502,-0.4375531039696737,-0.957119194786895,-1.0735273737092357,-1.1246159814516186,-0.9900707699101264,-0.15679194033233543,-1.3527109788371272,-0.8703413347138589,0.13738271371376368
2500,-0.36344315829186913,-0.8446653505424402,-0.9201630861426923,-1.0208054874097707,-0.8755946766054225,-0.13469464312957924,-1.1610638111993679,-0.7600614590458774,0.12125227092994263
2498,-0.23058941415220602,-0.6226262485897113,-0.6987572135699354,-0.7940299363379761,-0.6584156231910809,-0.08586284245153158,-0.762468637281853,-0.550392845082042,0.090760290902222
2496,0.026441082163236252,-0.0031427471920777925,-0.17809551705245844,-0.3817018046377233,-0.16143846101014114,-0.00877581514041751,-0.3249551648873253,-0.14738120396527246,0.053085174884268914
2494,0.11892289724233918,0.21785538945852972,0.0031587186282924975,-0.13415669518079085,0.0026358657831520036,0.01337718767890668,0.1615023629007973,0.054756532358746654,0.03893506220970626
2492,0.11892289724233918,0.21785538945852972,0.0031587186282924975,-0.13415669518079085,0.0026358657831520036,0.01337718767890668,0.1615023629007973,0.054756532358746654,0.03893506220970626
2490,0.14754585710569243,0.2471263136211126,0.06231761428831625,0.09018818761564774,0.17734475741481984,0.011050557015610151,0.32874055335382163,0.15204483434500296,0.036025486197832975
2488,0.03465980433333745,-0.06110325141138456,-0.2378405014387162,0.01988240233964701,-0.08975510153439,-0.020590388384583318,0.0030267843340805838,-0.05024575025171558,0.030681246964630676
2486,-0.1855999914224542,-0.48506131079958426,-0.554469912825597,-0.18861924514225897,-0.3973235906447073,-0.07887936567083133,-0.3209573350808309,-0.315844393083752,0.05693727318819581
2484,-0.13237293783998746,-0.4922413421107872,-0.3720721109382831,-0.1112377537744363,-0.36691984950287937,-0.05084022053161685,-0.36207112073657294,-0.269679333633509,0.05507420751805388
2482,-0.10566302562642108,-0.5407291938774275,-0.2322890338044614,-0.15413486024527273,-0.4262587764687062,-0.0251621160093754,-0.10928907132706284,-0.22764658247981817,0.06164146021427883
2480,-0.09248876336081353,-0.567618260911214,-0.0922673054310073,-0.19639710315661377,-0.3224385805332487,-0.008813111054339478,-0.005774220954863675,-0.18368533505744294,0.06624161319042644
2478,0.0927401903227661,-0.0864379901010141,0.3261144500087441,-0.0332423973907227,0.10484997756834363,0.041027299642029454,0.3875802614569512,0.11894739878672823,0.05784582201216456
2476,0.12903777372797046,0.014025067834023656,0.14692885803299136,-0.2266030939234939,0.19796380883588988,0.014001567247823367,0.2660394840720414,0.0773419236896066,0.05312969467230673
2474,0.1641259277616593,0.09684152526680875,0.16333022612121473,-0.23944288759800347,0.27938651983981794,0.0011900104426373534,0.08674052795419437,0.07888169282690413,0.053843551959401846
2472,0.05541530152332448,0.04114000402246373,-0.08427140678850453,-0.2701965459561907,0.08934500353535378,-0.05956508571308478,-0.18316828425435946,-0.05875728766157107,0.04346291861597815
2470,-0.00669295407375764,-0.0015130485425598127,-0.042570360383717296,-0.24772897673354607,-0.14834229578048916,-0.07697056076202433,-0.15395988953933384,-0.09682544083077546,0.0296516549859325
2468,-0.010462076931590165,0.03682454902403523,-0.000335889904710424,-0.049132550475578345,-0.1437334973221475,-0.06581504894748677,-0.12329987535827377,-0.050850627130821675,0.021536064863638012
2466,-0.03464276629766538,0.16280559134136013,0.2858084990938204,0.14339523314665062,-0.042293846578977945,-0.04628113049668934,0.1772491734302523,0.09229153623410724,0.04344092072435313
2464,-0.09002436652000201,0.034307529509633325,0.085979093686687,0.1692618652162654,-0.022136267237432308,-0.03529651462542553,0.09998388042122941,0.034582174350136476,0.029485021576510815
2462,-0.08111650313030137,0.12023895638469866,-0.04796617850278644,0.11338995645263737,0.18485292707100215,-0.0054026906742345535,0.0919387587187399,0.053705032331393676,0.03236462073033468
2460,0.029602675781925276,0.35614022279971974,0.22008272378358698,0.3393506164986148,0.39665324816108266,0.05161218015865804,0.5327899520467213,0.27517594560432984,0.06052118358181224
2458,0.12140317792988212,0.4181923103988544,0.03945254965583986,0.21225570157841467,0.4292590962137967,0.06129750656905535,0.28339214485555647,0.2236074981716285,0.05253607565024377
2456,0.005710059824111348,0.11303633424593287,-0.27761227174021247,0.09127077036843131,0.03848190942426607,0.03542881410579813,-0.007190432995714942,-0.0001249738239125246,0.042467717951133084
2454,0.0183782823936101,0.03994873788886304,-0.4564790650968399,-0.1280759667176943,-0.11774291893488906,0.034429625283377466,-0.13923876993486387,-0.10696858215977664,0.05685987462449349
2452,0.04598027339159814,-0.11100413126345098,-0.39241421099985047,-0.21413445014493596,-0.19278030695514956,0.008118862393835549,-0.10315033578618608,-0.13705489990916278,0.048303433358737005
2450,0.016752481639005595,-0.19122801162459882,-0.27625752962409517,-0.2648582241967545,-0.3009845884446156,-0.0031886556357151566,0.06731330133351757,-0.13606446093617947,0.05155702590042062
2448,0.2042852397669012,0.2264199423372136,0.26482462340079077,0.17959970824464858,0.1445178221005195,0.02130981385981794,0.45274185508046055,0.21338557211290743,0.042880120591137036
2446,0.2892521551064351,0.34600532621289415,0.534131646094029,0.34120689324952325,0.32594933114740937,0.052071218599064814,0.6537823957107778,0.3631998523028762,0.062405947031578556
2444,0.2408802684327065,0.45353382610673826,0.7431940807822418,0.4966264740872474,0.4115478377685,0.05065875758078416,0.80233298182896,0.4569677466553112,0.08625450583021327
2442,0.2030909990075142,0.43529359341138635,0.6284603339670836,0.4151274739719139,0.36126178842949647,0.03604219615139036,0.5767719665014426,0.3794354787771753,0.06743988334855988
2440,0.1302550039633718,0.3728236038713937,0.4692098382417868,0.30374026469711374,0.3472149256247944,0.04022348725798668,0.4589348435142049,0.30320028102437885,0.053060658947483456
2438,0.05229257399759469,0.08424483027568766,0.16092543263236972,0.048054050496557026,0.26738702277040094,0.019708315932577748,0.19216896440469344,0.11782588435855446,0.029782085557811117
2436,0.0851663452405937,0.18623307136343412,0.26714565586746963,0.147563590229999,0.33053984893778693,0.034611553124739645,0.2804344939524923,0.19024207981664507,0.03556472772452524
2434,-0.05291031025194573,-0.13733452025193973,-0.0977104020292404,-0.09010731551722026,0.15435525942936026,-0.016444107326656736,-0.1160211166775129,-0.050881787517879355,0.0323929783356709
2432,-0.06993174456114506,-0.08426700826924802,-0.1157178914190831,-0.048087429678380755,0.09805351646310168,-0.02632288003844823,0.024274082913908996,-0.03171419351275636,0.023736084488008215
2430,0.03188833402900654,-0.06288620948839603,-0.05895053375963587,-0.01587920869194416,0.05694916837463262,-0.027005682506888864,0.26711839178949304,0.02731917996375247,0.037511722603783465
2428,0.10100185909314309,0.1354536246277951,0.04236896724941105,0.10598885990034336,0.11774185602183936,-0.014356895258105604,0.4023208986798531,0.12721702433061136,0.043140136977515314
2426,0.10662501212939159,0.2137130718848809,-0.04692698533580008,0.22690988705843973,0.2397939790018063,-0.000592498962937507,0.3261250281306476,0.1522353562723469,0.044793618128395676
2424,0.07665034277589614,-0.07428609636653617,-0.25395295018846636,0.11201621816934457,0.08015742816669057,0.00443067127354853,0.06324858584980533,0.0011805999543260828,0.04201804549406125
2422,0.10236480134872156,0.009888809769315872,-0.23751268398378864,0.03834961059134068,0.19102577570948218,0.01957279606827469,-0.05513835286794234,0.009792965233629143,0.04385490950512825
2420,0.00460127137771007,-0.13052419930490394,-0.46068192024249577,-0.12318382522885683,0.20783987129624962,-0.0018708514522028737,-0.5604876452786177,-0.1520438998333025,0.08863908613613335
2418,0.00460127137771007,-0.13052419930490394,-0.46068192024249577,-0.12318382522885683,0.20783987129624962,-0.0018708514522028737,-0.5604876452786177,-0.1520438998333025,0.08863908613613335
2416,-0.07922070703142695,-0.2618275674568623,-0.3735220643316806,-0.2626384198975787,0.03899105723088896,-0.018878681740787103,-0.5928848884278324,-0.22142589595075415,0.0723965362681474
2414,-0.04904030966852804,0.029082672659098925,0.004762762400953958,0.04923579122833332,0.25365570285358957,-0.011457366991927684,-0.16761286386019994,0.015518055517331443,0.04152849484640264
2412,-0.04445176699244801,-0.04945123212280286,-0.01722676155546652,-0.035858588208869224,0.1054595544442377,-0.045526030355194876,-0.38569323389528715,-0.0675354369551187,0.04928603551722489
2410,-0.12304790341800263,-0.17079365231251278,-0.09041998162548248,-0.06144050841204077,-0.1302436232287199,-0.06910563664499336,-0.36459493074790017,-0.14423517662709315,0.03414881248073215
2408,-0.14841726024971788,-0.3271453975151801,-0.22021074282796116,-0.0485662007591506,-0.2994921785919192,-0.0834602465707553,-0.4032986298892055,-0.21865580805769852,0.04320666021178212
2406,-0.24560737933726542,-0.657801560093086,-0.42808356033214334,-0.16397630183663334,-0.5878124780800591,-0.08806783223974045,-0.32706575880942074,-0.3569164101040498,0.06965422711420849
2404,-0.13578412874912893,-0.3285662817506245,-0.40587162036802765,-0.07848708400886806,-0.35900325013381124,-0.05597619267922366,-0.12749946958007213,-0.2130268610385366,0.04778949442404969
2402,-0.1473054790714208,-0.3282758282415873,-0.35759057912107484,-0.015633939409339038,-0.2863306462613717,-0.023650984709837092,-0.05593915969397587,-0.1735323737869438,0.048634711718055466
2400,-0.07971083196079903,-0.04668377264912498,-0.1796092814023257,0.12455612633192316,-0.0500567578964985,0.003780033516298653,0.12059242224734257,-0.01530458025902626,0.03578951429213572
2398,-0.13852388816687797,-0.10759611495229827,-0.25098201989852537,0.0312857700589642,-0.06330967915606205,-0.01491697899532927,-0.10221577739449783,-0.09232266978637522,0.02980619981539904
2396,-0.13448157590732926,-0.05556002886084719,-0.3149282583598389,-0.049436688217460036,-0.08170769105848474,-0.023371073791487517,-0.17868670390851576,-0.1197388600148519,0.03316235359113126
2394,-0.08500248475122181,0.005707044063331816,-0.2742128205861177,-0.040093736352130434,6.334232187015496e-05,-0.05454828747619412,-0.2026065479524021,-0.09295621296183774,0.03474321662694685
2392,-0.08686348123986183,-0.02065764256137041,-0.2098067814972181,-0.039681966410031536,-0.05761310677674778,-0.05617077046318466,-0.12143264170607912,-0.08460377009349906,0.020993737667485697
2390,0.044992423491798446,0.20023267452348695,-0.1679198825803964,0.051176760493458595,0.15101908000218195,-0.0235071279461561,0.03637233122163497,0.041766608458001196,0.03905233139459972
2388,0.16799024777839283,0.43664326461147984,0.11371476671061197,0.2284917589266768,0.2662049927665401,0.022235260435740884,0.2808268082531857,0.2165867284975183,0.043480726524604836
2386,0.23659481023587392,0.6147962550060324,0.13334068315866107,0.3087276389330976,0.4086864304367246,0.043385476007561076,0.19587717844810076,0.27734406746086454,0.062088743649220506
2384,0.3507242899012905,0.7996204129693496,0.21022650488471778,0.34236957313888683,0.528665357710191,0.08415883800380815,0.21882032749833763,0.3620836148723688,0.0779803933005836
2382,0.20798526728159644,0.42513431426908543,-0.14521954300887646,0.1404294542768351,0.14090262097838255,0.03149799207540989,0.09058448093169816,0.12733065525773302,0.056752242527422773
2380,0.2138408863498395,0.33889918315194517,-0.16038731437090586,0.008763618610762887,0.22642509246692277,0.0030996578354097874,-0.04859280920526907,0.08314975926267218,0.058496563828255244
2378,0.005262611816477412,-0.17764193514583004,-0.47589336627254875,-0.41035141079702775,-0.2591848375073223,-0.04851443836704475,-0.333341717993606,-0.24280929918098604,0.05891879549554685
2376,-0.07573179430706627,-0.5147780310752693,-0.6303419766626055,-0.582073000740695,-0.4746754899049641,-0.05406191402541291,-0.464634446043677,-0.39947095039424146,0.07722382935496086
2374,-0.18640606654646033,-0.7669267349519078,-0.7560741108228074,-0.5677055812019782,-0.653068115890002,-0.03419955697239143,-0.5254247296856384,-0.4985435565815979,0.09265725069972171
2372,-0.4017390579698008,-1.240963706085387,-1.2773815322929962,-0.8139784363399618,-1.0865524401351607,-0.05806184434587321,-0.7961155522795837,-0.8106846527783949,0.14717274690395124
2370,-0.41503135439307837,-1.3366123478582055,-1.375181535757398,-0.7705675868499974,-1.2195607791836565,-0.057655282021461814,-0.8903713266890589,-0.8664257446789795,0.16214196730955235
2368,-0.24737212856213306,-0.8251202596047356,-1.1197303267489773,-0.5046907478856628,-0.8711984901808631,-0.05758021774166514,-0.7476781743379787,-0.6247671921517165,0.12243889152700788
2366,-0.1216014179925183,-0.47440351169995465,-0.8198153150865807,-0.2835949816435787,-0.583839169991573,-0.07299591250621576,-0.48614575273420796,-0.40605658023637553,0.08667771889125546
2364,0.022454630711307388,-0.022810804013740936,-0.32028341533963967,0.09494321218044764,-0.1401618950167927,-0.057905123511101705,-0.05379768436606931,-0.06822301133651275,0.04349304520692936
2362,0.025714182025833927,-0.029800589456450744,-0.05153247440607193,0.1314396093224342,-0.07531731224218696,-0.05615432195071277,0.09624677034512226,0.005799409091138284,0.02650312491171347
2360,0.0033319228231990664,0.11406861331913576,0.4413272227857521,0.3630663098087021,0.10660974791563421,-0.0195194855322076,0.5630022148759265,0.22455522085659174,0.07504194366054688
2358,0.25967480470973614,0.6464440635051943,0.7349536732716326,0.5091139180345289,0.5283111246188159,0.047684187101196436,0.8827495487709098,0.5155616171445735,0.09303240020050356
2356,0.576012541274738,1.2889124887119776,1.1573491959277071,0.7766160938111262,1.13026619164367,0.14413279626485706,1.2999940950349758,0.9104690575241501,0.1415008083545603
2354,0.5713233341723702,1.284413367398825,1.0652683361239772,0.5287142361424885,1.132254234722175,0.13595155657932445,0.9733887901726872,0.813044836473121,0.13437276867103973
2352,0.5458899252483861,1.1034926866666268,0.8493954292625792,0.2949937857319675,0.859094247457864,0.11816752009244491,0.7455093955864824,0.6452204271494787,0.11321682731899899
2350,0.42522416366599985,0.9047227538342406,0.5761896971583657,0.034872648377291815,0.6193550265496285,0.05904166418050226,0.3683038923646046,0.42681569230437616,0.10177727759660879
2348,0.36859073790434743,0.7983932283919478,0.5150227734693148,0.05612185760656745,0.5242501309511046,0.014508905068462327,0.25056106879185897,0.36106410031194336,0.09131456276523792
2346,0.07284929542162755,0.2421641217078733,0.33426692975081385,0.0872355817847979,0.08881781231416869,-0.031729848039245466,0.23626509652868996,0.14712414135267513,0.041510089315212426
2344,-0.016498599274072205,0.08228017192023522,0.2620136425926561,0.12064339057374551,0.025627900979430688,-0.05544455175692917,0.16686170266947764,0.08364052252922054,0.03606832886693755
2342,-0.016498599274072205,0.08228017192023522,0.2620136425926561,0.12064339057374551,0.025627900979430688,-0.05544455175692917,0.16686170266947764,0.08364052252922054,0.03606832886693755
2340,0.012598971468993761,0.16958545110676823,0.15795296826262614,0.2217147780101535,0.1164970812707613,-0.02639180586421228,0.061888155002680634,0.10197794275111018,0.029376338181374795
2338,0.12597326116642307,0.39337004753730936,0.33762522511636517,0.28970062377017824,0.2791440848209613,0.011326240434938545,0.16019322619771642,0.22819038700627028,0.0438630387346654
2336,-0.11122630082851472,-0.2280476049141324,-0.09794977277093991,-0.015618738943899825,-0.1200100730347921,-0.0015990184017944322,-0.2675639415567435,-0.12028792149297383,0.03243847253056021
2334,-0.2522390782176096,-0.5170703074298192,-0.36637388400515264,-0.3167271816845439,-0.4563056176839904,-0.0050135580968781075,-0.5243328206288194,-0.3482946353924019,0.05969161431383651
2332,-0.21331886260782196,-0.3840962830022009,-0.16505777153787599,-0.23231767490789876,-0.32715487155755013,0.01801648706727432,-0.3238599849608292,-0.2325412802152718,0.043907883769780574
2330,-0.03224775685124606,0.0774767051006966,0.21791079829138035,0.004579028408844738,0.09465469574209341,0.06566512543722082,0.1326083472560358,0.0800924204835751,0.026893129872376347
2328,0.2818531276977459,0.7437206638572786,0.7950649649450822,0.3438772923592148,0.8745302037174837,0.13090010869500604,0.5798094142178408,0.5356793964985218,0.09376942310984192
2326,0.3638838779888588,1.0087483571196014,0.9640294281221348,0.5279083194123166,1.2652270397347167,0.14894439416500482,0.7206704649806442,0.7142016973604682,0.1288538775664116
2324,0.336019450262036,0.8822007430754463,0.8047656512440661,0.384495495408367,1.1678190979206169,0.14156136350205203,0.6397102268097004,0.6223674326031835,0.11713495366174072
2322,0.2852983326697407,0.67653111640892,0.7576811211243885,0.3354752234231895,1.0722724992162074,0.13819244952877405,0.6148324718506886,0.5543261734602727,0.10536125651565144
2320,0.032416125380503334,0.2037751463072864,0.33576026285246596,0.2536056061042333,0.5938719899023978,0.09982640328541377,0.2618725312697599,0.25444686644315145,0.059409278362878536
2318,-0.22623240584914645,-0.32395389007280473,-0.0397162894814939,0.15510315706912295,0.05668605514309958,0.04266504418836567,0.032655288601480446,-0.043256148628768074,0.05586398010380594
2316,-0.46979828948020236,-0.8540635359360881,-0.6314064949429763,-0.2066336390747532,-0.6037152868976188,-0.04071806030534324,-0.5091063441973217,-0.4736345215477577,0.08929469035427422
2314,-0.547340797116035,-1.0638204753703207,-0.843832757988678,-0.3695208609738801,-0.8572851790108773,-0.08559736731927302,-0.7362609536192193,-0.6433797701997549,0.1091098414857353
2312,-0.5319894079263152,-1.0798644320755724,-0.9878381829738797,-0.514832102686815,-1.013886899467408,-0.11980331243300106,-0.996436675561745,-0.7492358590178195,0.11920279924091096
2310,-0.5027957288444764,-1.040559930817229,-0.9717586569448227,-0.5941268084763994,-0.9566258969089101,-0.14266150114623163,-0.8602381241228619,-0.7241095210372759,0.1067392448585758
2308,-0.1885611397477036,-0.46094525059935987,-0.45893976556418614,-0.3672042889651725,-0.3613958578642183,-0.09606240694803936,-0.5654511320318345,-0.3569371202457877,0.053657595968099325
2306,-0.018222110987074002,-0.10838052689201295,-0.005247959466420227,0.061222387983177515,-0.02403434480241573,-0.05306208781434364,-0.05081697967033737,-0.028363088807060916,0.017007588892542377
2304,0.1265021423033898,0.3623214761143151,0.3591627771117646,0.3630600240137466,0.3318440083472363,-0.0020332906878212926,0.2892134318965384,0.2614386527284528,0.046943722179095995
2302,0.03304982198866793,0.05420872175768099,0.185818188140307,0.26375067265305085,0.22093903568364087,-0.006491443721167209,0.12414949417305064,0.12506064152503302,0.03351754269888928
2300,-0.08912999355197701,-0.20408137780914393,-0.18622395610864137,0.04031833252353431,-0.001121415970316122,-0.011752127172555273,0.029389049318154267,-0.06037164125299216,0.033109190323973296
2298,-0.1507985043993754,-0.3518166864167538,-0.3171877357880247,-0.15194896164496133,-0.2755690001650439,-0.012173044184146544,-0.12050929772010739,-0.19714331861691617,0.03981256254004884
2296,-0.2972786297457867,-0.7522653709557824,-0.6689467482674553,-0.6545445038560588,-0.6200534831802855,-0.05017710317048118,-0.38934398786659413,-0.4903728324346348,0.08297054475548545
2294,-0.29438771143885034,-0.7309636284171889,-0.6650149744673629,-0.774884391245775,-0.7651483507868904,-0.057311434586707156,-0.5064416908295588,-0.5420217402531905,0.08987784407223585
2292,-0.26495341650038556,-0.7677767601395623,-0.5162212542741745,-0.7767824409936095,-0.8123932766481127,-0.06154295069494543,-0.49847748832271943,-0.5283067982247871,0.09335516628715816
2290,-0.22450621249546773,-0.6346609160100307,-0.4600848902069664,-0.6327831837213858,-0.6749758008178796,-0.06303802367083228,-0.3232359640295108,-0.4304692844217248,0.07702169920401929
2288,-0.14551831036613821,-0.33636375857413203,-0.03588301683180104,-0.23566186413333368,-0.4603654953757991,-0.03391380172116641,-0.04763926319070313,-0.18504935859901053,0.054575216884832786
2286,-0.08006456697508088,-0.037167589522321666,0.16439654639428722,0.1541944942433357,-0.01733535058721679,0.0004595318290677841,0.1660010987798146,0.050069166308840854,0.03507710169823017
2284,0.039425846079200404,0.1528199306398455,0.477265710675119,0.3206092997398499,0.16041427152444326,0.04184827469634267,0.4484906929557767,0.23441057518722536,0.05968232930635775
2282,0.10737428977341382,0.3248666172129824,0.7976101432584668,0.47910258798328303,0.4748490443606112,0.04474070724447436,0.4570322499565476,0.38365366282711133,0.08332591774766515
2280,-0.03190215140060382,-0.16020781241542423,0.1763905936253347,-0.08588388136998994,0.0032664308643074857,0.006852734553060432,0.01364942301825718,-0.011119237589294024,0.033951763892691104
2278,-0.13254027160808116,-0.5420502606754626,-0.3991363750254814,-0.559070236579728,-0.31450272250093025,-0.05588361501595396,-0.4792183101726148,-0.3546288273683217,0.06472588868259636
2276,-0.29978567762042674,-1.1657070163950927,-1.1362412050061426,-1.104722251378572,-0.9006243569287401,-0.13115771232383186,-0.8843044156551216,-0.8032203764725612,0.13721592045680447
2274,-0.29812953677088205,-1.2774857450426265,-1.5494867282437659,-1.3656273972455153,-1.0756935316969525,-0.17760406728742079,-0.9700260990658469,-0.9591504436218585,0.17302568738970164
2272,-0.2882894918757635,-1.0975701497600727,-1.3530926621193926,-1.239736651264026,-1.0884261459767504,-0.1567463702926393,-0.9268363139468448,-0.8786711121764986,0.1534952169229736
2270,-0.48333009867524174,-1.327744242454848,-1.3992952726288492,-1.2773991306762833,-1.5183929070196118,-0.17770867302994367,-0.7807397670706803,-0.9949442987936369,0.16921781342193082
2268,-0.48333009867524174,-1.327744242454848,-1.3992952726288492,-1.2773991306762833,-1.5183929070196118,-0.17770867302994367,-0.7807397670706803,-0.9949442987936369,0.16921781342193082
2266,-0.6504674780652474,-1.5420979586888681,-1.1922036205425632,-1.1843921966836823,-1.791920906996872,-0.16811578505040894,-0.8229142599530263,-1.050301743711524,0.18026782981255088
2264,-0.6558598596236372,-1.4913418522250013,-0.7101325519288059,-0.9041031544552173,-1.7626566186431516,-0.1324628716719986,-0.6495543074615872,-0.9008730308584856,0.18133254143833333
2262,-0.5626215052084222,-1.2862821762742944,-0.4416778295232022,-0.6010328432464394,-1.5111116856889786,-0.07250513307233772,-0.4997119385455128,-0.7107061587941697,0.16529677921814412
2260,-0.4949358889331284,-1.1666741996261378,-0.3398311072073619,-0.3071858547889338,-1.0867835239207206,-0.025726988506382584,-0.26489646681253237,-0.5265762899707426,0.14185574116314648
2258,-0.23042954867059673,-0.5444053472743694,-0.10149835848321143,0.05638663097212901,-0.4461364655174473,0.016896019977803094,0.13141626721435393,-0.15968154311161983,0.0846275894454137
2256,0.011476326089951708,0.04653812190401666,0.12720954442801824,0.25622745933900326,0.19675032396777375,0.06302117471476508,0.40899582862426,0.1586026827239698,0.045905289041093846
2254,-0.004035862912411726,-0.04426461827289145,-0.07437853886785473,0.003055483205387465,0.05216152563674171,0.04438538070245566,0.36454910337225915,0.048781781837669444,0.04789244786751624
2252,-0.21095577170063382,-0.4843675393618661,-0.6080374419966558,-0.4982306696809347,-0.5091520488546624,-0.027492880277167973,-0.012342690279818576,-0.335797006021677,0.08105159142177715
2250,-0.511211557003038,-1.4044415086463897,-1.387867492478199,-1.3214979487713319,-1.4488260351465425,-0.11476483671436977,-0.5864204286720291,-0.9678614010617,0.17954272958783243
2248,-0.5042157232164611,-1.5152049888797285,-1.586026782453743,-1.3248547859731954,-1.6327330356601961,-0.13953034081940616,-0.6527105140429036,-1.0507537387208048,0.1983653633575561
2246,-0.44547487233112515,-1.3570520760514662,-1.4850905159780252,-1.065858557436243,-1.6205524247909966,-0.11807489357113415,-0.6178022696305305,-0.958557944255646,0.18763398369951306
2244,-0.1454552951214888,-0.6429644886307478,-0.8890233908216222,-0.5284620289593832,-0.8840165670305487,-0.05285665356872809,-0.2161521033407709,-0.47984721821046994,0.11365853156166603
2242,0.11745765443776851,-0.0996695206236015,-0.2712646679624227,0.0020922755867718284,-0.449526176216832,0.02378037470399061,0.05359883674284629,-0.08907588904735415,0.06645214956584418
2240,0.40766509412564833,0.623807558436095,0.5624440921590695,0.5081197822502034,0.23837183119023148,0.09685592668287117,0.3969936014056256,0.4048939837499635,0.06066416957113307
2238,0.35682322261925353,0.5980909957185279,0.9840171964210279,0.6132408856442236,0.3690715176601436,0.12105793447242023,0.5071648823625078,0.5070666621283006,0.08840437789063536
2236,0.43304486194705727,0.8810751692541758,1.4123596786513735,0.6488059696425384,0.7511147786633702,0.15773669290266135,0.7057357037295676,0.7128389792558206,0.12745248698511735
2234,0.43276272044574154,0.9258919129763467,1.6968961505410782,0.8790562179078896,0.8892289925307765,0.20942393949482951,1.1730757284257582,0.8866193803317743,0.1583842276508646
2232,0.183155612665981,0.5035471813308722,1.0775896791074542,0.40313992683777095,0.6099498901467377,0.1634391166898942,0.8459933304289298,0.5409735338868058,0.1099282588562842
2230,0.1198321373600591,0.34597650540690944,0.5730064538514478,0.20263983275402442,0.46510241436795835,0.1258035448471925,0.41538603215374387,0.32110670296304794,0.05769137748966923
2228,-0.06407460544920682,0.1877084666410399,-0.05448104101532434,-0.011210606997452209,0.20710321156848782,0.034647250125332776,-0.14947000470446822,0.021460381452629847,0.04343375574540888
2226,-0.583458932117065,-0.9622058953509627,-1.3366392936608833,-0.7330894668056142,-0.8168997498707877,-0.13469293781886507,-1.268820338763752,-0.8336866591982758,0.13498859733831356
2224,-0.9069610753940804,-1.7395918042682028,-2.3174630705331585,-1.3015276233296482,-1.6334988626902076,-0.28366940789285483,-2.092205651462303,-1.467845356510065,0.22980926471479834
2222,-1.0918817406941494,-2.2075130428226486,-2.716084763826163,-1.5450014803056193,-2.145062105732087,-0.3341930018905877,-2.3740247404327426,-1.773394410814857,0.2726831397136784
2220,-0.9861358557203749,-1.9500609388606231,-2.2845929398229767,-1.1859618214043672,-1.8526323288864304,-0.2868106193435426,-1.882826868812035,-1.4898601961214786,0.22845881158705492
2218,-0.6537888914316451,-1.110000845778733,-1.329164573862436,-0.541460043646312,-0.8835301287383169,-0.14298871898422671,-0.988950287434919,-0.8071262128395128,0.12944414849514282
2216,0.014021961459753573,0.5127755519668031,0.3323916161859942,0.5715122714654411,0.521483065711574,0.04542294476576149,0.4067521578957654,0.3434799384930133,0.07486317491910198
2214,0.33260477146562595,1.0454215663101536,0.9194940087284743,0.9837618085196286,1.2298513222418839,0.15292884387478853,0.8215238839055548,0.7836551721494442,0.12878579317844566
2212,0.4467877618015523,1.1214269700336672,1.1042437747313671,1.0102554318148727,1.295446353221779,0.17266739050023724,0.9409808293142199,0.8702583587739564,0.13290578232355504
2210,0.4404227380789709,0.8625851167852661,1.2030791453312966,1.0711034848707417,1.049116357872372,0.17604771636197086,0.6477209173192966,0.778582210945702,0.12251354737528605
2208,0.05394109798406297,-0.030441644169079986,0.43569766792363307,0.6370300002947572,0.3392449077813978,0.08073746782077339,-0.037322461247718125,0.2112695766268323,0.08556855950930037
2206,-0.20885939232536926,-0.743396587925966,-0.11555591092351414,0.16911714256807434,-0.2963414581298069,-0.015174157192574332,-0.541912241780348,-0.25030322938707206,0.1018901680483408
2204,-0.39366902612194615,-1.1084831333283407,-0.48013406559924415,-0.19348053906802284,-0.49453636156670955,-0.07114628812465641,-0.9724205547873018,-0.5305528526566031,0.12510702813078223
2202,-0.34756092702338454,-0.8555849731260077,-0.42963887859381955,-0.18108704821426455,-0.13503296908461604,-0.06918931593354197,-0.6387938466955683,-0.37955542266731473,0.0938129540899668
2200,-0.06055784447053811,0.09505507725210668,0.5481723898439975,0.5979867507476283,0.6261380271269352,-0.0011659053917470095,0.33173209867353887,0.30533722768313165,0.09638691177738026
2198,0.1148543405534991,0.6112217589018973,0.9543666832640256,0.974799338517684,0.9957447489736507,0.04994359722136339,0.787756982642628,0.6412410642963925,0.13256166951194245
2196,0.16917803669570092,0.7129428430924717,1.0770662212761795,0.9071289684002971,0.8234155263951204,0.06040438278270858,0.8426180196738701,0.6561077140451926,0.12664552150602806
2194,0.27940716331572524,1.1645191105470587,1.4793685943249955,1.089021336105985,1.1183929901984417,0.10131058849405059,1.0695246734864559,0.9002206366389588,0.16587653599021834
2192,0.27940716331572524,1.1645191105470587,1.4793685943249955,1.089021336105985,1.1183929901984417,0.10131058849405059,1.0695246734864559,0.9002206366389588,0.16587653599021834
2190,0.11794132413331214,0.8757822239542059,1.1078443803447657,0.7978229669804385,0.6647047190274675,0.042268316083292075,0.7235928915311313,0.6185652602935161,0.12911720142802077
2188,-0.038385171225121105,0.5299844590254329,0.5301205666928451,0.2632083659846703,0.2402776116287855,-0.019671138666022808,0.22572591959767238,0.24732294471975175,0.0748278273252584
2186,-0.18787640588284002,0.13244792152492235,-0.19618090333837795,-0.25318912518350173,-0.012736917783343139,-0.09539363023098259,-0.23471203479029293,-0.12109158509777372,0.045736314291388934
2184,-0.26356276731871797,-0.4561087124599854,-0.5884222474491784,-0.5796212355646098,-0.40496218557654123,-0.1259921646354925,-0.46716460290993495,-0.41226198798778,0.05478750252439633
2182,-0.3360259781229435,-1.0113479491112884,-0.8993038471731422,-0.7807315609400753,-0.7544770252227893,-0.1473893312474419,-0.3935789659788948,-0.6175506653995109,0.10609203725012564
2180,-0.27047013765986805,-1.11223184860067,-0.8278839391832153,-0.618985871299372,-0.5837657463855447,-0.11940843045376714,-0.124020661506556,-0.522395233584142,0.12239380162951391
2178,-0.17271855314203144,-1.0396495777887496,-0.5471201303928814,-0.325353505154866,-0.5358507661251413,-0.07015148175210353,0.03424890539462603,-0.3795135869944496,0.11959116412575431
2176,0.16084921006855157,-0.016284806394353216,0.3096323390557008,0.10227833769922348,0.13977501744139614,0.05844005459684839,0.46593337405564866,0.17437478950328797,0.05339725465978259
2174,0.29659433518533046,0.6659229732077743,0.7554161671816207,0.3186919368041279,0.4609839375293982,0.1187670885811095,0.6481323853877184,0.46635840341101137,0.07651984104130966
2172,0.19573047411966804,0.7848111929913039,0.8942526273327049,0.36760586787770805,0.5053060346673883,0.1495135595196268,0.5416372838115356,0.4912652914742765,0.09168357821958494
2170,0.07584865530196606,0.5376537404064228,0.650937361210975,0.3009321864505327,0.3511481035108605,0.12084432039370852,0.02938636609469225,0.29525010476702257,0.07765166271730957
2168,-0.022370058717450576,0.06677047382287339,0.48886948551985654,0.330103883065246,0.18824805740050873,0.08293466857381705,-0.29472605240649496,0.1199757796083366,0.08252059111799968
2166,0.10432062802592339,-0.20268453570273365,0.4899066285744746,0.6833457247196872,0.3106667654587524,0.07624582545353338,-0.4065189378044768,0.15075458553216578,0.12445811078855772
2164,0.43611343425689847,0.026046955361756743,0.7610328463923453,1.1051244878849331,0.7788933684979332,0.11176129092295137,0.03424642048395886,0.464745543400111,0.1401379320919768
2162,0.8187901292526791,0.9028395654413187,1.4702604351450441,1.5455312147120892,1.45882019865299,0.20417357591479432,0.7763390525564647,1.0252505959536258,0.16093716018501755
2160,0.9434745407266037,1.3685958397628408,1.7818862043247514,1.4466137729005684,1.6782357874350398,0.2798440637821238,1.3101103956496531,1.258394372083083,0.16675962019488522
2158,0.7077803909565313,1.4189750870626685,1.731440108068417,0.7825329622579373,1.317360934704523,0.25379143579695734,1.3852226454577026,1.085300509186391,0.16893772100307175
2156,0.15138516700413454,0.6567869133311158,0.6735618521367559,-0.3202593881383552,0.3327448411650052,0.11767830809570337,0.4937297176813837,0.30080391589653477,0.11537930765566541
2154,-0.15873124816890205,0.20994361928928357,0.07583706515250226,-0.9430036612484773,-0.058274797305630344,0.022021648876635127,-0.39765240166688853,-0.17855139643878246,0.12699291511344152
2152,-0.1543016445371468,0.08817289415446107,-0.0298195998239553,-0.8017990049957996,-0.3144903775332806,-0.013305820531985844,-0.680639489783516,-0.27231186329303186,0.11328136675042783
2150,0.02147615589256125,0.13106464539054669,-0.15278901806614728,-0.4955626212693097,-0.27745620513998454,-0.015358564171491047,-0.6505521092988783,-0.2055968166661004,0.09364746613905545
2148,0.1352881612077921,0.15334134896474294,-0.1719004731871525,-0.050539430738370375,-0.2893262467317177,0.017778301357667097,-0.44798277058116587,-0.09333444424402919,0.07290594981290839
2146,0.04514906515483369,-0.07350548684265006,-0.23897666389898292,0.20464883105768558,-0.2926382751722358,0.02817113396217145,-0.23275284626657444,-0.07998632028653607,0.06009701456227733
2144,-0.24782465837959014,-0.36385395659807007,-0.5956346634838703,0.21234726381934918,-0.5572884573601589,-0.022297980478682415,-0.3760467681194252,-0.2786570315143497,0.09473736099218605
2142,-0.47064418493513205,-0.6414111626109554,-0.9028952478148106,-0.03523957678904241,-0.7568737268623723,-0.0811498233427998,-0.7128760907489148,-0.5144414018720039,0.11055554889465896
2140,-0.60811969273087,-0.8166347788689714,-0.9344313079234051,-0.23122847331311586,-0.876563183218628,-0.1135686440450365,-0.9318793424669218,-0.6446322032238498,0.11213318108489202
2138,-0.4809651767778959,-0.46760547037565575,-0.3842719303800659,-0.038618107760166984,-0.4679025157915245,-0.09988830279495878,-0.7636942416452434,-0.38613510650364447,0.08101760618207819
2136,-0.2799413721831497,-0.3190552646164852,0.005134811003747602,-0.12531390339170415,-0.48576288670529477,-0.07640887541136902,-0.6732581308284562,-0.2792293745903874,0.07851188240780312
2134,-0.29908128628253444,-0.6198562775643803,-0.28380333901894816,-0.5600867736298182,-0.839484563709746,-0.13889560220073294,-1.1158324152768264,-0.5510057510975696,0.11273941870492249
2132,-0.33610732248644226,-1.1309180392679177,-0.7717396120180927,-1.1399577902014544,-1.2223953823843297,-0.19359311209771096,-1.5474246590367624,-0.9060194167846729,0.16186320779744376
2130,-0.4910279422821332,-1.8639941342288908,-1.4708632075783656,-1.6537164934237667,-1.688211621495482,-0.24084606258425847,-2.255451793844421,-1.380587322205331,0.24152706178246694
2128,-0.6011188795637018,-2.185396358115804,-1.7377580782920843,-1.8694638129838048,-1.9010571493196886,-0.2730530717373148,-2.523368441267076,-1.5844593987542108,0.2717135666010164
2126,-0.43209423816006565,-1.7368481214122593,-1.3002541771912586,-1.328474534918724,-1.260462313810056,-0.2139658728499656,-2.1279037172542,-1.2000004250852183,0.22125317069908906
2124,-0.28675490222181044,-1.1803207718639577,-0.8556448469838867,-0.8134809972726749,-0.8165722584048241,-0.11878682219840433,-1.2902388175625104,-0.7659713452154383,0.14065516294717598
2122,-0.0018250497665246422,-0.43551098807619937,-0.16246360836245252,-0.10526665138766995,-0.0319429033298992,-0.03217958764238411,-0.4396178936208118,-0.17268666888370596,0.061777771593719145
2120,0.26980111395647033,0.3830561241376972,0.5326383503210711,0.6762183856804053,0.7006115862399914,0.08493846989376687,0.6527511629433591,0.47143074188182305,0.07663994682037899
2118,0.3432429992636872,0.5270268049644684,0.4755807384355447,0.6641100290529088,0.7858924703065445,0.09018926143456232,0.9579657104733146,0.5491440019901472,0.09404953243856724
2116,0.3432429992636872,0.5270268049644684,0.4755807384355447,0.6641100290529088,0.7858924703065445,0.09018926143456232,0.9579657104733146,0.5491440019901472,0.09404953243856724
2114,0.24166087777095535,0.13511896406589707,0.1807154482790311,0.5075422977437805,0.4309627799597898,0.07231582284517107,0.7286817804979091,0.3281425673089334,0.07735668700367788
2112,0.3023868974227109,0.3441164402234603,0.5078208777378149,0.7165388914529928,0.6067533641396213,0.08605836465448928,0.7157884675490925,0.46849475759716885,0.07707387910100896
2110,0.17870538025911875,0.3774191955064872,0.6886436011393813,0.5916175170880548,0.5009022660396047,0.09253229697326491,0.5171584060172125,0.42099695186044633,0.07132311369951802
2108,0.21923285753894856,0.6990831085959635,1.0517590523381795,0.8137413299824423,0.8040062268979684,0.10030210418846208,0.6140805895199609,0.6146007527231321,0.11137093695742833
2106,0.028883152829384005,0.4694648958400439,0.9058673041634485,0.5068086918933811,0.27585425503127475,0.07439949076318778,0.4432910077123492,0.38636697117615276,0.09745547194992031
2104,0.0006115779324482375,0.525785334120947,0.8891686986641081,0.5175898940775999,0.29810692447528686,0.07208413218648235,0.42393021764801897,0.3896109684435559,0.09875787559798699
2102,0.15185516310437402,0.7377695697685532,1.0712349667088197,0.6490863335862553,0.2237066449084139,0.08852067872424783,0.8218607806493932,0.5348620196357224,0.1244283648582021
2100,0.19641266505988658,0.3839632890569337,0.6964464212723206,0.3888246754929249,-0.021926223105865623,0.08631318578148232,0.70388827807149,0.34770318451845317,0.09251784479903981
2098,0.33869461826324326,0.4928675747209103,0.6729456005000907,0.4797026704265236,0.21959571202799583,0.08701447903389962,0.6625510256479358,0.421910240088657,0.0718769815809573
2096,0.33605909014351093,0.33507460008912515,0.473400900511632,0.38523915903669875,0.2454152707460403,0.0548377085403086,0.35022795240459914,0.3114649544959879,0.04320855670011735
2094,0.25069136323189933,0.2221869840924941,0.166398636151508,0.2407230865301706,0.20892875510367004,0.007003257167024512,-0.10307606281103025,0.1418365742093909,0.04459159405118305
2092,-0.007192456777113342,-0.2996948072104837,-0.3896912120490326,-0.2225129520009439,-0.23619715718252798,-0.09538721235680647,-0.6174400434473849,-0.266873691574899,0.06530273146643868
2090,-0.23484658703492084,-0.6475140039521837,-0.8028712562185638,-0.45768820343075106,-0.6171269678598429,-0.15580659443116496,-0.8520367990365029,-0.53827005885199,0.08777543921265789
2088,-0.5384451638049307,-1.2443630763717823,-1.3749191764042628,-0.79988420210179,-1.1465728363782104,-0.24547577435650425,-1.1694818962021818,-0.9313060179456659,0.13626650461679443
2086,-0.32183762915576636,-0.8119538748173244,-1.1333406888311892,-0.6490611533013182,-0.8094720524801186,-0.23425375254996325,-0.8058011421659067,-0.6808171847573695,0.1020714983721151
2084,-0.2474879953804452,-0.6728133775489838,-0.9594886728171126,-0.5598090138576834,-0.666024284001791,-0.19832784442821347,-0.6710868753374358,-0.5678625804816665,0.08700752194019142
2082,-0.06400849775034229,-0.2064822790602657,-0.44140006184346775,-0.2231201936757141,-0.34012419405128,-0.12026796670018401,-0.257743976142675,-0.2361638813177041,0.04172953119478567
2080,0.16668066214119875,0.3638600373364578,0.4214753836504488,0.22266741359115627,0.10486059434865878,-0.010123202307881616,0.39961319685259844,0.2384334408018053,0.05349136057141491
2078,-0.010321742441807266,0.09246016796664713,0.36285332640384843,-0.002627152094678869,-0.19165159973252188,0.01045173764863089,0.3559661243321173,0.08816155172603368,0.06674432843624058
2076,-0.11563778518302405,-0.22609139002306752,0.3405553830386077,-0.007839544917553884,-0.21959639220785312,0.046067651129447794,0.21531433446609613,0.00468175090037901,0.07034106659990669
2074,-0.09898433765056439,-0.3577862662784248,0.3377697599576904,-0.019428743336049232,-0.16714134934905947,0.049319640564837286,0.12844736697014433,-0.018257704160203697,0.07280217515489347
2072,-0.060669321974676595,-0.6051824380886851,0.10332937365363405,0.09184991400827369,-0.07851237592024389,0.04808748956609144,-0.12487458128198829,-0.08942456286251352,0.07985845848576996
2070,0.3645786494838567,0.23459768955902288,0.7629945507611956,0.7799739457720322,0.7262248527553133,0.13256763854847148,0.450769331487948,0.4931009511954057,0.08707586772583159
2068,0.758005619512507,1.207338268468756,1.3189481876805607,1.4942022804322883,1.4986348589269913,0.21459540686377251,1.018268316984445,1.0728561341241887,0.15096055498715968
2066,0.8861940555903925,1.525197372887009,1.4184710702480117,1.678770651136029,1.5887708036646084,0.23582408931497015,1.073702024397014,1.2009900096054336,0.16785945914341766
2064,0.8872988172712923,1.7152697461565019,1.400953657531037,1.4957251403732361,1.542072833660727,0.23254618507611205,1.0748651340547668,1.1926759305890962,0.1668716690611079
2062,0.6342443257957805,1.3314322433215158,0.9476021182127536,0.826355512753631,1.167117900162055,0.1676541877803135,0.6625254305965395,0.8195616740889413,0.1255867367853316
2060,0.1922093912618466,0.16983776516776675,-0.05014498230060116,-0.04638834439352811,0.18606002131591476,0.05715196217927373,0.03283052070476888,0.07736519056220592,0.03472355796131895
2058,0.0126465444387384,-0.11613849059608085,-0.38752893807207117,-0.1339767628633593,0.06964792555108924,0.006711723947281881,-0.12513007649900512,-0.09625258201334384,0.04954760245779918
2056,-0.06356852198302859,-0.10584766546985416,-0.3678884985554394,0.16527509840623178,0.12552522538518093,0.02556009988620235,0.02875727747416987,-0.027455283550933886,0.058227206538723056
2054,-0.005915952648268657,0.29923581844686753,0.028589771369608646,0.8259738546724444,0.40932121044465614,0.05676109085930898,0.5980199290727763,0.3159979603167705,0.10368546108129116
2052,-0.17435794873689076,0.06206756493098741,-0.18081057705572157,0.8736395367275684,0.008858436523317786,0.013406865597718701,0.30147107781934135,0.1291821365437602,0.11985992104649668
2050,-0.41801288130503766,-0.3790977430599539,-0.5958496825870326,0.6356938437028361,-0.6486003690344806,-0.07698166415993445,0.03973300865068389,-0.20615935539898844,0.1468884989824699
2048,-0.5036259685344532,-0.6509529691309689,-1.0475123086050449,0.0035820090818558022,-1.0401457700247898,-0.13946782078997855,-0.47280575170901445,-0.5501326542446277,0.13235854751344414
2046,-0.38722956040031453,-0.46757655928015535,-0.8505854740016374,-0.3389395785782976,-0.9854009206219907,-0.1308903524605712,-0.5327151544356412,-0.5276196571112297,0.09730341300812083
2044,-0.2068563757990199,-0.08571037046906294,-0.5618099194005889,-0.4716318794065383,-0.6483550235989672,-0.1005680482451028,-0.3066734333840336,-0.34022929290047343,0.07348928547858843
2042,-0.2068563757990199,-0.08571037046906294,-0.5618099194005889,-0.4716318794065383,-0.6483550235989672,-0.1005680482451028,-0.3066734333840336,-0.34022929290047343,0.07348928547858843
2040,-0.004605670604500564,0.266776200127314,-0.19947178095620352,-0.265762366343907,-0.12392994888168642,-0.023461356219693346,-0.019951537711991277,-0.05291520865580973,0.05642890218350324
2038,0.2837322067568457,0.9057385086754046,0.4396106601514932,0.27323403977052607,0.8057685913972775,0.05006336187003616,0.4313927699406876,0.4556485912231815,0.09940359638078461
2036,0.016739080379567863,0.3212986376429994,0.2845222152865802,0.2990239303883645,0.5442244004015536,-0.006301029488444437,-0.07176970324411916,0.19824821876664314,0.07320903423703151
2034,-0.3676811476182473,-0.6724873996041304,-0.5688478151260816,-0.22351777625823993,-0.332025656765448,-0.14691561390695262,-0.8680263888308754,-0.4542145425871393,0.08473655110323519
2032,-0.5611443760939883,-1.3486312168480685,-1.0345189457903055,-0.6490869198270368,-1.0270634127754097,-0.21503303286263148,-1.2298793345948682,-0.8664796055417584,0.13251857939667563
2030,-0.283825042038185,-0.8908364639923082,-0.7497930001913061,-0.40057761430263655,-0.6712810258049228,-0.1191477247363004,-0.5878837219525697,-0.5290492275740327,0.08943955444462366
2028,0.05238627365807911,0.06664689894956513,0.11152958097866777,0.08832666465523491,0.03923864641165442,0.0610395663965748,0.7427085051794171,0.16598230517559903,0.0836080483794423
2026,0.4641760309724829,1.0220061744409237,0.7769893282154205,0.5081755750421689,0.8970147407400165,0.22430268613241566,1.5491093973247352,0.7773962761240234,0.14306486501042343
2024,0.6503855735101582,1.6103934741187653,1.1446566993806067,0.7100830682481465,1.2558213173446597,0.30612531689067535,1.6894036145282745,1.052409866288755,0.16917574525636123
2022,0.5494768393090844,1.5455364088370702,1.1470477383682975,0.6058899923227409,1.0931985230978334,0.26719653853413156,1.3065787657031047,0.9307035437388945,0.15139767010072488
2020,0.38010912940442787,1.3200711288120546,0.9375031233207843,0.3677248238589177,0.6963956066755005,0.16974170383601203,0.6641794258666979,0.6479607059677707,0.12797504284548206
2018,0.09654524722077289,0.7030305135249311,0.7572317847224018,0.09646073851230363,0.20986806432289534,0.0635226794367158,0.04704695545635734,0.2819579975994826,0.10177605861007362
2016,-0.09113675742834096,0.3382600955846075,0.5386614652294079,0.03373504610614642,0.016647714637899696,0.013279394815619556,-0.22834056981024708,0.08872948416215616,0.08572198452297099
2014,0.003400661179020499,0.4190635854350746,0.5185508075155563,-0.1170493268126504,0.19864738813155505,0.05343766303038549,0.15203878482770136,0.17544136618666326,0.07418555259375766
2012,0.15957789310148648,0.5924557255090099,0.6867533148932673,0.26045655973897314,0.43963588465317743,0.11693976949567307,0.8484541230913705,0.443467610068994,0.09123370668392577
2010,0.26420003824398713,0.6740394781371152,0.8269069466935128,0.5237935406165927,0.8785237093418785,0.18025268705617067,1.1162591508793114,0.6377107929955097,0.11066920565078035
2008,0.2908169953484443,0.49314554419729967,0.8338918790937487,0.744245967903968,0.8366294145009973,0.21370766464069108,1.0915784735500358,0.6434308484621692,0.10489665740010345
2006,0.1445089433983997,0.05584995977567622,0.4476354138968612,0.40857840586413646,0.5238815852938079,0.13824272570228202,0.5433995386152407,0.32315665322091486,0.06670166759833984
2004,-0.07540917027581565,-0.3885191643153883,-0.011010594804448515,-0.07377782711418462,-0.18395241960576253,0.016007901922000026,-0.1840406884158683,-0.1286717089442097,0.04517208066119306
2002,-0.3277588911754811,-0.901325945244855,-0.46466944582133435,-0.5937997509585392,-0.7415346912052359,-0.11575797269363047,-0.7525653490297289,-0.5567731494469721,0.08944112387905964
2000,-0.5131175811035662,-1.2552470035563992,-1.2763577775886354,-1.2575323698006948,-1.0795374336417562,-0.24157892563717792,-1.4384118351766264,-1.0088261323578365,0.1474842865545331
1998,-0.5756165628485843,-1.4147756229937793,-1.8116604553376514,-1.5250867221395683,-1.2454937976077751,-0.29488143694925306,-1.6352332011287836,-1.2146782570007706,0.18540603193306687
1996,-0.40221196645571133,-0.8884978584058626,-1.452312826866328,-1.2196520421298498,-0.7730848927360806,-0.22941343953377252,-1.1823437912183894,-0.8782166881922847,0.14622281918458538
1994,-0.17651656613662833,-0.2549190616214129,-0.8275707170417632,-0.5582872727286646,-0.07025777421883926,-0.12342530372449068,-0.6828211624201286,-0.38482826541313253,0.09842191792361508
1992,-0.09306409880998855,-0.08113982589463219,-0.2639187417267249,-0.11678306294169533,0.03749181120851978,-0.034354226065414516,-0.16572202283932344,-0.10249859529560847,0.031351659561161954
1990,-0.011475211520991705,0.23898732474549755,0.4045943050973349,0.4257718426455343,0.026769095545936074,0.03418863752238149,0.47611173475493124,0.22784967554151772,0.06909935192586059
1988,-0.024870328151072537,0.2182568015052424,0.47889146831317647,0.3756650757754232,-0.09697512956985217,0.04645563046710547,0.558327661037613,0.22225016848251938,0.08411747407532272
1986,-0.039974100381363065,-0.04286028819140678,0.21136415229574318,0.042786722128309355,-0.44399884152229413,0.012055066107857504,0.6034474334868973,0.04897430627482049,0.10304126805206677
1984,-0.024800867822662415,-0.16397182542057384,-0.09291218868621337,-0.1698369633925838,-0.4445557997374113,-0.02293436861749014,0.4887742499460925,-0.06146253767583463,0.09215589649657845
1982,0.08950428906321553,-0.13401158706176652,-0.09893267736018718,-0.1482169326842634,-0.041505187902288,0.003013157891619059,0.582644640269792,0.03607081460230306,0.08343355653360543
1980,0.03562368416779714,-0.38659956925372935,-0.1352511785765737,-0.22068921258114127,-0.09173288124161406,-0.010452051754228966,0.20610155247962134,-0.08614280810855268,0.06221833916257775
1978,0.17026360732831872,-0.11159592274819284,-0.046784785938148776,-0.12186627485622194,0.13192682664409952,-0.005099942097774877,0.06990306143805951,0.0123923671100199,0.037731592190088606
1976,0.12935143401908006,-0.23206717504353766,-0.3049706098043895,-0.34904530564937125,-0.055592490301693206,-0.025947174355064988,-0.26972891114609804,-0.15828574746872492,0.05771906822159774
1974,0.07901864294348132,-0.2279192235441264,-0.5117948555554408,-0.4060401847849839,-0.14186803121349623,-0.03243317962999755,-0.4612181648365334,-0.24317928523158527,0.07379281031847319
1972,0.09722755360273515,0.04740226379122748,-0.43059323629138274,-0.16179931060563707,0.05658984713253601,-0.0029723463844799417,-0.24371176554037416,-0.09112242775648219,0.0637760193774056
1970,0.11999025235641889,0.3102876689465844,-0.34682744558266343,0.1486819230367253,0.32838940411398204,0.022733267647781233,0.08717828796124641,0.09577619406858211,0.07377772965861391
1968,0.10690457679335798,0.2473395008954456,-0.4239613343604637,0.35410352791302824,0.3384997477048981,0.012212592813802495,0.05810215901392133,0.09902868153914143,0.08734151646243757
1966,0.10690457679335798,0.2473395008954456,-0.4239613343604637,0.35410352791302824,0.3384997477048981,0.012212592813802495,0.05810215901392133,0.09902868153914143,0.08734151646243757
1964,0.24891791226018462,0.7770773994176698,-0.0559205235191418,0.680707827468663,0.7628096682646855,0.055733648470110086,0.41240770054008796,0.41167623327175135,0.11188509386278933
1962,0.445715713782542,1.0522803868394353,0.32005056991880637,0.8202018367411321,0.8306175297332331,0.10266950641486625,0.5795069808011928,0.5930060748901725,0.10821781486122048
1960,0.6578254432757084,1.50267463572059,1.1043314152348822,1.2205429071275273,1.1274946335358091,0.18243291696051794,1.234924620806135,1.0043180818087385,0.1444830259588687
1958,0.7934541060760243,1.779152874237006,1.7743494705323364,1.3161586811734471,1.3314381447798784,0.2271861575372016,1.6583296228740427,1.268581293887134,0.18826523905364198
1956,0.6737373689880434,1.5493868230574384,1.9942751460188086,1.127622060024959,1.1198309391706611,0.2443166898734729,1.676759062913531,1.1979897271495592,0.1974011355610492
1954,0.4877341407169232,1.2185457633374825,1.7290873914265856,0.9563875994352468,1.046686048301089,0.17285532361724357,1.3545421837563731,0.9951197786558491,0.17193906592964558
1952,0.13850607556344646,0.47882216595664,0.9501580317684853,0.43426927212498834,0.7484259889128996,0.063606744760153,0.637562216163057,0.4930500707499529,0.10426862099008756
1950,-0.11942046598035187,0.04590999943363808,0.4191426210587149,0.21199301427339248,0.5157232609626548,-0.0017726535662135362,0.16955042762027978,0.1773037434003021,0.07460074688085619
1948,-0.20543273233402484,0.0274395412795866,-0.13624845638475372,-0.047699472698755456,0.46051543651294397,-0.038907596668185385,-0.3220608281820416,-0.037484872639318635,0.0814237212233269
1946,-0.09419734097529528,0.3164984312883196,-0.1090579367754954,0.08921603797521106,0.663549658460214,0.012587657878127661,-0.33593837607887095,0.07752259025317294,0.10691622704913215
1944,0.2369598144993592,1.1868018083344611,0.710188947810148,0.6640961343366417,1.4373622180651715,0.1226596079936708,0.4507675055807415,0.6869765766600278,0.15758952413012012
1942,0.6484203431510212,2.0417880472368073,1.5300129060647296,1.1258530249926049,1.9805834147365595,0.2263888781973999,1.0149306232729796,1.2239967482360146,0.2201745402180451
1940,0.8214794387931276,2.380565783972911,2.0221330545793594,1.4633809812264302,2.2044107378898286,0.2825748091723121,1.4683195336779455,1.5204091913302735,0.24950510373866835
1938,0.6933177353575197,1.77652566657514,1.550242439344468,1.1593937255867355,1.7155824940012263,0.2259184915390975,1.2649701507542275,1.197992957594059,0.1857552351484587
1936,0.6373567416358817,1.4630840410358312,1.270346581778892,0.8238086421815025,1.1628037790307768,0.15686237307405715,1.0894613996135345,0.9433890797643537,0.14473149568035182
1934,0.28618679436804323,0.48151034438537776,0.42724447041653213,0.14099840264117508,-0.024131101063559333,0.058206622474600324,0.48315549377163003,0.2647387181419713,0.0685274853598405
1932,0.13379854832213578,0.1709264097775018,0.15104612288691915,-0.07842445674325887,-0.4677394574540684,-0.0010675207574179586,0.1767638251122844,0.012186210163442264,0.0761894348750522
1930,-0.11189217645786047,-0.41907434321399506,-0.4480946404344536,-0.38440356845647816,-0.9978105409253332,-0.05895470570615092,-0.512568242178035,-0.4189711739103294,0.10086836350468681
1928,-0.24380997534348073,-0.6229747967004822,-0.700944165700291,-0.5923914448721067,-1.0214705822699408,-0.07791493209152531,-1.000513068542143,-0.6085741379314242,0.11555403549580134
1926,-0.28825759147302193,-0.9212887917046175,-0.9428931764917157,-0.7299595783199583,-1.076207587237007,-0.08038649835924294,-1.26148461085494,-0.7572111192057862,0.13991077737543484
1924,-0.3209850325222586,-0.8363884729618787,-0.9382895474653755,-0.7195991812130323,-0.9707586924960453,-0.0767443636804718,-1.2995188239281525,-0.7374691591810307,0.13567116957705852
1922,-0.4529186681902684,-1.1585027022244814,-1.022226613869332,-0.7657253429415851,-1.133626869082154,-0.0962034835734753,-1.2069370841618712,-0.8337343948633097,0.13782864668400344
1920,-0.37442332951994245,-1.0094139013100272,-0.7032416429005633,-0.645034180820876,-0.8634434249376256,-0.09626899025464794,-0.8167681961212292,-0.644084809409273,0.10244537022837433
1918,-0.493907419420225,-1.3896890681610885,-0.8991107710048124,-1.0127795264557573,-1.3805617915141775,-0.15183935211871719,-0.9394630181163607,-0.8953358495415912,0.14696425828836904
1916,-0.5288402258981737,-1.4764575625107437,-0.7963099606232027,-0.9660369142834109,-1.403738937553369,-0.1774967060979818,-0.8543230103020769,-0.886171902466994,0.15010039485089124
1914,-0.3430080875574804,-1.1730884395141468,-0.6390699122340673,-0.810450728371563,-1.0671902660578787,-0.15632645444087162,-0.7134295669930328,-0.7003662078812914,0.11935516972800837
1912,-0.38294272728035034,-1.1354726895813172,-0.6874720859463045,-0.7709424583299792,-0.9972737294529579,-0.14957912918199745,-0.7116069334149175,-0.690755679026832,0.11069769665032382
1910,-0.2497146889988092,-0.7944667206234316,-0.5772473187466775,-0.6889655005323156,-0.7671819966764131,-0.11610860362091205,-0.7397324893855475,-0.5619167597977295,0.08868314273747946
1908,-0.19646905869433495,-0.461207576077753,-0.2426015380642954,-0.4498409705547045,-0.5504100569359132,-0.05000399959152064,-0.3999466521706472,-0.33578283601273845,0.05804602375410275
1906,-0.12632013451299132,0.023515831263252355,-0.022455108225659305,-0.10132006347962232,-0.2309059821980529,-0.013324708854341985,-0.09917370572270781,-0.0814262673900176,0.0280937979595977
1904,-0.10641621503904052,0.1644339284113143,0.09911568556004682,-0.11081465475573021,-0.14691370967894532,0.016754336403834787,0.18049454848606777,0.013807702769649658,0.045034667953741316
1902,-0.08885360531383595,0.2661058655977773,0.1810836956208503,-0.05370546238405201,-0.14315301354269128,0.011180129593049327,0.21172341808197656,0.054911575379010605,0.05323809306290137
1900,-0.02110597870208167,0.3974909540834858,0.27552874390636334,0.12083574145976872,0.09534735684081314,0.018148495196596847,0.43148216259454275,0.18824678219706983,0.05923640168950761
1898,0.08634012507337731,0.3681433990513491,0.17276322891173415,0.06862849674622847,0.06917017266391506,-0.01130770721684887,0.23309930230271436,0.1409767167903528,0.04176203896491176
1896,0.26593796466561936,0.709709723849296,0.35285847879584403,0.34085715702685576,0.4234530808606088,-0.010219439780576737,0.5182178832507481,0.3715449783811993,0.07279504339115635
1894,0.4301422000373199,0.9851166789146935,0.5376422284010957,0.4417030533704903,0.8808574252081318,-0.00821330608615258,0.6092775491907939,0.5537894041480531,0.10690912373435649
1892,0.4301422000373199,0.9851166789146935,0.5376422284010957,0.4417030533704903,0.8808574252081318,-0.00821330608615258,0.6092775491907939,0.5537894041480531,0.10690912373435649
1890,0.41442005185680864,0.9450381436276503,0.6978453702256988,0.5995690142599013,0.9253156028150522,-0.00961881676690643,0.7914628959452442,0.6234331802804929,0.10965406041621253
1888,0.2928401951351507,0.7688348564530133,0.5506939370841782,0.4285753225101531,0.7455220757048311,-0.06353473042851775,0.7081617030703564,0.4901561942184522,0.0985034623851425
1886,0.08986913845925093,0.36277712372779836,0.1990782809067706,0.07678138941239394,0.3097673488945607,-0.1054439979775176,0.3288318552684397,0.1802373055273852,0.05558415102026487
1884,-0.06467312839574675,-0.09373521074067856,-0.11860884415410697,-0.16258346564719628,-0.08757054517907813,-0.10958920292660274,0.10174615581476143,-0.07643060588980687,0.027584142659282516
1882,-0.06606259311298959,-0.06615237665923662,-0.2338205276465061,-0.2636497769729055,-0.11991718885059134,-0.06678354799093847,-0.05534398852782514,-0.12453285710871324,0.028743866186007938
1880,-0.07293120301456325,-0.3200278323988464,-0.3532126984396093,-0.31875739327237457,-0.2569601205558397,-0.04505081149688776,-0.18261411503496808,-0.2213648820304413,0.04064027233721127
1878,-0.053723820872278796,-0.2707485860377891,-0.24668078357422796,-0.08302777674167344,0.03083571602839246,-0.0006455839074538724,-0.09684166319708423,-0.10297607118601641,0.037805218295331434
1876,-0.03791629088720519,-0.25900034908805625,-0.17449899951876194,0.0887168242010541,-0.030497693553941538,0.019194816892115486,-0.12395877329087805,-0.07399435217795333,0.03900036180590282
1874,-0.09651016473632523,-0.2579603446039423,-0.09161784185753388,0.20283960500137466,-0.0904899129697098,0.0004108973206063259,-0.1963641800668463,-0.0756702774160538,0.04856163862979484
1872,-0.036426214137760246,-0.03734473109188712,0.1396931640022116,0.34472303915926006,0.0627659417836392,-0.012900443549904264,-0.10746873306488346,0.05043457472866796,0.04980670511996357
1870,0.03608056748896232,0.06803773273983597,0.36055045847831385,0.5205100339132218,0.051689103956063034,0.003375394246783466,0.030754778577915195,0.15299972420015653,0.06636275752878741
1868,0.13641354215804513,0.15408714755186576,0.38393385505818284,0.30695513406546293,0.07408989718122819,0.00946095797189766,0.03972177181877026,0.1578089008293504,0.04567143144114868
1866,0.20100415127482502,0.16059337683805594,0.43465075392379876,0.21275248687743828,0.18179243523937408,0.04387132875996152,0.21825388451356256,0.20755977391814515,0.038130022604300276
1864,0.24362407229244998,0.1825746941239442,0.45476419687848796,0.1149477196522069,0.2600335436316198,0.057425625061143556,0.4245448742302804,0.2482735322671618,0.048621153766753876
1862,0.15928057866594128,-0.06254402463850378,0.2468812193938902,-0.04403085599215652,0.06623836567068231,0.05645484030370124,0.3425327079892763,0.10925897591326159,0.04882764328419452
1860,0.1245009379897662,-0.15955090604245512,0.2886589113767987,-0.03659756067822979,-0.09521138064027534,0.05820287198603443,0.48675960748255054,0.09525178306774139,0.0745818947399989
1858,0.09230382154764298,0.06031207738122427,0.3327752495559198,0.23687655995407175,0.13329447201720926,0.042131481264258044,0.506856822899033,0.20065006923133702,0.05568254702976059
1856,0.15991952391078618,0.3354286518082972,0.3525122942120718,0.3307503558100994,0.4313884924514488,0.061457440537611215,0.7407694162419666,0.3446037392817544,0.07059663673046859
1854,0.2880215190402893,0.7061619175966932,0.6114989225929706,0.5284661341589554,0.6139732057197719,0.08795890955362587,0.9814146087926349,0.5453564596364202,0.09456736653726892
1852,0.22592446291498333,0.7601414695781228,0.46440692790393445,0.35734379074853695,0.5254491279305818,0.061131215450787514,0.9065182292429083,0.4715593176814079,0.09610792640843463
1850,0.1835831234414071,0.6908369330155577,0.37311725356592196,0.3309444189648615,0.4939917188365378,0.03722773436482892,0.6546885933413116,0.3949128250757753,0.07815244094697497
1848,-0.04171958026034635,0.08994489661939194,-0.15487285904429493,0.03978230566508523,-0.08006926285667522,-0.049500472999683146,0.18945890053201947,-0.000996581763500426,0.0378313807203101
1846,-0.13182331417280232,-0.2829079268736026,-0.3383512499182972,-0.175555122384054,-0.4951264027725816,-0.08004302004549223,-0.14005305416887479,-0.2348371557622435,0.04778073435740137
1844,-0.2559809132832944,-0.5930332598775406,-0.47390567972400377,-0.24691632239372358,-0.6376030361487599,-0.11269461913621046,-0.39713652907551306,-0.38818147994843516,0.0633767139547411
1842,-0.06127165836182044,-0.07896659969150227,0.10453662276155713,0.14816849187348724,-0.12447046133034641,-0.04048467409453696,0.08947488676189624,0.005283801131247791,0.03479890636836667
1840,-0.013531728235048807,-0.07648296544262546,0.1814408643090934,0.21969457282284832,0.026380330204542432,0.0006631375991945859,0.2093745263625022,0.07821981966007238,0.039849026872436265
1838,-0.04871677416185073,0.016939282603087434,0.24776952648678038,0.16213755889963163,0.03672158121540195,0.0033487074488699653,0.2072080109924288,0.08934398478347849,0.03750166770346492
1836,-0.1101468734499427,-0.04968739662242954,0.044969505846267674,-0.024573013691427045,-0.11293784961149675,-0.022246233190221863,0.20184220593675095,-0.010397093540357037,0.03547149070447705
1834,-0.20301254371331237,-0.1033771419997358,-0.11885047043166733,-0.22590938830974006,-0.1443843552374327,-0.04486572063896742,-0.013326530472749195,-0.12196087868622926,0.02534673558584759
1832,-0.13382773985565768,-0.022550719610737877,0.04049414502300709,-0.11509281554995293,-0.09772912135583797,-0.04652639324650912,0.06234523226105422,-0.04469820176209061,0.024971998822982178
1830,-0.05923392284463458,0.14712271496558949,0.19633958535889282,0.013443154926279895,0.09039272710989171,-0.025607580079683417,-0.11570095496681652,0.03525081778135992,0.0371768613810189
1828,0.09572399080352496,0.4620461465742807,0.33577478941636185,0.24390094168351947,0.4356182281299196,-0.005414923097590176,0.0299198280739314,0.22822414308342112,0.06281578002398998
1826,0.20835935359753044,0.4542142212484265,0.5565882453753584,0.3443308573828574,0.45669555135191764,0.01543929724267501,0.12798436650867454,0.30908741324392003,0.06471398428384305
1824,0.14481613191303727,0.2570654514821958,0.33780473911488845,0.14676748149563412,0.4406318043239683,0.00874690504978618,0.0312398866296437,0.19529605714416484,0.05191546530092198
1822,0.09541364719811307,-0.0398857835957757,0.17430207351575444,-0.05618649821969336,0.10812858927054957,-0.004038078893309027,-0.09133799629722272,0.026627993282630897,0.03254671162381696
1820,-0.020887411816063052,-0.18300558699651284,-0.22188111523043896,-0.21613398377130502,0.016744153336619085,-0.02505992632838703,-0.30567555258896956,-0.1365570604850082,0.0409013516481256
1818,-0.08481692185575014,-0.15583388126034844,-0.132002222750137,-0.20644867190906752,-0.15772335815581554,-0.02995381066529161,-0.3747862821886023,-0.1630807355407161,0.035755896464856725
1816,-0.08481692185575014,-0.15583388126034844,-0.132002222750137,-0.20644867190906752,-0.15772335815581554,-0.02995381066529161,-0.3747862821886023,-0.1630807355407161,0.035755896464856725
1814,0.037742092711853185,0.2837127549961092,0.13315418466091203,0.18374873732718336,0.29627844465467035,0.02134957225343095,0.010962339784995622,0.1381354466270221,0.039685844648003794
1812,-0.006520465493052334,0.2091364552926295,0.11825996185039787,0.13549449193053245,0.34892378738208213,0.02786756518219608,0.07627871404747277,0.12992007288460836,0.039259444896730104
1810,-0.015848450978454373,0.24312100112690385,0.37271817440236193,0.21245696702338357,0.29361339456323354,0.049233862496876966,0.14729620711448407,0.18608445082125563,0.04459196083966142
1808,-0.022548400296871222,0.18674826980139736,0.27748618983721796,-0.008865663867345285,0.29856670860243983,0.025168261375249433,0.05935866666515537,0.11655914744532049,0.04445247469776432
1806,-0.12696622032811256,-0.1441959261093839,-0.039207612010895655,-0.12540833455446196,0.07611538592179445,0.00340591162865608,-0.1620678553156409,-0.0740463786811492,0.029236856628963245
1804,-0.1882778112167162,-0.22549449180835118,-0.20515021435036623,-0.07331464471540439,-0.035009001692312,-0.027649409030806947,-0.43611186158571513,-0.17014391919995317,0.04692298986488639
1802,-0.21740520898669644,-0.33245465841780036,-0.2139829298092223,-0.05168387891279143,-0.21355437131240113,-0.039849966418875005,-0.2935972048140098,-0.1946468883816852,0.036457404768042705
1800,-0.30960883858754007,-0.4883493605660483,-0.4855211108961218,-0.15488561911925516,-0.4565434024434163,-0.06993538864897877,-0.6545595792379872,-0.37420047135704965,0.06756639133870895
1798,-0.3536223549607719,-0.5815996649460929,-0.543360579824858,-0.15970546134597732,-0.5405383350814227,-0.0859444251982411,-0.7012422177150408,-0.423716148438915,0.07542908885769892
1796,-0.27949955082599204,-0.473818273933422,-0.5257323674244841,-0.20868654317567775,-0.48077980135226983,-0.0874779675258641,-0.6854110149495182,-0.39162935988388975,0.067815839651668
1794,-0.27507274071240795,-0.41307601860174953,-0.4337601432504868,-0.28177940252851963,-0.3588595315949645,-0.08776006765891833,-0.5827090976977316,-0.3475738574349683,0.05074851936881557
1792,-0.2821655831372706,-0.563474007951669,-0.43040443607963785,-0.36522988697729164,-0.3387436002260162,-0.0824755257775242,-0.6915248829834455,-0.3934311318761221,0.06436516041433518
1790,-0.26725530148735677,-0.4906495766431883,-0.35211282710305186,-0.4343545749019946,-0.2732938237363719,-0.07179205934179488,-0.42606537952443474,-0.3307890775340276,0.04633634175738982
1788,-0.2317841812871472,-0.34096038544750923,-0.16245414753911294,-0.35714220865347374,-0.11280481770470607,-0.0537642196921037,-0.2713506952580338,-0.21860866508315527,0.03747338991143428
1786,-0.07395926067989483,-0.14215697385171755,-0.0384012061607205,-0.11181691430171371,0.07652800594276005,-0.024721961060301594,-0.1854712494955534,-0.07142850851530594,0.028287214759052225
1784,0.05093691582335923,0.1738584014878145,-0.039675940089129516,-0.0019543310657066824,0.38226542058317226,-0.02224424829088569,-0.10365907116313068,0.06278959246935621,0.05414406109863445
1782,0.13366329639133342,0.35137953529487465,-0.004445997394290981,0.16290479870473515,0.36890579309311194,0.0003219663494247179,0.006497808232706038,0.1456038858102707,0.05271580871768999
1780,0.15533657339179543,0.39978857387261235,0.0866395139664817,0.26551495231590455,0.36891125148038056,-0.029139528623322124,0.13568875621725268,0.19753429894587216,0.050741364053509104
1778,-0.07352731288818834,-0.13591729278516118,-0.4162879961574587,-0.12413466634750905,-0.11804312195612002,-0.09610069264347618,-0.26697964039286143,-0.17585581759582497,0.040212750605049065
1776,-0.20764072088510052,-0.4914096463043061,-0.6181774199265552,-0.38328710959928747,-0.4701316282235417,-0.13012946139736592,-0.4268271344076982,-0.3896575886776935,0.05525234524599191
1774,-0.4326807110444394,-1.0809930897326778,-0.9828663131808388,-0.7271383653231369,-0.9604032248934801,-0.16370786919770638,-0.748071337177153,-0.7279801300784905,0.10770453196092397
1772,-0.45648782044779357,-1.127692697698331,-1.0054649353363696,-0.7590135652467888,-0.9357112398117325,-0.17107925897805695,-0.8535748416916268,-0.758432051315814,0.10970843594407304
1770,-0.4348913911270902,-1.1177829626237683,-0.8980496911555828,-0.6024300157989417,-0.9584925969465993,-0.14129743808757744,-0.7367538667100092,-0.6985282803499384,0.10969693809307555
1768,-0.4362192343470842,-1.031073700323397,-1.0029571348660486,-0.5630367299085096,-0.82215725116294,-0.14321902534601078,-0.6016233789993252,-0.6571837792790449,0.10449750990750996
1766,-0.379478133764203,-0.7462429429466372,-0.6795273689913682,-0.173490770583092,-0.5095892200253895,-0.09642056821928337,-0.3764681928622104,-0.42303102819888333,0.07914253870553388
1764,-0.4297868834095828,-0.7442589610795275,-0.775911564845735,-0.2941682299112371,-0.7138571542209451,-0.11392578953417987,-0.3154245407723031,-0.48390473196764433,0.08557881767898591
1762,-0.5244405610710228,-0.853220721623281,-0.7973422907986668,-0.3908751502578377,-0.8057690738190417,-0.12054885125283665,-0.4944402710548827,-0.5695195599825099,0.08756231625581753
1760,-0.5440916497691152,-0.7592067575769668,-0.8403704779828518,-0.5612111120380896,-0.9809624742613542,-0.15133631269107292,-0.6412016665141179,-0.6397686358333668,0.08709737545813348
1758,-0.5241681113058912,-0.6520451818027719,-0.8309281564495811,-0.38458881373232356,-0.9063233788983192,-0.13608470641717793,-0.642789346083406,-0.5824182420984959,0.08628311803548909
1756,-0.2674447194988555,-0.24935822116727058,-0.5417324483741133,-0.128521749281531,-0.612134927829373,-0.1028198331375852,-0.3907877644065117,-0.32754280909932004,0.06418502945274136
1754,-0.23002181368191824,-0.13407524351853015,-0.41494189397587056,-0.10987105387460563,-0.5274084138098174,-0.1049984788787408,-0.4930333479172374,-0.2877643208081029,0.06090723287472671
1752,-0.1350117507799072,-0.03234295363846925,-0.17366467737827018,0.06854063397715422,-0.4388480680343674,-0.06118377092377356,-0.27398304783550237,-0.1494990906590194,0.05494793356339216
1750,-0.06993665539672095,-0.03593436004009269,-0.2025442553743218,-0.07724672823315727,-0.45237053289281226,-0.049211242851986824,-0.3931200658938009,-0.18290912009755608,0.0567871424337838
1748,-0.04942216225648689,-0.0805106647103326,-0.01728938188981118,-0.03457831828480821,-0.2774867917795358,-0.01657335569437418,-0.23337561287452235,-0.10131946964141017,0.03543037135214683
1746,0.04668792230295578,0.1603251965312963,0.14171875694967878,0.07107995772661757,-0.024544304984500873,0.005775365025346259,0.05867227231194052,0.06567359512333347,0.021920132138049754
1744,0.10788060242848793,0.1968078510822755,0.008512957262736298,-0.014621917550931823,0.13567481879274818,-0.0003588611657637597,-0.030839782300409294,0.057579381221306146,0.028911505049738318
1742,0.10788060242848793,0.1968078510822755,0.008512957262736298,-0.014621917550931823,0.13567481879274818,-0.0003588611657637597,-0.030839782300409294,0.057579381221306146,0.028911505049738318
1740,0.15166484283514067,0.1800078247946832,0.0662200528876804,-0.051793301487828985,-0.041210557803312974,0.0084108884821002,0.17265030738855888,0.06942143672814591,0.03281836203202959
1738,0.1489486124868692,0.2530887729977129,-0.14106278652198254,-0.06276926922791465,0.003140904466315577,0.003915144580091396,0.0655699953694745,0.03869019630722376,0.04307891553770535
1736,0.1839329252875389,0.4065623211424444,0.0008373678568713771,0.09686145861796451,-0.04407140246906099,0.012995369320891764,0.20569763654032308,0.123259382328139,0.05116144680992389
1734,0.11853867531263378,0.21767314559556494,-0.1390810219124685,-0.08605814645026955,-0.216406150747854,0.003935877191492891,0.040617882879691584,-0.008682819733029831,0.0493080218762986
1732,0.07572229590144226,0.23118714712497204,-0.180621883760954,-0.08606586508620627,-0.21328991869969252,0.010332567309423843,0.0026540757339886985,-0.022868797353860847,0.05020644582905469
1730,0.12757807587944436,0.31855075453044807,-0.02767723931205424,-0.012133270470888576,0.11975648913955785,0.012186711971145844,0.017187201288842303,0.07934981757521366,0.039949694297190266
1728,0.12643643880874295,0.3234116350125916,-0.035607003208767515,0.024779624739139205,0.2814383483000829,0.017929120173794433,0.00871884264624413,0.10672957235311824,0.04673820541787886
1726,0.10965840076994494,0.2491772890264977,-0.06312857927575637,-0.055173780733756464,0.3148513619382555,0.016121102301185564,0.06727187611105477,0.0912539528767751,0.04757877636608737
1724,0.10372542870614893,0.10012460881225661,-0.10312218773291595,-0.22187117689185878,0.12098493307400206,0.012447076481615724,0.05815948873223298,0.010064024454497363,0.04185662695956295
1722,0.10455035042085105,0.07793074161276407,0.07402286762437399,-0.014391912266160291,0.04415442786538176,0.03189367512495808,0.06785928486726683,0.05514563360706222,0.012659626874560008
1720,0.12812944400392784,0.1558522678034653,0.21644154227066584,0.04880658876361036,0.061273981110068446,0.04958488832878601,0.2580279014584,0.13115951624841768,0.027486339806130362
1718,0.19477748140760462,0.311325382850316,0.5649924500287015,0.37135533799128884,0.2217748994050925,0.07821128964948432,0.4255491855907208,0.3097122895604584,0.052935999425970645
1716,0.19423653736041158,0.3031526897744608,0.6796428060871661,0.3667719445067352,0.09456309571810433,0.06265056785066064,0.5243219002536323,0.3179056487930244,0.0739688768979329
1714,0.23470242448005266,0.47470894190521756,0.6258961721457638,0.44901030546316134,0.3124615452747301,0.06373218950800906,0.457018672113589,0.3739328929843605,0.060587819530572996
1712,0.1156983072025486,0.1340644866792278,0.44390782445629046,0.33432213946516737,0.10021386712615687,0.03120482006903122,0.3828585931140424,0.22032429115892352,0.053114186930913375
1710,0.10567240529808311,0.22553444399456793,0.5181213753851254,0.3103794169667032,0.13534152070838776,0.021235578493306446,0.36597751359690434,0.240323179206154,0.05593982561181413
1708,0.07191317298798232,0.13363013219355374,0.37665990777847475,0.07304512596669563,0.11762092238274352,0.008163073585325496,0.1147068583813055,0.127962741896583,0.03842305170979505
1706,0.054166256966499605,0.13586568041967004,0.4334093730100721,0.19108745773465488,0.0023256529404366384,0.0023272717840807857,0.03231811947268727,0.1216428303325859,0.0505731447171692
1704,0.11955793378353224,0.182105889142936,0.5277332032012457,0.17681256317081925,0.12880828705053016,-0.0018533650915727505,0.10299707978401332,0.17659451300592915,0.054465868194757815
1702,0.07492667303451533,0.17827738988663905,0.49095099146315624,0.14471947486038295,0.16857867082843025,-0.002558135825055169,0.014544392126981057,0.15277706519643566,0.054219208939367866
1700,0.18097198152919586,0.3386038488412052,0.5385270548305587,0.3446582688616909,0.37464726995723213,0.03800707273432871,0.2653517374138418,0.2972524620240076,0.05173897594542312
1698,0.12064841172412316,0.30054519459654755,0.5201462097000993,0.34947877869142135,0.2846903206593126,0.04998061311502072,0.4526090235194996,0.2968712217151463,0.0549423174833783
1696,0.17891086481089696,0.3699359519753519,0.5788158444632794,0.45017033460160755,0.46084537107555945,0.07259569151382007,0.6506519167340151,0.3945608535963615,0.06784849916111908
1694,0.08313570712969065,0.24145363111068882,0.3170086448619081,0.37782598643505144,0.2688666323116564,0.052493937150016635,0.6946515627983406,0.2907765859710504,0.0699728099211623
1692,-0.00040667361545234737,-0.005391908546469547,0.19678696801314288,0.05449079641174381,0.06728585842511602,0.025797706626414386,0.41270437178540836,0.10732387415712909,0.049391386049142456
1690,0.0023811740783110237,0.09523883292388977,0.14425735150154437,0.21897384706026743,0.13600105208042662,-0.0013694991387563226,0.3420514645911479,0.13393346044240442,0.03958850793443563
1688,-0.06667798899339196,-0.053880157659168995,0.06888325524737034,0.0958606703740604,-0.10900706573772681,-0.027959768567536358,0.16763034212650516,0.010692755255730253,0.03307110092541261
1686,-0.12509764221206468,-0.19623861741464554,-0.09611139426666446,0.014273633247192353,-0.08730410734168277,-0.04353381998525237,-0.08406125667175288,-0.08829617209212434,0.021385137210807446
1684,-0.08122097209538326,-0.1754717798443333,0.0013648071152338181,0.0803222845146668,-0.077575853479058,-0.040131457208512654,-0.12719129691285735,-0.0599863239871777,0.027535166920350986
1682,-0.11099491679010796,-0.28208678926448333,-0.31570840826676383,-0.1719142208087655,-0.13149152544569037,-0.053203593915087395,-0.42456250615337154,-0.21285170866346714,0.043167477575189635
1680,-0.10340279851317569,-0.31183821140951096,-0.3115304868466523,-0.1610486324331945,-0.11414130599483498,-0.03193673517551198,-0.3024632795627689,-0.19090877856223562,0.03810985325013534
1678,-0.01595074243395517,-0.10469764392252318,-0.175590652252207,-0.11726838000285657,-0.03206267107720964,-0.007892393919383563,-0.2428621463856636,-0.09947494714197125,0.028848571417069157
1676,0.050374253552632135,-0.09850711921669247,-0.1390873997132399,-0.13065370207367516,-0.0019727718218229915,0.004185985230606187,-0.234327303841482,-0.07856972255481061,0.03283486906697839
1674,0.1623345639089156,0.23538493362552268,0.18073260244372708,0.15371503780867032,0.2806292482710661,0.03902539740085544,0.07689492728535696,0.1612452443920163,0.02746411575921907
1672,0.24968338576609964,0.4508067763290991,0.33913407959520275,0.17385721182844482,0.4957046431217108,0.04736784912995234,0.1098335193431865,0.266626780730528,0.05561476609796543
1670,0.19432058101869407,0.2397422885106138,0.17080071118073262,0.013606422663247412,0.34279333231017967,0.02701323961296433,-0.07278027073396702,0.1307851863660664,0.04788294275299537
1668,0.17240316808534412,0.1433835269030071,0.10383027237853433,-0.05606414818165525,0.30032880201213796,0.006280416383781987,-0.2618986089883568,0.05832334694182763,0.0596450852775791
1666,0.17240316808534412,0.1433835269030071,0.10383027237853433,-0.05606414818165525,0.30032880201213796,0.006280416383781987,-0.2618986089883568,0.05832334694182763,0.0596450852775791
1664,0.07210656458274534,-0.09866148775746056,-0.2888633584694256,-0.3057227759323616,0.15280317925286452,-0.031004269172384236,-0.5066322705881183,-0.1437106311548772,0.07656218489869886
1662,0.014383425182306514,-0.2338321910562101,-0.40310232863914064,-0.34831901826043427,0.04005347483628876,-0.05712079116828742,-0.6980239404599833,-0.24085162422363718,0.08708985048065702
1660,-0.03425381622551748,-0.3695731733119457,-0.5461347041299146,-0.4537011149985606,-0.12664346735502843,-0.07384975558518916,-0.865917208075926,-0.3528676056688688,0.09833993581996765
1658,-0.044375817516661406,-0.43701908142175444,-0.6234146905556246,-0.4262423376579961,-0.15475587848757613,-0.08161472368402659,-0.8527228283148688,-0.374306479662644,0.09822464044542104
1656,0.0018842935979469853,-0.24698250395220997,-0.4317963253030617,-0.3345527994908149,-0.04079568114997672,-0.06419158487953495,-0.7337491415416556,-0.2643119632456153,0.08603617412927135
1654,0.05866372951111897,-0.16505611021759564,-0.29695239664941275,-0.2078213209699183,0.015499113558544806,-0.05960593030292978,-0.6349987143462671,-0.1843245184880657,0.07690940169453304
1652,0.06747651144880908,-0.07803092205948257,-0.19806419110679951,-0.15430743880601686,-0.014024671149264263,-0.05036876780963175,-0.4267884744017606,-0.1220154219834495,0.05249997916759975
1650,0.08856037166138286,0.059566565936082345,-0.02038197116299675,0.02814540266709554,0.12545291312373386,-0.026378826359991177,-0.22530292646539626,0.004237361342844339,0.03771810421525212
1648,0.065191382182765,0.07660476801071964,0.014297826069954783,0.0839580467399221,0.1591733150704544,-0.021974134516036015,-0.12534695487330255,0.035986321240639614,0.029832073743468107
1646,0.05922078719603506,0.13400831962735266,0.15956447836884186,0.1596451662697203,0.1666310024203018,-0.011497875691744397,0.09672313624317048,0.10918500206195399,0.02163687234243654
1644,-0.03572651534061656,-0.055526760581742565,-0.02252331602387402,0.07200853600591645,0.02653762114103973,-0.030933935504450415,0.04180387196095167,-0.0006229283346822449,0.015502381842390488
1642,-0.0984382277422371,-0.2733427395250132,-0.15999701121889395,-0.006691465610122226,-0.17802647870003402,-0.03385761107164737,-0.019110482106055423,-0.10992343085342905,0.032368693031859054
1640,-0.03423192814305213,-0.11670040557030785,0.025411837691725076,0.14146459179514112,-0.05322768963850628,-0.019342702333051468,0.2205565155700671,0.023418602767430796,0.038605673329479305
1638,-0.044590938577698094,-0.05936344440992624,0.04698749479208062,0.1798034466587659,-0.06489815258514484,-0.012817748459463008,0.3216331067647848,0.052393394883342735,0.047931856371562054
1636,-0.040072124755335815,-0.08139079467068061,0.06759416189829552,0.16477219698780127,-0.10408886605267474,-0.0036996423576837016,0.3865200246194199,0.055662136524163124,0.05645906845211488
1634,0.04573899240135766,0.11140155558540063,0.3624516574596452,0.33391443706398155,0.023928435339083086,0.025930443697638833,0.5941305631334491,0.2139280120972223,0.07211748113149123
1632,0.05511783290701716,0.17950230988033294,0.4122479087059292,0.35418280477461295,0.09982413664353129,0.02857151706690697,0.6622192121493358,0.25595224601823807,0.07575659580884667
1630,0.19066964577359025,0.4786991640830605,0.6419881104624472,0.4861930787368681,0.40208999279966945,0.06620442124449985,0.8744966440178025,0.4486201510168482,0.08823909646439157
1628,0.23918182109003472,0.6355366361650134,0.7998863423145798,0.5536450818121373,0.5377933126907818,0.08280517566549221,0.9494547630327519,0.5426147332529702,0.09855955839157834
1626,0.24687573425000764,0.6512988245438309,0.7138902973450278,0.48193195653490856,0.49109489625322134,0.0795133470556371,0.8815409583436136,0.5065922877608925,0.09015823024967771
1624,0.2619370904136575,0.670364528969133,0.627749363930432,0.5055889398638798,0.5172617306511432,0.08208644337012862,0.8034899470825212,0.49549686346869926,0.08117035286919481
1622,0.2996622624103967,0.7904928561006884,0.6813272706556688,0.572281268489591,0.6064047384159273,0.08368925635364087,0.8430365893246071,0.5538420345357886,0.08910702051400735
1620,0.29758062508058913,0.7112693470975108,0.5304212974085192,0.5007760228761002,0.5657108937982427,0.07871993541215284,0.7626525334818902,0.49244723645071503,0.07756520943006089
1618,0.250847946031974,0.5568880658131072,0.4200567266824032,0.41178133572315817,0.43316519658873837,0.05989883005802449,0.6947118808074337,0.40390714024354846,0.06693790313866052
1616,0.1800938283137743,0.4319143252577038,0.22452507851079198,0.24079166880549677,0.28746935744342733,0.047192659540301926,0.5317770581262333,0.2776805679996756,0.05265844173715846
1614,0.11345047012259189,0.2873872534000706,0.17469626083052892,0.2256154897601791,0.21329998342001638,0.0415654831004863,0.44037352783587674,0.2137697812099643,0.04186593317126514
1612,0.1463056275905502,0.3363316200350306,0.18876855318199495,0.2571778543479346,0.27816870336991384,0.057006665689067364,0.47112276215581744,0.24784025519575842,0.04409992925119944
1610,0.10681058574577391,0.25663422653161383,0.09756398409591695,0.1871755352100011,0.18301894419236014,0.03721488946061601,0.2747886301647296,0.16331525648585882,0.028507393032341326
1608,0.10152750759537223,0.2420525035108399,0.08996776619130877,0.21591347016137913,0.14261755489404104,0.04574751276854944,0.25237682145898865,0.15574330522578275,0.02670770917484803
1606,-0.02208847735533882,-0.06838017176359816,-0.17986914248030567,-0.1065021861502552,-0.15179952606039138,0.012974347505047732,-0.054477607508480214,-0.08144896625904595,0.022599412755565512
1604,-0.0522612159333992,-0.12652357923632568,-0.21917301676291615,-0.04914651959498085,-0.19648735695798739,0.007334479341886082,-0.11412086804198239,-0.10719686816938649,0.026872088279410237
1602,-0.07564715483929897,-0.22250296289001403,-0.16240229709291268,0.02332014633576677,-0.28171564873882243,0.014211727293502,-0.03449738159848438,-0.10560479593289482,0.038922435382585274
1600,-0.016562888326859634,-0.0601312561649209,-0.02920869075871884,0.0748006529328838,-0.15643195113760688,0.026025810925666294,0.1333560334656582,-0.004021755580556853,0.03080969546489798
1598,-0.031348380414732514,-0.06938506463237572,-0.05293036829511796,0.06372246872165965,-0.1670151138398261,0.03376918865515878,0.171096115706977,-0.007441593442608121,0.035501466526328934
1596,-0.023417353386963245,-0.016180509849363055,-0.019789428081455396,0.0870111707909034,-0.19937490359671017,0.04069918280355643,0.1984582992259486,0.009629493986559505,0.03984705777821457
1594,-0.061249870328516545,-0.12801796852924208,-0.249120406128429,-0.1080855799768044,-0.2708080273145541,0.028937030021004503,0.02567394241204893,-0.10895298283492753,0.03910193629502883
1592,0.05885052681827771,0.14175534714411334,-0.09496828078926202,0.039941251375107865,0.007954248210006334,0.05927101565326762,0.2227621301448299,0.06222374836519153,0.03280596821565569
1590,0.05885052681827771,0.14175534714411334,-0.09496828078926202,0.039941251375107865,0.007954248210006334,0.05927101565326762,0.2227621301448299,0.06222374836519153,0.03280596821565569
1588,0.08205026489207146,0.25357319253964283,-0.055481013708405975,-0.00041169133311356673,0.10594100090975739,0.06226135040509829,0.2533106222433021,0.10017767513547893,0.03852809710271324
1586,0.0650757189542087,0.21366237395573462,0.03930707774317888,0.1139843135069445,0.13856664288369114,0.07109807639041502,0.3571797727144884,0.1426962823069516,0.03628295729929936
1584,0.059408426021359394,0.24610863192637808,-0.022109995066572963,0.06909467051083552,0.12839877463412203,0.05556131417567292,0.25425633721435187,0.11295973705944953,0.033875301728810106
1582,0.0357939242818256,0.16427155585378625,-0.08812785632059268,0.07294541339575536,0.07037690418981525,0.04167520890858389,0.1359992583374883,0.06184777266380886,0.026646965298336336
1580,0.03100834103112596,0.11003551263163118,-0.02717089136339269,0.026035492707492724,0.03638454239167538,0.03118061311610422,0.18937249050596833,0.05669230014580073,0.02320149430249268
1578,0.003713550988134436,0.11481088291223707,0.053733760405317174,0.1279911603252515,0.06542059977060219,0.020610289525460172,0.15320665182181736,0.0770695565355457,0.01845036037382739
1576,-0.0911892112177816,-0.20786638755959666,-0.2065416789153409,-0.006897708348452253,-0.24192937016316132,0.0031122116624868607,0.06256390691552043,-0.09839260537518935,0.03984724532043577
1574,-0.07697675399136757,-0.2544246090874896,-0.22772848280636962,0.017670495288157922,-0.21642283857684663,0.002798102607385241,0.09577395934023349,-0.09418716103232812,0.04565995964926242
1572,0.01576124637859105,0.06817216836093408,-0.007257534647166155,0.25024810926097446,0.08698536812345545,0.029352467435186966,0.3339379384383766,0.11102853762147892,0.042515514941253316
1570,0.07784501276347279,0.23502698087990495,0.1147018418579695,0.3582050468028906,0.12560557041154422,0.03478372858000687,0.6021472462783536,0.2211879182248775,0.06544684360864052
1568,0.02401014209212439,0.08778056484267027,-0.12120847717154029,0.1030373064537684,0.010584445027766504,0.00844622001263291,0.3143923287178256,0.06100607571074968,0.043622531141183765
1566,-0.045271414435242886,-0.02302681137294895,-0.11854675418297318,-0.031394302189149,-0.28117487079231823,0.0002572790530562049,0.16663274727167376,-0.04750344666398604,0.0440471489774677
1564,0.08183294864936212,0.1061866350395696,0.12084946874264048,0.04394460907096423,-0.10111918339770981,0.031128094985023176,0.27239717671941593,0.07931710711560938,0.03680639520621378
1562,0.035682755326784464,-0.06071051458562712,0.0716375229815348,-0.038187112009493956,-0.19491756305776797,0.013863464198763017,0.07419241517744601,-0.014062718852622962,0.031011075757200614
1560,-0.04248047048072445,-0.245309622563652,-0.1032424098579629,-0.22305198970445594,-0.3866558035701755,-0.012848651326373002,-0.08758675378990467,-0.15731081447046405,0.043610487325772065
1558,-0.13676717589396192,-0.40872827370392667,-0.309300929754452,-0.4038454442938724,-0.44656474131333895,-0.035572697986722135,-0.28663308043443697,-0.289630334768673,0.05002966303122948
1556,-0.07478981071730031,-0.18095285715417453,-0.16865275338236582,-0.2590467268027173,-0.1985191356388075,-0.03617775188771447,-0.15263465236092374,-0.15296766970628625,0.02467961435006756
1554,-0.08570720765216334,-0.21304638199992856,-0.3157286112687314,-0.28995824140443693,-0.10120792674010194,-0.04703711712662427,-0.27898109444843444,-0.19023808294863156,0.03621540529380442
1552,-0.13265543869015994,-0.2379263886784164,-0.3881737502892798,-0.330522434718511,-0.1376056235825923,-0.06617046038482806,-0.36565668691558334,-0.23695868332276726,0.04185500035204165
1550,-0.11106075268463471,-0.19519375475559095,-0.3564058179851672,-0.3288781575671382,-0.12014776560722333,-0.0707065549397047,-0.4394614170769306,-0.23169346008805572,0.046753392878978096
1548,-0.08467562145185144,-0.25000959569567544,-0.32176217876259816,-0.31103871741589834,-0.2489418267346576,-0.0680513786245032,-0.49770483378915115,-0.25459773606776215,0.04827817766302661
1546,0.002736789014293722,-0.06446434240501182,-0.1848433613049801,-0.15438763954658005,-0.14481899645352025,-0.0543628541801599,-0.4347170776552252,-0.14783678321874053,0.046690957916574495
1544,-0.021348719594333036,-0.10285997853717485,-0.12914981003636444,-0.11761462264616634,-0.1924776709925953,-0.05785205741885901,-0.3780154751771484,-0.1427597620575202,0.03830716599277994
1542,0.02798663658749241,-0.010241832958384555,0.05471704082514435,0.01909709678809785,-0.15961986952707866,-0.045431929568317125,-0.28255703433568763,-0.056578556026961914,0.03991506836894677
1540,-0.0003162804445857554,-0.07073741379079992,0.00615622366587585,-0.07841166099941513,-0.18134060977114558,-0.05051864055648973,-0.3069221523967533,-0.0974415048990448,0.03644075394743269
1538,-0.07051906223521436,-0.15094476306076268,-0.07879156348275647,-0.13242468510513689,-0.2540479614675914,-0.053316938847167004,-0.29872092682949125,-0.14839512871830288,0.031044646008308283
1536,-0.07857726760149016,-0.0939479685259827,-0.05753708397328948,-0.08170050439724133,-0.1474664073321139,-0.04767744690020135,-0.21726163138793822,-0.10345261573117959,0.019498666172851637
1534,-0.16530583883083064,-0.28905067396210626,-0.2086464691859468,-0.28518006175088145,-0.39910897364645104,-0.05476349351984852,-0.3087239662082797,-0.24439706815776346,0.036651189101673386
1532,-0.1756316441266747,-0.3025577067148637,-0.27445399282214034,-0.2877403593987287,-0.4581276316269248,-0.0529962825736567,-0.3323827999144024,-0.2691272024539131,0.0415479176276997
1530,-0.054355221973963426,-0.047777957444995724,-0.05149382105264769,-0.16342802454770028,-0.2151158703676553,-0.0254637595175679,-0.08624497598020936,-0.09198280441210567,0.023042328538102588
1528,-0.0631921397468954,-0.03824772401921479,-0.06505145737852555,-0.11330795637512252,-0.23806894505383758,-0.017514508323001245,-0.015525482319556166,-0.07870117331659332,0.025493002693896646
1526,0.004409791456686048,0.1401911148620957,-0.04610535664130812,-0.039699592642152066,-0.039374849806120375,-0.00886166768080374,0.07686546901115035,0.012489272651363972,0.023075996833470357
1524,-0.033029331131478795,0.07495425310055277,-0.026064201044304763,-0.0763310898791393,-0.12609130352045014,-0.010411185767595045,0.11921363626156523,-0.011108460282978575,0.027571455893647196
1522,-0.050064850216157364,0.029220197408204897,-0.05308107454225352,-0.08050708119860046,-0.10996489363910503,-0.0012150087969596969,0.17375301076159666,-0.013122814317610643,0.030977441331289064
1520,0.0265558189208165,0.2616635325639965,0.22804775554284357,0.15921077981239534,0.16672797493392352,0.029285756095481716,0.42026066834813547,0.1845360408882275,0.04500534031768301
1518,0.020268444537436068,0.26085300292390023,0.24829014879546257,0.17466776950985657,0.20073773343252538,0.03590991668795506,0.5695999173159625,0.21576099045758548,0.05987658694536554
1516,0.020268444537436068,0.26085300292390023,0.24829014879546257,0.17466776950985657,0.20073773343252538,0.03590991668795506,0.5695999173159625,0.21576099045758548,0.05987658694536554
1514,-0.024553746188950135,0.22304426586534892,0.2700623834698579,0.2693996141416212,0.10661365523454464,0.03272014138327289,0.5516089006985161,0.20412788780060165,0.0628054778194561
1512,-0.030323206401137507,0.12294225243474144,0.19201361982158993,0.14837841001590643,0.03406526672143417,0.013881967108674096,0.48827690774136334,0.13846217392036744,0.05677096085994051
1510,0.04758057987471992,0.29833463209326044,0.3423823157840656,0.3552489175241698,0.16150231741817656,0.022208530717621463,0.6278824189305728,0.2650199589060838,0.06864224111956156
1508,0.022438549583908746,0.22327335546339067,0.25680886924540336,0.28474386319832984,0.10603221184878894,0.01562834998496561,0.5295653710186781,0.2054986529062093,0.0588131159069929
1506,0.038989339420914794,0.17378923458583115,0.22547789791377085,0.3264208686031288,0.11989668697743205,0.019776251835633894,0.517378424707052,0.20310410057768052,0.057134170550328246
1504,-0.008558408677621738,0.03838732061758719,0.049647328557362404,0.12430615991582347,0.09794743047306205,0.00668225300196862,0.4026629402416293,0.10158214630425876,0.046099074076583056
1502,-0.00100445427826715,0.02925885441750644,0.03438455243978817,0.13530442372069987,0.13684098047191295,0.012766560858736889,0.4085933505329557,0.10802060973761898,0.04715182056606946
1500,0.055777075236683085,0.14804761669866962,0.12676563817212774,0.15272598368581192,0.19330061570394635,0.03527498151419321,0.5085715676471056,0.1743519255226482,0.05156276797043804
1498,0.04864660125630415,0.09931421847244416,0.019942985923816846,-0.01209411229273896,0.17939864459548271,0.02446959469776628,0.2594977813419577,0.08845367342786184,0.03221777540451331
1496,0.1268335839622335,0.3725830428767767,0.2290383506303273,0.12116273752520479,0.2636625509518296,0.03613340541787887,0.38609539295654227,0.21935843776011327,0.04332398782758985
1494,0.11237170184415515,0.37579495194040186,0.14729548299645676,0.13952260746202114,0.3015443620383171,0.02597899802840818,0.34787040062729174,0.2071969292767217,0.04373530698575274
1492,0.1815429632906604,0.5399898162632333,0.21216753553860432,0.2060633021585812,0.4639937085407563,0.03680848817083668,0.2618707001676956,0.27177664487576686,0.056727335608754585
1490,0.019263985459422532,0.17724728313138877,-0.06446343708880292,0.02326843525729533,0.07716301933041861,0.00042161110566197246,0.06827234502955887,0.04302474888927759,0.0246917332171377
1488,-0.04574677838444805,-0.017605593874876663,-0.20390532653679996,-0.04715550798425344,-0.07839908978428159,-0.019816955572125306,-0.04939177271322163,-0.06600300355000097,0.02099644938824301
1486,-0.04922766708237975,-0.0039193104703527165,-0.13460819280928418,0.07538475655405132,0.024941866862685673,-0.0004050827636212407,0.10183647163992904,0.002000405990146874,0.02577577340355014
1484,-0.05987605745356947,-0.13086184278477675,-0.30848633426879285,-0.03426972936279293,-0.08986522658192733,-0.015037602442381316,-0.015653536114888202,-0.09343576128701839,0.033933608538309984
1482,0.027316168971563227,0.07568999153688705,-0.14566683231561453,0.06079347946393357,0.04106196008273799,-0.005868986224489562,0.10767774282711674,0.023000503477447785,0.027058694414808637
1480,-0.011472159931471347,-0.00855769634349021,-0.23461330669980524,-0.018320752830937502,-0.04817135038264483,-0.019384587345230006,-0.12275531642126974,-0.06618216713640698,0.027609668496395907
1478,-0.0211866976847416,-0.0223483929033362,-0.0853009509306886,-0.05157368286932622,-0.14961956082987035,-0.02992211252487107,-0.16384476922167193,-0.07482802385207228,0.0197376751532377
1476,-0.03570839838542734,-0.060842096429925704,-0.28678158359052563,-0.0754224176025311,-0.08006134714692505,-0.045168364390299046,-0.2793242315211358,-0.12332977700953851,0.0360826080136984
1474,-0.16380994966427878,-0.32899322621493776,-0.5153840792177855,-0.30273834808001004,-0.3956717853812647,-0.08039239619153812,-0.5411772120862085,-0.33259528526228904,0.055725091577889976
1472,-0.2594686889472767,-0.49661537039287595,-0.715894435662586,-0.4231461860856045,-0.43876457295331744,-0.09503703571780102,-0.6731966185705818,-0.44316041547572055,0.07140307659505797
1470,-0.1993256029679555,-0.4192641995613532,-0.6934070158316693,-0.3250004051504453,-0.3185954822979099,-0.08810672225445004,-0.5374540478323376,-0.368736210842303,0.06658905088286793
1468,-0.1660312365467094,-0.3227745743317954,-0.5354322885064915,-0.2029590378912464,-0.23263392155999368,-0.061515173615360096,-0.4038131277659417,-0.2750227657453626,0.05195034587317181
1466,-0.19675897581966545,-0.4081528337995353,-0.6347342547148503,-0.2771956620608817,-0.31863075516011774,-0.07351354680178582,-0.5342076683413398,-0.3490276709568823,0.06332925108888947
1464,-0.17901973124381676,-0.3741925367788965,-0.5730696881114529,-0.22761774642583696,-0.2897237372247174,-0.0646005771352474,-0.5204295128158328,-0.31837907567654294,0.060013410727848514
1462,-0.07299714496562391,-0.113934599535084,-0.2753103783364303,-0.03542682222736153,-0.05732654668708381,-0.04337463532622756,-0.3829937865367101,-0.14019484480207448,0.04424572441090499
1460,-0.01720114050547213,0.02507262425068155,-0.13636349590856778,0.04679643923664174,-0.00814750475629834,-0.02377782738540365,-0.24083763594240884,-0.050636934430118206,0.0333796519922775
1458,0.004390939014734907,0.018437550066204008,-0.07777505931661613,-0.024726782526021347,-0.023042296819715254,-0.03004920799414774,-0.21156337225526564,-0.049189747118689606,0.025451333636221412
1456,-0.0004616878363697405,0.04213115960885962,-0.062317823278749546,-0.04546229885934128,0.01386112785114436,-0.02859510388805252,-0.24123773180898553,-0.046011765458784944,0.030505109536003976
1454,0.04446843463525312,0.214863011566111,0.08800222077524857,0.014567757795260913,0.10860407523505382,-0.013241868588802037,-0.07277342924550147,0.054927171738946276,0.030544864755909798
1452,0.014216412893975955,0.07513802388613203,-0.04358798842360191,-0.00808290340297337,0.01983116464359104,-0.028790547876008186,-0.12886203529205187,-0.01430541051013376,0.02079154901293631
1450,-0.007166718787860999,-0.011134195738601972,-0.09906437845808745,-0.06913463300748919,-0.052816812339834845,-0.026318557992688358,-0.20174180238141062,-0.0667681569579962,0.022258549816779806
1448,-0.008583082280883756,-0.0032601809543378255,-0.09813213415129286,-0.05385342866129656,-0.018880482807462545,-0.024165942172097554,-0.1358139594482087,-0.0489556014965114,0.016487953481725933
1446,0.06985506384658756,0.1973934417985355,0.17204982996188192,0.04827273527714142,0.17810606495256054,-0.0026457320409228866,0.012120691039285592,0.09645029926215279,0.02755914470960856
1444,0.05624260197552876,0.14685037282560573,0.15740699202539998,0.03267378731915402,0.16650414307441133,0.007082513474449749,-0.022772850072531516,0.0777125086602883,0.025561744622027083
1442,0.054254619497664885,0.059211366609508584,0.18018074168693315,-0.028089571562641424,0.10230414037246177,0.005088724856342695,0.020533793413679446,0.0562119735534213,0.02255898637564337
1440,0.054254619497664885,0.059211366609508584,0.18018074168693315,-0.028089571562641424,0.10230414037246177,0.005088724856342695,0.020533793413679446,0.0562119735534213,0.02255898637564337
1438,0.07456920954512516,0.10552673874526484,0.19638955922622778,-0.0177031480580421,0.14549942205200816,0.0022966268613038377,-0.009884061559547986,0.07095633525890568,0.02725807888705888
1436,0.008301722900864185,-0.005039400076541864,0.08084261417018056,-0.11674019142393537,-0.04218373301441384,-0.0032967194158269354,-0.13627270446978226,-0.030626915904207932,0.024659337750580195
1434,0.07038951413206268,0.11671788580360735,0.15781760147589827,-0.01761253621731425,0.1001851497737421,0.0021810246436448143,-0.03650151153482934,0.05616816115383024,0.02430626406990576
1432,0.026402045437741002,-0.009213463683184875,0.01623666281786359,-0.04525139465697127,0.04540003211350818,-0.002542599399536599,-0.13972493343923015,-0.015527664401401445,0.02026441289290583
1430,0.06329230858254559,0.0450368496304804,0.11485758093353304,0.0453365118449982,0.03082855114755574,0.010356651423591464,-0.021497558026369115,0.04117298507661933,0.013973954886393082
1428,0.044672172813024914,0.025576206193402423,0.11564570246190088,0.04837489965631585,-0.0657351394602385,0.012965148120897947,0.03897677791140209,0.03149653824238651,0.017641253475761166
1426,0.06751974432596569,0.11273783004897836,0.29849687047088114,0.16068785144769723,-0.03434173018275796,0.01174243519144999,0.19250994533067028,0.11562184951898355,0.037078135438614726
1424,0.05517277657059747,0.07060359647364654,0.35353621692704934,0.15825531885313457,-0.07125207881163953,0.016010611266036305,0.306532922321982,0.1269799090858295,0.05079543276522213
1422,0.1284342811873407,0.2026500367362633,0.4461696154522914,0.2521018343371959,0.06477782557385463,0.027483739606549165,0.41240425116539037,0.21914594057984083,0.053291524504053625
1420,0.1287354946821139,0.2616958501505641,0.5542514255840815,0.22279920257107624,0.11136694047008279,0.03151747772209098,0.4055363102013759,0.24512895734019796,0.05963128952180959
1418,0.11807117857090674,0.2499368597857012,0.5597506837347435,0.2860806359639676,0.18103719259440176,0.04390888849099962,0.5204809521454125,0.2798951987551619,0.0639176110928236
1416,0.082360032357355,0.1179174884486572,0.5207733341714905,0.1990280647990877,0.12539568919350907,0.036947511189730844,0.46616424147116914,0.22122662309014277,0.06314870648268724
1414,0.11053177420540647,0.1550973128897241,0.5311554002840062,0.2320685464442585,0.1860458152311498,0.04063003687006508,0.5005775650903945,0.25087235014500064,0.06246963698701456
1412,0.04117985927889862,-0.01120806727828704,0.42817993224854395,0.12694865264515034,0.004947594282538684,0.02943903746301281,0.4251345063198149,0.14923164499423888,0.06366981138446275
1410,0.07377608089888639,0.0642083562670606,0.4508525617543093,0.1732792047356632,0.06972861838298883,0.024987197070345697,0.31868453140717773,0.16793093578806167,0.05218442823230593
1408,0.13865585478968795,0.14880930395471928,0.5094958093624035,0.2165528416929574,0.15108687333694304,0.026614541005568218,0.4158701041911729,0.22958361833335036,0.055961374436255124
1406,0.11530307569461122,0.07968752539549158,0.50466363184367,0.26325459357683695,0.08079644970533015,0.03281754262555228,0.342371014600586,0.20269911906315405,0.056828014698799896
1404,0.1844671674859352,0.2465961176179631,0.7516770076342922,0.36558591709769134,0.21305894127877634,0.05081337332391853,0.511439245548969,0.3319482528553637,0.076965655945842
1402,0.1186027003166353,0.15715234111709195,0.6827920283241751,0.31343612256403575,0.15302131110023817,0.040228955445965324,0.4173912351622308,0.26894638486148176,0.07271947615653629
1400,0.04178806106055549,0.0034528120156900616,0.49204905882457955,0.19168082257147928,0.03498606269688726,0.031446958077964215,0.37286084371552153,0.16689494556609677,0.06364980396851691
1398,0.06253742844180826,0.1541674123302868,0.5963108286715295,0.29621468329181,0.11275288352245967,0.03651324204575576,0.3228405467182441,0.225905289288842,0.06437173210308186
1396,-0.029246761083248814,-0.07139628632531465,0.36101970908828307,0.08647116076750104,-0.0003360554603976614,0.011448285764258779,0.11151689954243423,0.06706813604193086,0.04721636098255785
1394,-0.047962684286529715,-0.09379681772406037,0.27370657253036385,0.1219910472204267,-0.003579098370808471,0.013809645887961087,0.06609241662487214,0.0471801545546036,0.040063636982044425
1392,-0.0777529462357846,-0.16829152358803806,0.18323159510577172,-0.01915716158446839,-0.09598484612901946,0.0039048549700477107,-0.12820826953979456,-0.04317975671446937,0.03801377360167317
1390,-0.07151179830385654,-0.03939882269041893,0.2836564801450779,0.024509813293223118,0.004039233541199047,0.016220272634295655,0.008062591053105002,0.03222539566751789,0.03798566913674965
1388,-0.005631854177310706,-0.03596325416800958,0.31189214161325346,0.002776720649331274,0.0659909012691394,0.016299709388814462,-0.005288167640300965,0.05001088527641676,0.03913126156650801
1386,0.0034771490695513696,0.03136733993887555,0.33020117136337573,0.010745569455030335,0.10236024706904466,0.02134366325911013,0.04475654222527271,0.07775024034003722,0.03797670867874458
1384,0.0742080509711479,0.23150071110054615,0.46128344272556354,0.09514590549871237,0.27034400695685035,0.027457644076725376,0.138861356676249,0.18554301685797064,0.04874741291584299
1382,0.032241744089981136,0.04430820013288642,0.3036557786105211,-0.07533435275407055,0.09299638479686656,0.018331703784759033,-0.03676037192854638,0.05420558381891392,0.04023432035380706
1380,-0.013936377683223932,-0.06651238789538857,0.2298651694402343,-0.1443567328325694,-0.10326512088025508,0.006952597212217209,-0.06562071796525941,-0.022410510086320695,0.04004405352919348
1378,-0.022788538812704835,-0.10150977705366244,0.17045399245411688,-0.1622477167932646,-0.12533524995306036,0.004471550030037996,-0.10657764209283546,-0.049076197460196126,0.03694369239158536
1376,-0.06170273124713094,-0.14014517319915462,0.07793143503830682,-0.21136129587108593,-0.20291182186032422,0.0047664287724593435,-0.11638008220272443,-0.09282903436709343,0.03500368476791151
1374,-0.04976360149034201,-0.12651903497478462,0.1187042084538946,-0.19975182710049771,-0.17488504179054715,0.0020825770747139837,-0.12480187615267094,-0.07927637085431913,0.0365098778729451
1372,-0.016171378872304982,-0.1549034550147992,0.10463511499139484,-0.19480644701120656,-0.15598532693268424,0.0030715641849878668,-0.15681410461609288,-0.08156771903867217,0.036721228670438005
1370,-0.06052948564249156,-0.17555897704528994,0.006251464970590362,-0.10843339246588699,-0.13308702359803953,-0.0038694794572509093,-0.2139832776170946,-0.09845859583649474,0.02736622025933715
1368,-0.05232818974583342,-0.22568331025145963,-0.05219463223461425,-0.21335267607264297,-0.10982718893724051,-0.0022311998425896544,-0.2800205325989547,-0.13366253281190502,0.03467543892124571
1366,-0.05232818974583342,-0.22568331025145963,-0.05219463223461425,-0.21335267607264297,-0.10982718893724051,-0.0022311998425896544,-0.2800205325989547,-0.13366253281190502,0.03467543892124571
1364,-0.07517993609124834,-0.2803927067904522,-0.18007168411715851,-0.23656539194218826,-0.12486848810218946,-0.010566951191369403,-0.3765056576456696,-0.18345011655432514,0.041088706753226706
1362,-0.10049628873939456,-0.2906342954470103,-0.26994442095509297,-0.2480050200314004,-0.14647748583739562,-0.02752373939100762,-0.43384602720375504,-0.21670389680072238,0.04445218363859213
1360,-0.08899381177252698,-0.2280195833135419,-0.1380336914390017,-0.1521810691749912,-0.15572837613311014,-0.014291354143495305,-0.2864765806514408,-0.15196063808972973,0.028972079907520206
1358,-0.07946135039801724,-0.27833319511680393,-0.12074268728560289,-0.19891616286323507,-0.22686820771697075,-0.017905772468056528,-0.24998258510130492,-0.16745856584999877,0.031598599757272874
1356,-0.016152581952372368,-0.04709667681645202,0.12252294302004857,-0.04330793327525546,-0.04894886655006021,0.006834511940524663,-0.04629056010697869,-0.010348451962935075,0.020355034635442616
1354,0.0012135220995867768,-0.02859514646052033,0.1806101357854513,-0.061921734437681536,0.020356571652426474,0.015243946226085932,0.02716798178599836,0.02201075380733528,0.025095187194863443
1352,0.016731901445371705,-0.04170230539646308,0.22951326040926912,-0.05574490907997079,-0.03791057876649381,0.016711211204615745,0.054366819991736794,0.025995057115437953,0.03211166263176996
1350,0.018223853291357967,-0.01902417469426435,0.16244852624816772,-0.08366124254432807,0.0032135016589702288,0.018379447960158952,0.10021369756350068,0.02854194421193759,0.026312399663753396
1348,0.10996790290013395,0.1977985889483469,0.29645605499614863,0.06195826192268461,0.19788115468458758,0.03707531696323344,0.24519210222201226,0.16376134037673531,0.031585626678001
1346,0.0737917936671525,0.1531303421037025,0.22534046591539006,0.05196255951907074,0.14129262274660626,0.0358642986570239,0.24983883919407643,0.13303156025757462,0.027438271699143226
1344,0.1172314370566727,0.3713728983452797,0.3013924447279243,0.1715686583627188,0.3239069361515933,0.039462147049665545,0.39823008391340187,0.24616637222960805,0.044882631481008246
1342,0.1412533853175523,0.4284160235868633,0.3841938527155527,0.24722707845039946,0.38638535456723894,0.058024366520079106,0.4091405533261219,0.29352008778340105,0.0480321917900367
1340,0.09137811186172481,0.38906415871613714,0.24642582500000823,0.2188305830263568,0.27443220051377465,0.03303618171429593,0.3333772961130238,0.2266491938493316,0.041466258713810954
1338,0.07765787796781155,0.3103622690240462,0.19187722005279548,0.2180104341486106,0.2857360172708013,0.04194448008451656,0.25760646140239785,0.1975992514215685,0.03358043430442366
1336,0.05334815126393587,0.22881483254751808,0.14590445604302021,0.15801300740250704,0.182701701841718,0.037759087698782334,0.1880338080226551,0.14208214926001952,0.02326458344067018
1334,0.0532511021836992,0.25688358103338227,0.161227914286033,0.2090417733053033,0.25823172042517223,0.03701054624390983,0.22200460813408365,0.1710930350873691,0.03016248226329899
1332,0.05551708130395506,0.18675386414621875,0.12474796445577746,0.0449441486626141,0.12029062230436607,0.028133863808992608,0.12297416131387981,0.09762310085654342,0.01852280782144011
1330,0.003649556174534056,0.14712683101195667,0.10721666015765735,0.07501281243806665,0.09256460480106372,0.01416464023315996,0.01668238777622494,0.06520249894180905,0.01796302849314745
1328,-0.009893738240834195,0.10913806127398387,-0.024874844000902896,0.012729189359133046,0.05062469876136399,0.009950729106938236,-0.08774421762669508,0.00856141123328385,0.020105806342435667
1326,-0.06732966161721825,-0.088143163220454,-0.16804352614046414,-0.08972644940436185,-0.10766336606676333,0.0001775987352080801,-0.19609443514974428,-0.10240328612339969,0.02122641183474062
1324,-0.05198011639889011,-0.03452205968809157,-0.18805741092072525,-0.07668274890374867,-0.09785738189000236,-0.00015325671484422507,-0.08996167578966796,-0.0770306643294243,0.019490231045338015
1322,-0.04606516931176724,-0.05585207130202369,-0.18483966992452705,-0.04771200766463867,-0.14396210594537026,-0.00618393527621888,-0.035476840575144254,-0.07429882857138428,0.021155595627992588
1320,-0.05627424575117161,-0.019006487017349794,-0.2012956106139349,-0.06383637798530602,-0.08269918897773673,-0.004522122956252411,-0.06628532509990456,-0.07055990834309371,0.02092737800527189
1318,0.024625687935510947,0.13840461056513687,0.034887557825903866,0.12373533707745697,0.08123227122376808,0.010952347430455785,0.1249500375719873,0.07696969280431712,0.01750033085586511
1316,0.034619843698336004,0.1491703456090553,-0.006293710015621073,0.15817497897660204,0.14695438950795772,0.012202454362809699,0.15986322662486,0.09352736125199997,0.024848984221313566
1314,0.028918060158471853,0.15143289013043018,0.03302171151995786,0.20598153973797936,0.14867219123714506,0.014164019776204715,0.14562633311194292,0.10397382081030457,0.025044311965769603
1312,0.04749738990884544,0.20757154811251807,0.06336215259533824,0.28353305032998966,0.16685997837542701,0.026432332542688095,0.22789316656971248,0.14616423120493124,0.032916572360799326
1310,0.13184722950586647,0.38177381292985435,0.2567479066304464,0.3417894032418956,0.37330631731917313,0.03538976222889911,0.39168690525300515,0.2732201910155914,0.045778617905802024
1308,0.03288959198012914,0.14025897937553009,0.03131508756647312,0.14329097282383363,0.16657633848861766,0.025242096120085017,0.14442700824555685,0.09771429637146078,0.02099092440886478
1306,0.0532403018934409,0.20407315940160412,0.09771873874941601,0.12889796948228535,0.1530658401299411,0.021449819833847264,0.19585231018743102,0.12204259138256654,0.02261108979849276
1304,0.06434588994073358,0.11399783143660741,0.059981663881163286,0.09414373654750377,0.19542215163611748,0.026571355554863237,0.11296743478157821,0.09534715196836671,0.017736505003545185
1302,0.08240080350058897,0.1918333426295757,0.1590484294349672,0.15917819010855694,0.26073148111405753,0.03667079882799029,0.19591041073756124,0.15511049376475686,0.024464152969297614
1300,0.12140074650106775,0.202333290897849,0.17143886172656655,0.1767891589219185,0.294801735407595,0.03791866817708783,0.11840446146911612,0.16044098901445727,0.026219853532497582
1298,0.07345701740317061,0.08980639836044745,0.055458675360239414,0.12333699144098483,0.20772956397362013,0.02251553548486108,-0.0001459382328719301,0.08173689197006452,0.02261514447736504
1296,0.10520618621089813,0.24419716326487068,0.10853151322598409,0.26084823911090016,0.32008334053803544,0.027443439151001683,0.11291225015873642,0.1684603045229181,0.03480174293990252
1294,0.01570360758279423,-0.02568960734976394,-0.1149390767547806,0.06429162866034051,0.0585051293463424,0.012126576834838199,-0.05316115037040923,-0.006166127435805489,0.020865568074207846
1292,0.014460038060365013,-0.0018300624774898672,-0.20418082786191144,0.0097216598242412,0.09986417177818431,-0.0023344229655325494,-0.12159198166313047,-0.029413060757896257,0.032924095145324794
1290,0.014460038060365013,-0.0018300624774898672,-0.20418082786191144,0.0097216598242412,0.09986417177818431,-0.0023344229655325494,-0.12159198166313047,-0.029413060757896257,0.032924095145324794
1288,0.03006238725835187,-0.04810955740233936,-0.11321385920492626,0.014155579067706285,0.007385349831463394,-0.0003943726776309266,-0.1327694942665359,-0.03469770962770156,0.02133531409081577
1286,-0.013516928983483329,-0.09439666555039715,-0.18592383467496165,-0.018146106193895666,-0.056339857074429345,-0.007795580141895117,-0.17363504603000357,-0.07853628837843799,0.02471221174965562
1284,0.004091061020039759,-0.11100433118049288,-0.19906523951417374,-0.01847632798064084,-0.050669093340435234,-0.0016058212317989025,-0.13696787062264157,-0.07338537469287763,0.02533323738989467
1282,-0.044126673671245,-0.15650525889505734,-0.16517579380756353,-0.11199032953021933,-0.20275051950201176,-0.007753278080354585,-0.11497956354282195,-0.11475448814703905,0.02254914269115727
1280,-0.09985823875583333,-0.30888517628267376,-0.33949444294605946,-0.19217037435453233,-0.2591298222924315,-0.021364185797693603,-0.19249662852893393,-0.20191412413687973,0.03704295289033221
1278,-0.09345989976332933,-0.2623492372324436,-0.3199990491976863,-0.15880748512897147,-0.17556021951099302,-0.020910069870296498,-0.1510387249922675,-0.16887495509942682,0.0326291797776307
1276,-0.08050887520342012,-0.2543554927410957,-0.3546584447528032,-0.09819021158041122,-0.13250775669720877,-0.016772184059725224,-0.16984245855767055,-0.1581193462274764,0.03738704528092172
1274,-0.008793785705034796,-0.08859469312406332,-0.2597964152783153,-0.038511702112099186,0.05642708040364701,-0.0019208315216982916,0.02797663180304839,-0.04474481650493079,0.034553112740451884
1272,-0.08972815329929297,-0.31221184570943644,-0.43522921348344873,-0.17113564583190422,-0.13584688275350068,-0.024197725926450437,-0.24156224265450757,-0.20141595852264874,0.04583603537464262
1270,-0.07425390627546151,-0.27122839881805705,-0.40246640875768197,-0.11942297612162328,-0.06720219785494636,-0.030695261754101526,-0.2801781869601915,-0.1779210480774376,0.04584258777576232
1268,-0.16186092821158782,-0.4572157914534675,-0.5887270264262375,-0.24583714370900522,-0.23032239527497864,-0.05342490159675998,-0.4832227663425731,-0.3172301361449443,0.06370170520052205
1266,-0.22452480552793264,-0.6659960492572734,-0.7270598763439422,-0.43130551787387694,-0.46988415900915315,-0.07411994361112767,-0.6645446306304129,-0.465347854607674,0.08025258273258104
1264,-0.26266931205908406,-0.7410752744759288,-0.7746083668269944,-0.47334571383738466,-0.4678091445597712,-0.07772695088041927,-0.715952174444438,-0.5018838481548601,0.08624349128146354
1262,-0.2998408537963203,-0.8240610444731746,-0.7617515425852458,-0.5037023700179984,-0.5477226132581848,-0.0817489851048649,-0.8057331895642114,-0.5463657998285715,0.09153867768262158
1260,-0.2967992198621467,-0.7829092167635923,-0.7434386969180089,-0.532323463639819,-0.49867825200933386,-0.08277034950991558,-0.5871022080419722,-0.5034316295349698,0.08053638017558024
1258,-0.2332019752545295,-0.5513479221368558,-0.3940197818364274,-0.35750179558026274,-0.36168756741961156,-0.034369343592002354,-0.3132788656043738,-0.32077246448915187,0.05197952770887226
1256,-0.03598168849729144,-0.01615219248150221,-0.11085029928901072,-0.10678027813572814,0.04135797547653316,-0.0007935804946591447,-0.07605975817832512,-0.0436085459428548,0.01862681134298281
1254,0.07093263441804545,0.2673851229048099,0.2185532249068476,0.07827491029654003,0.27558562477854215,0.03711712477049567,0.31277962854291097,0.18008975294545598,0.03745203981450826
1252,0.08005757347002,0.2331477861145158,0.12493426005049046,0.010233624083533805,0.16424712765984067,0.03588564879282741,0.21154625530856327,0.12286461078282736,0.027975477279667482
1250,0.00663375600477428,0.059623108763151945,0.00982418273650977,-0.05225063591557319,0.02074682530175351,0.0036538885774002375,-0.03192042111544082,0.0023301006217965325,0.011839895255483825
1248,0.020983488912974888,-0.005793864818185621,-0.024327914412890294,-0.08833985942453591,0.04387876569302076,0.0029270742540102477,-0.14795196351543546,-0.02837489618729163,0.02198108280607735
1246,-0.08950165938916714,-0.2483363566285556,-0.20515466077855812,-0.24755336444491646,-0.21963348136891772,-0.02021267446356791,-0.24088881195892603,-0.18161157271894418,0.029534510927341995
1244,-0.1276609428214746,-0.3534693703890062,-0.28203494264295187,-0.3050480199194885,-0.2368750974428491,-0.0375904547469201,-0.4536752901600058,-0.2566220168746709,0.04555138809597353
1242,-0.052715774501366594,-0.20474737711984142,-0.09995647788045917,-0.15062403454968618,-0.11307768079778506,-0.006268558364832045,-0.2798304766347533,-0.12960291140696054,0.03015788466823818
1240,-0.014422164034339558,-0.0462176702936575,0.014235787064448453,-0.07878097620436418,0.03696856589056951,0.008821367781238609,-0.1059713400841997,-0.026480918554329196,0.01717499983794697
1238,0.030352310326080968,0.11750090306360442,0.19345858133331434,0.047889385077729184,0.17686425543004766,0.01789434496057457,0.029697438293772402,0.08766531692644622,0.02432444265490575
1236,0.017795122129850564,0.11766798005350991,0.19358438442918877,0.03456016052187004,0.19704026457784424,0.01673052783504973,0.13006825751152556,0.10106381386554841,0.02582807346491069
1234,-0.01992351762457414,0.10285315334864477,0.2578149588885356,0.12824565984799777,0.1873791386762403,0.017428441884684485,0.2400309126243366,0.13054696394940937,0.03474991845900838
1232,0.01485449762239724,0.24795606876207185,0.39385487616262704,0.19159048258023387,0.2689832869880801,0.03782517326245312,0.36798640115247405,0.2175786837900482,0.048429772976977384
1230,0.07237502693153627,0.44476132814560293,0.4287637307743695,0.25968693796672054,0.44961537512130195,0.0392588639912057,0.44047369556333066,0.3049907083562954,0.05989625275366202
1228,0.17681325627381797,0.6143381838133732,0.6152474345837922,0.43253804357907377,0.5775225520504973,0.06401572345435501,0.5300109555263998,0.4300694498973299,0.07296240450687387
1226,0.1498504353981302,0.5152980884049149,0.3191496076738129,0.29969004336501665,0.4878251413568835,0.04916382951372823,0.4583830556009535,0.32562288590191996,0.05793338179168202
1224,0.1593715868533743,0.5234156829168104,0.4292761549176874,0.4035725490900895,0.5680287754784711,0.07594466468139087,0.5675081932017143,0.3895882295913626,0.06471765741372144
1222,0.12978258993594885,0.49623123965290317,0.4113262164464825,0.3879343181924607,0.5602046189961687,0.0788724437042533,0.4790682378725362,0.3633456664001077,0.060972358556125886
1220,0.1337053316820702,0.41074204939120296,0.38254224194546915,0.4080040291628572,0.5523440713619401,0.08573140477852871,0.4338250255705478,0.34384202198465946,0.055491094638153174
1218,0.06457759958529158,0.24944408888014377,0.21070112320857332,0.24164869901335828,0.4348789900748275,0.06860273910416044,0.2558499787765841,0.217957602663277,0.04138847848039953
1216,0.06457759958529158,0.24944408888014377,0.21070112320857332,0.24164869901335828,0.4348789900748275,0.06860273910416044,0.2558499787765841,0.217957602663277,0.04138847848039953
1214,0.05463811095979227,0.16464822689059333,0.2576413613128508,0.2714867982863681,0.368464411309821,0.0728330692133756,0.16919346537505656,0.19412934904969398,0.0368569126225571
1212,0.0026169265926253996,0.03681581919150056,0.14136577106415155,0.11949349930041368,0.2318217177563392,0.048372245322843115,0.09121718557942651,0.09595759497247143,0.025203446514228057
1210,-0.009087374114587168,-0.04927153045032947,0.061538434994145394,0.02532292980669863,0.05808059193339472,0.027441711213691787,0.0163885195678847,0.018630468992985514,0.012609392375007189
1208,-0.07947948618692874,-0.2643999859925324,-0.20269763947110242,-0.2121980652841995,-0.13081951526917276,-0.0030134237654030832,-0.22132607078486163,-0.15913345525060008,0.030232005604886442
1206,-0.022675114050099622,-0.12629515231437244,-0.10144925009408004,-0.13337058712847422,-0.027372219134953336,0.014945241756142758,-0.15365339135132428,-0.07855292461673732,0.021519227156580917
1204,0.00015486919564176838,-0.06146435211181053,-0.05997225199126656,-0.03350714559427455,0.09186671339147204,0.017911366547654968,0.0032174539908826124,-0.0059704780816714625,0.01743274126630538
1202,0.03804486224484253,-0.011085769469635626,0.03887730170415675,0.0629655727202096,0.0883322445170023,0.028643280358535056,0.18789184384623972,0.06195276227447862,0.020747533590390502
1200,0.07294420721620345,0.05388092132704578,0.15392387979919253,0.2421644519615925,0.1802775372998502,0.04920077619906902,0.3548953911444796,0.15818388070677616,0.036906411148587386
1198,0.034352365115517175,0.00916500213715909,0.15162796413953622,0.16252198041604612,0.0966733565212217,0.04219108275425802,0.32090148732052354,0.11677617691489457,0.03518202090207512
1196,0.0822211540324216,0.13346027362642215,0.3732661358518428,0.3463980941837822,0.27339697572453453,0.05924631435561156,0.4621661341486331,0.2471650117033211,0.05142799703340503
1194,0.09373799352272526,0.22302510782348847,0.42583266714921475,0.4229463998959695,0.2731341975905667,0.07444057082275479,0.5767277676121043,0.2985492434881177,0.0608835508290696
1192,-0.010842658745726026,-0.08530342854324116,0.2028764645824699,0.1488311248682552,0.10977256575130001,0.04332616437298402,0.364613988118689,0.11046774577210441,0.04857844812257323
1190,-0.03296807444428386,-0.027539063851361567,0.2202504480908908,0.19957369367970645,0.13310502304624244,0.03539866098208176,0.21176634337953226,0.10565529012611548,0.03680521296781309
1188,-0.037775679585607264,-0.11980797337612038,0.08152210856173996,-0.0656848933707595,0.04065931548806208,0.010873123544277706,-0.06335042699454412,-0.021937775104707364,0.022818042426629007
1186,-0.16355426359597314,-0.26535102841224883,-0.03833388038341255,-0.17926396714171638,-0.2521201104578747,0.0018203571290194452,-0.20812173341655177,-0.15784637518267972,0.03360495135977378
1184,-0.29501876558861845,-0.5433380087681691,-0.23344756454620447,-0.2958918659216872,-0.5230880872132121,-0.021344455592305835,-0.4754644878430382,-0.3410847479247479,0.06124797381973617
1182,-0.1888606451615704,-0.3438283939271455,-0.15869838635712608,-0.13418724206533272,-0.37818261651646085,-0.002560573599121349,-0.30042720772268705,-0.21524929504992057,0.043514579556505714
1180,-0.15323288942362076,-0.17696847602339574,-0.026590598347220943,-0.023573972337605123,-0.1782619302091489,0.026224931364891135,-0.1569581090355465,-0.09848014914452098,0.0284333444686559
1178,-0.09829434958677043,-0.09019671969944007,0.014559183835501158,-0.007426363923650195,-0.1290304541666635,0.03485304197590814,-0.14739868169627485,-0.060419191894484255,0.02394225228069617
1176,-0.062085504546079355,0.06609575495843972,0.00721237677026525,0.1942693508194452,0.0005925636555197207,0.038719720661063384,-0.07847071050452255,0.02376193597344734,0.029797132784868875
1174,-0.04408419068826809,0.04864985207103937,-0.04921591144565425,0.11028601180838525,0.08819736770643011,0.03308523984487867,-0.24632112287679828,-0.008486107654283889,0.039627470741939196
1172,-0.1700442975888653,-0.25869795710506005,-0.3695706592142116,-0.11437338665429192,-0.2242590407440695,-0.013141048292231788,-0.46460258822094735,-0.2306698539742396,0.04988625251499191
1170,-0.20143867541033253,-0.3502815894680365,-0.45735548018574934,-0.19179674421367676,-0.3212858302893559,-0.0443865315034251,-0.6230458533975088,-0.3127986720668693,0.062351907097953886
1168,-0.285730073337269,-0.5959609208035116,-0.6780114585161707,-0.4000780088744599,-0.4962370443448623,-0.09176676423788405,-0.9286973096400908,-0.49664022567917826,0.08935917540139529
1166,-0.3396486133447933,-0.8832443399829492,-0.9243500321429564,-0.699416026575719,-0.7221391626413234,-0.12706412496103042,-1.1995397644868906,-0.6993431520193802,0.11892731149856396
1164,-0.33493401364401915,-0.8785510368468681,-0.8656956461842436,-0.7007595105206232,-0.8060576846627652,-0.13088260230680857,-1.2091139269138391,-0.7037134887255954,0.11853665621978068
1162,-0.3565852487324514,-0.9112302188811173,-0.8799297129440686,-0.817704043134267,-0.8482873692081618,-0.13678247753868364,-1.2941684243752178,-0.7492410706877096,0.125644573587303
1160,-0.3272997325201341,-0.85900709591619,-0.7284409523265237,-0.7492029458602372,-0.8246147143111182,-0.12967621587597755,-1.184584839542602,-0.6861180709075404,0.11508460555247478
1158,-0.25195876224682195,-0.655519529483134,-0.49874030241141154,-0.6496615729457264,-0.6904995206037035,-0.10859503505425717,-1.0461317640068262,-0.5573009266788401,0.10114302083252824
1156,-0.23174809871838398,-0.5807764428290215,-0.42763072219571546,-0.6444635101832447,-0.6163729722271384,-0.1053308631455377,-0.9988211204133101,-0.5150205328160503,0.09646803004659464
1154,-0.1818869977298422,-0.4762238806353275,-0.29196788442304566,-0.5263544243609435,-0.5244146302446964,-0.08517571071730395,-0.8021826887513648,-0.41260088812321766,0.07975996490498938
1152,-0.18613725767982073,-0.48539398822078483,-0.2758735820235122,-0.4388173102459633,-0.5307758937792763,-0.08170633886975037,-0.7068823517848454,-0.3865123889434218,0.0708696129690864
1150,-0.16006536880243374,-0.401749148738661,-0.21360535582397985,-0.3232844113726879,-0.4655999517852929,-0.0643896299022188,-0.5946356944470682,-0.3176185086960489,0.06057959472922739
1148,-0.07283772759311952,-0.17799781887394422,0.13604946704222834,-0.06427158750153542,-0.2809793068426776,-0.03303484615538747,-0.2500387397559885,-0.10615865138291777,0.04692343326333381
1146,-0.15869535320300318,-0.34950027495210306,-0.14128418694087128,-0.2145568189772523,-0.4654234786937348,-0.04012359167501959,-0.37030680936167126,-0.2485557876862365,0.049321594157019595
1144,-0.14578642672818348,-0.24569857651940155,0.010557504608997594,-0.04384618146320607,-0.31118187295789973,-0.019568682770835785,-0.18712983925390186,-0.13466486786920442,0.03985413200679825
1142,-0.1600443288231864,-0.2579966259007712,-0.06754833032837862,-0.0508020226529109,-0.17576032103537462,-0.009560120726781118,-0.10120097205341369,-0.11755896021725952,0.027968102945334788
1140,-0.1600443288231864,-0.2579966259007712,-0.06754833032837862,-0.0508020226529109,-0.17576032103537462,-0.009560120726781118,-0.10120097205341369,-0.11755896021725952,0.027968102945334788
1138,-0.16577330171070592,-0.29416080550832086,-0.05909138290341037,-0.055367709626053745,-0.29684402440953256,-0.00710256700861093,-0.09191532265332675,-0.13860787340285158,0.03842873545823001
1136,-0.02423141066344665,0.04892000433427313,0.24837997170206985,0.09299516986630067,-0.043367663693017144,0.04805325644611137,0.12612369456600017,0.07098186036547019,0.03222386110744627
1134,-0.05618506839865966,-0.031130206617168525,0.07434262567369632,0.019740623231499124,-0.06076451525717261,0.03817772165471751,0.024170443527163722,0.001193089116296554,0.016779281828783188
1132,0.010578151420790511,0.1459377345174688,0.32867666615403407,0.2161563818000344,0.04652927972825651,0.060750254438859196,0.2233447535295289,0.14742474594128177,0.03774011415381496
1130,-0.014461148478104929,0.029841432873632685,0.1538046674415277,0.1679713441471366,-0.05565381471074993,0.04524760168772907,0.07449188764771333,0.05732028151555494,0.02694714246617288
1128,-0.01440411126396271,0.006520451397064273,0.05567972990125265,0.11562321466954609,-0.07280666761812953,0.026951906362443045,-0.011710001458203024,0.015122074570001542,0.01949475894100197
1126,-0.039367666402428926,-0.08310544859415248,-0.09972609963122714,-0.02000389399959266,-0.14988415943637343,0.01149860043338339,-0.13465720435327472,-0.0736065531405237,0.019642496093713064
1124,-0.061686970926143454,-0.16356471873068368,-0.23686415495882662,-0.10892684330589447,-0.23409420119054747,-0.00903659054344647,-0.27788554640501395,-0.15600843229436517,0.032803554893465384
1122,-0.058353695683576796,-0.15335010615570008,-0.2911936111980863,-0.14232587908292996,-0.2581152585898899,-0.019113140464698808,-0.2642415259693748,-0.1695276024491795,0.03474573737319916
1120,-0.09077455644195503,-0.24017449208529426,-0.38766335150174075,-0.263412858455693,-0.4040593472631107,-0.037353632748164084,-0.3792326472916975,-0.2575244122553793,0.048151158058451486
1118,-0.11424383106434387,-0.3241274416847392,-0.45755857453506227,-0.3499744252490303,-0.4589985000354299,-0.04738385022052749,-0.4319549720924509,-0.312034513554512,0.05475650410091204
1116,-0.14643539053284177,-0.39304624742919736,-0.469395235554427,-0.3258425512091241,-0.5226615274484954,-0.05256055210991638,-0.44599972078634254,-0.3365630321529064,0.05737792073627579
1114,-0.1753112236341883,-0.4043625209659841,-0.4709124986621844,-0.3581705575175923,-0.5096710295534063,-0.05804219188506443,-0.45088331139634596,-0.3467647619449665,0.05493444423910907
1112,-0.18486191501336352,-0.43269306036441196,-0.44837898565695083,-0.3349906857818108,-0.5253518936248136,-0.057133993725121894,-0.4143432740252103,-0.34253625831309753,0.05416267209912708
1110,-0.17456159458282727,-0.4398211622421614,-0.4470469887270899,-0.34934377551274026,-0.530027109575225,-0.05289128925243837,-0.44582568300001724,-0.34850251469892857,0.05639706717367399
1108,-0.16151083230342247,-0.37786902132228456,-0.3485536900532112,-0.2701644361287382,-0.43815188726829374,-0.043022999125092366,-0.3484351946156052,-0.28395829440237824,0.04515018440929362
1106,-0.12735545470536122,-0.25140858598713056,-0.18746927302068697,-0.1549372586240236,-0.33448045122192743,-0.025853992044676102,-0.2056561692242648,-0.18388016926115297,0.031828955805599225
1104,-0.07942997048441221,-0.15027844501037438,-0.07335810438446543,-0.11336714042178668,-0.21408717484179088,-0.0035404009623402786,-0.04844620625343466,-0.09750106319408637,0.02266760501378304
1102,-0.027473771695089962,0.012939005817285926,0.01957709533293895,0.008966002768861028,-0.042761650041844894,0.016997297377865043,0.10065441775772505,0.01269977104539159,0.01494374404724847
1100,-0.0028853196042418483,0.10713357708009671,0.06911597114630927,0.12073339339321126,0.03238178333973327,0.02628427184480411,0.1685586664335686,0.07447462051906875,0.01989511843987559
1098,0.015125367975101809,0.17472029495300948,0.05955973977609495,0.16605243007571602,0.15123651729923815,0.03315953354495281,0.22363400544008205,0.11764112700917075,0.02638482187873934
1096,0.00967319661766873,0.12797510129321477,0.07361067220784007,0.16405812473999426,0.10828419639459387,0.039113394865954,0.25046305799467916,0.11045396344484927,0.026521998491138916
1094,0.054853902963264,0.3117048997811836,0.17884536780862934,0.2550378928933393,0.27239450958327616,0.054165774671142794,0.3275827713583448,0.2077978741513114,0.03765026185428802
1092,0.08972609305347522,0.4219487231995438,0.2957636347561147,0.3923611863352947,0.37267029958116216,0.07645855903828802,0.44135963110998855,0.298612589581981,0.0505074184414364
1090,0.20339471950655283,0.7034798744775259,0.5466133678853855,0.5824544506112451,0.6320872748850418,0.10523545498185047,0.6984165087401973,0.4959545215839713,0.07915749875209198
1088,0.20801421737663803,0.704812515047562,0.5698268791190482,0.6000507651729567,0.6727615102876305,0.10536033282845032,0.7122270492209164,0.5104361812933147,0.08149876662484011
1086,0.20440638497277672,0.718540193723151,0.5362925160458746,0.6162607079322168,0.6896659531227115,0.11176192456730168,0.7154196437911938,0.5131924748793181,0.08257663222446358
1084,0.17476661432091092,0.6239342495844423,0.48509342566977803,0.5367268407987339,0.5829671968542415,0.10355587619840828,0.6435490923129521,0.45008475653420954,0.0719529410220481
1082,0.1504557713844462,0.5495831043088174,0.4139935886897209,0.4982731105014583,0.5424595885062371,0.0833358537585356,0.5397973762128152,0.39684262762314726,0.06471714433483794
1080,0.1189748424343801,0.510504351765741,0.3859569232033795,0.4521055001550323,0.4824155840633529,0.07582047582795051,0.4536760336791093,0.35420767301842077,0.058886360081455036
1078,0.08508025238698728,0.40745966424915386,0.3312489768110023,0.3956452747561598,0.37800064527218596,0.06158662763408755,0.3669319384665094,0.28942191136801226,0.04900514622181526
1076,0.06944759223606016,0.32079055153837016,0.2740306399642331,0.40105861198780907,0.326570756033931,0.05875470200554998,0.33031615063283476,0.25442414348554115,0.04427151766317426
1074,0.01992274699354562,0.21006369709230394,0.17772988163887452,0.2702987465774762,0.21447481658885367,0.039700207107388606,0.19275409589865986,0.16070631312815747,0.030798033691513897
1072,-0.05700073018113558,-0.0677347467690352,-0.075496152609963,0.05990671451944011,-0.011692732020642246,0.01284805258786809,-0.008320285345565231,-0.021069982831290437,0.016029533576746895
1070,-0.120282335860119,-0.22377999177075625,-0.21666734709981061,-0.06345888795619208,-0.18068735936543837,-0.004986583634894087,-0.12946878538851128,-0.1341901844393888,0.026357097796565258
1068,-0.1626500884949173,-0.4029324470571223,-0.3660558289610524,-0.23247126605352644,-0.3631161823543387,-0.02808579278121977,-0.27114081121974326,-0.26092177384598864,0.04359875414336824
1066,-0.16547157735714632,-0.5042722103909381,-0.46682996020877915,-0.3033806262682146,-0.4214472375079112,-0.0434068434253504,-0.3829378949853717,-0.32682090716338735,0.0551137368134529
1064,-0.16547157735714632,-0.5042722103909381,-0.46682996020877915,-0.3033806262682146,-0.4214472375079112,-0.0434068434253504,-0.3829378949853717,-0.32682090716338735,0.0551137368134529
1062,-0.16482029865678333,-0.502226509957734,-0.45225941464837793,-0.32285934630727997,-0.4609611141412555,-0.05319608155474885,-0.39846024223146587,-0.3363975724996636,0.05511614081489245
1060,-0.14527718609947352,-0.4829472963830757,-0.4188820111481546,-0.30527436556656407,-0.4448162479423491,-0.058532980239610316,-0.3704033944729662,-0.31801906883602765,0.052360616208192524
1058,-0.14213949335846943,-0.450650532741802,-0.3794642823144836,-0.27313009916037523,-0.4044312725632043,-0.0626394537944362,-0.359868657038668,-0.29604625585306266,0.04731596629833469
1056,-0.13599730043881395,-0.4140772951778414,-0.33389211371715155,-0.22304834813739344,-0.38248770930138665,-0.06217117566386645,-0.30288404928041796,-0.2649368559595531,0.04262583638814749
1054,-0.13772054153506808,-0.37407898469600076,-0.28867173871855406,-0.17883397811091803,-0.34360008625425437,-0.06059937842618998,-0.27020416824495314,-0.23624412514084833,0.03738782953363813
1052,-0.1292937373203914,-0.32465785186706286,-0.24251693519789377,-0.1360414810033557,-0.2807821743052274,-0.0518415142353294,-0.17015860834147065,-0.190756043181533,0.03139790360015544
1050,-0.0986700473584464,-0.2179189201187867,-0.14220493952032576,-0.04936265629420743,-0.1721643285209822,-0.032689636447079826,-0.04693246892875552,-0.10856328531265483,0.02325835764246487
1048,-0.10346380704837363,-0.1693661512281439,-0.1352094014524728,-0.03786224450454179,-0.14389181094566483,-0.026721735903206336,0.013927830519782247,-0.0860839029375173,0.022695423085643204
1046,-0.08279601272047372,-0.12888763450806134,-0.1265548440517338,0.0005678522343993746,-0.07825028534667203,-0.01658877782872609,0.06083882555962774,-0.0530958395230914,0.02308723102563535
1044,-0.08530234442081841,-0.155754895398773,-0.14097241860005766,-0.0020144093039492247,-0.07621793871748195,-0.012927395983289333,0.043127742788752345,-0.06143737994794533,0.024211785212692242
1042,-0.05936892301231874,-0.11674928062794998,-0.15781899621769474,0.011039513976039795,-0.058702274446154286,-0.017272453550627082,-0.005623148493587776,-0.05778508033889897,0.020082808875358703
1040,-0.057199169731178695,-0.15611361937480456,-0.21195156552294497,-0.03835630419631941,-0.06596633015008573,-0.025935350006682706,-0.08734570453711732,-0.09183829193130476,0.022221067670750907
1038,-0.05916895009920695,-0.18385734789883856,-0.23431880650564585,-0.08508931303342057,-0.10116164393225116,-0.03239957004962662,-0.14003441585800805,-0.11943286391099968,0.023335123893979508
1036,-0.09095920463702101,-0.2952149239231846,-0.3596139457116423,-0.20857014202980514,-0.22901374850004452,-0.05042434464599702,-0.2759930665835492,-0.215684196575892,0.0362957834231706
1034,-0.10768671368171723,-0.35939765496880316,-0.3853137922955208,-0.24069571306455026,-0.2566648545672956,-0.054438163380404574,-0.2860373252239173,-0.2414620310260298,0.04002110451161963
1032,-0.10446851409846385,-0.3450121973908001,-0.37892896132253434,-0.2328405081902153,-0.24552691938373675,-0.05154385090631371,-0.2753537608816462,-0.23338210173910148,0.039014292075488795
1030,-0.09309432402671283,-0.2782383592322005,-0.3254050749957237,-0.16036892683286286,-0.1903877104721248,-0.04435748424901384,-0.22987147753306328,-0.18881762247738595,0.032508541247312034
1028,-0.06875428307538024,-0.20030760627634714,-0.22642114325408438,-0.10004896468929096,-0.10993938811713158,-0.033088930806645385,-0.13307020138740747,-0.12451864537232672,0.022552158434283664
1026,-0.03287603129638771,-0.1030671984645341,-0.13867727849346725,-0.014965932847232218,0.006593715862597732,-0.020976775526168105,-0.0033121297731919224,-0.043897375791197665,0.0180102464605877
1024,0.01083330239995516,0.04083798891205315,0.009481043715978889,0.1149916490231172,0.1620090314397745,-0.007279269561354475,0.12202045580585649,0.06469917167648298,0.021951690983261756
1022,0.028408187068326547,0.09748445156800635,0.08579151058217561,0.18242823765548344,0.23040536106209186,-0.001326158601983188,0.16570109525779658,0.11269895494169961,0.027577277632217418
1020,0.03917150248305778,0.11657750989925061,0.13861380577205268,0.2063558363773375,0.2647016012726153,0.003740437634024016,0.18675186908056218,0.1365589375027,0.030278477177542146
1018,0.053114743506338095,0.16920250160276717,0.2305259242216162,0.28008666848993263,0.3189470123402242,0.012804432517715061,0.2558680359364589,0.18864990265929318,0.03809750359831186
1016,0.07565212960142001,0.19750288014636802,0.2779778967190352,0.28866821957889194,0.3175705175500581,0.0177590142898834,0.27454734672375997,0.20709685780134524,0.038184371021870625
1014,0.071514833991798,0.16396892906860216,0.27140496801128217,0.24064432302491176,0.2642432989872722,0.01263412748266749,0.21495398919188122,0.17705206710834503,0.0328219891669891
1012,0.0707264911267375,0.1333375897522232,0.2376614515857104,0.21587667862180765,0.24270776304950153,0.013254853032225048,0.2019411677411055,0.1593579992727587,0.02926633744203127
1010,0.08966261102144596,0.16576399494046173,0.24290368053728845,0.20850339805876075,0.23590410687919855,0.013817648575422519,0.20608675294243484,0.16609174185071612,0.027774959389954747
1008,0.06711274577384653,0.07698028305743816,0.14500368483052664,0.14905353820939246,0.14994711187550083,0.006403065390474833,0.16155493786276512,0.10800790957142066,0.01919741627714199
1006,0.06029609901774098,0.0635892018649185,0.14361518895692338,0.15274253394741535,0.12769626689732547,0.008166677755790426,0.1993556557931609,0.10792308917618214,0.021637750900944726
1004,0.0568409154340933,0.08482481793367551,0.16294320372531154,0.17853616269454034,0.11899492907110909,0.011521708690719891,0.24540285598497194,0.12272351336206022,0.026028647662824332
1002,0.0635147759951167,0.09824114950949979,0.19323333178151242,0.23203004960576465,0.1443492583445231,0.02058973565119361,0.31460654944409505,0.15236640719024358,0.03343217732791624
1000,0.08272485880504132,0.16028507074899634,0.3141310526130074,0.2850565768862385,0.19474482850555433,0.02973072810894476,0.386326016038621,0.20757130452948624,0.04203030502219508
998,0.09242347292411807,0.1810185094479136,0.36028102595462014,0.28671856273756374,0.21194454220358205,0.03455855385470362,0.41871764304630854,0.22652318716697284,0.045428459836395894
996,0.08965560913770694,0.17582362594790435,0.34837359626487324,0.253405524764125,0.18439055553753872,0.033152608703712796,0.37175173709259995,0.20807903677835157,0.041133651041289306
994,0.07552204672675392,0.15359335930403487,0.3220648416458893,0.24235690597553888,0.1554273958763016,0.03167356892961659,0.3543718787472036,0.19071571388647696,0.039616479661782306
992,0.0462544947453171,0.05835613928238197,0.22139266729873036,0.1884252548602015,0.10746991557717424,0.02515110677638714,0.2568834234105328,0.12913328599296073,0.030327769679443915
990,0.0462544947453171,0.05835613928238197,0.22139266729873036,0.1884252548602015,0.10746991557717424,0.02515110677638714,0.2568834234105328,0.12913328599296073,0.030327769679443915
988,0.045889006212482215,0.03961897807999995,0.18397476075381852,0.19336317272801076,0.11113469949911614,0.022623548154014867,0.21766163571270228,0.11632368587716353,0.026870199979904023
986,0.03432467890800393,0.03093990394737085,0.1370673903028409,0.1856205203271347,0.10094119270457809,0.023872189355815244,0.2160555990997756,0.10411735352078846,0.025681417987585806
984,0.046012885473799364,0.0671920921324198,0.14185982491570395,0.23888792906137843,0.14987556618987033,0.027061187380435423,0.26489551431204733,0.13368357135223638,0.030498583518191846
982,0.05500990865419167,0.0822687235971325,0.1592081137267385,0.3025854996123236,0.21120803122334622,0.0351021136098491,0.32150363545545213,0.1666980036970048,0.03812279229503378
980,0.05656222560092053,0.10720239281437419,0.18501933926504713,0.33590554256653665,0.20190429674384236,0.04224428335583494,0.40585662774922227,0.19067067258511114,0.0452253715412529
978,0.08669862608490789,0.18401765882205381,0.2273001578284792,0.3969640659120476,0.2862754872650307,0.04798141461581086,0.4674396608201923,0.24238243876407464,0.050379978097552965
976,0.07023471329765237,0.16790801803142122,0.23877383855024706,0.38691463923535496,0.2386040943552969,0.05250618285450688,0.5115821016330785,0.23807479827965114,0.05419701070153217
974,0.07966037900052447,0.18499618029104553,0.19317648789055888,0.3615651283400036,0.26766115315648675,0.04886213232166488,0.4859541390855113,0.23169651429797078,0.050535412481823604
972,0.09088314008737236,0.22140873371354136,0.221442603375546,0.3725373572063899,0.28365835839093567,0.0521185148631676,0.48044217814463974,0.2460701265402275,0.0491448336568844
970,0.12189706665008912,0.31185017750549715,0.23899673552369932,0.4137355964831009,0.39721386923437885,0.05928543685010492,0.5116470777683066,0.29351799428788244,0.05352113630953107
968,0.1467343014418071,0.34537928168874865,0.2637096187489141,0.4181815521331385,0.46516260963669426,0.0621388945485999,0.5102206956696692,0.3159324219810817,0.054626322164807437
966,0.12372700892126746,0.26476340252977526,0.1778418638821907,0.4010096433433134,0.4063180166588137,0.05803366052949211,0.44391279231839276,0.26794376974046363,0.050144123010573395
964,0.12418384814322025,0.2643330378144605,0.22533255024843662,0.4188285954147152,0.4104055486682953,0.06049505481639793,0.4956293636751168,0.2856011426829489,0.053159207779510304
962,0.09854731375670671,0.21395560093482693,0.18536951726421597,0.34672642366816,0.30301130532347775,0.04986591104441875,0.42190047304001477,0.23133950643311726,0.04386390106930884
960,0.09105873363605858,0.21117447054195337,0.22867014192828664,0.3211072761418176,0.2722397106177701,0.055200494956331995,0.4293992262260691,0.22983572200689822,0.0422704521444924
958,0.09003122707667807,0.24844790477852288,0.2591174224916724,0.3605788409661718,0.257538891937804,0.05218100483181784,0.4074117603882784,0.23932957892442078,0.0424840036325666
956,0.10709135825141806,0.34237766461812624,0.37109154503412,0.47126382831085806,0.342696721294191,0.06404996636413555,0.5133674833785296,0.31599122389305406,0.05584193154357032
954,0.07561771026592602,0.2899258998400444,0.25416488711962226,0.3853612600959243,0.2937072632817588,0.05915214306319419,0.4177070856115518,0.2536623213254317,0.045651686953114515
952,0.08949349544691941,0.3561333417885293,0.28245842899012663,0.40617118150996884,0.31386959363235645,0.062050260463773314,0.44106620331588375,0.27874892930679396,0.048659683529703575
950,0.04617547141609976,0.28606293085334583,0.17046314069706556,0.2986068070603759,0.22928175502599063,0.05398075724913251,0.3498072266538612,0.20491115556512446,0.039214827635505954
948,0.057732715278361824,0.2639792330445569,0.14059316313987977,0.2828674358251846,0.21701822839131588,0.051818692156766114,0.32522558256626066,0.19131929291461797,0.03588941115258928
946,0.059305883322942475,0.24981568945019333,0.14968065017840865,0.30680764126299864,0.20533239991444752,0.05535359000666025,0.32933754022470146,0.19366191348005032,0.036256616371708454
944,0.02954465517848705,0.12671156730932792,0.08304808288641605,0.2012375052277648,0.07549174913254234,0.046074233539014145,0.24083137795075094,0.11470559588918618,0.026063864288344188
942,0.03265413218265684,0.15368974911575226,0.15683521783382676,0.20804265394715327,0.13441385982510443,0.05423278463543114,0.3042518847721622,0.14916004033029814,0.030000693252906656
940,0.04875746583159751,0.14957742645577082,0.11579987819560979,0.187212486732795,0.16886093890609946,0.060082793404720974,0.202487411560365,0.13325405729813694,0.019837477178544925
938,0.07053665355842077,0.24304837338794688,0.20544767143687992,0.1996515879394558,0.24928354586825496,0.06124317562895272,0.30218954649729657,0.19020007918817253,0.02990952951313318
936,0.08075141389851646,0.2681256758608838,0.17032194364754183,0.11392162444409672,0.23949974270369906,0.05552678911871706,0.23655729387293048,0.16638635479234076,0.02771398590584373
934,0.1149643241169449,0.4168686805034916,0.2771578919773887,0.17646652975759267,0.3756382411298054,0.06415747782045662,0.3260450897049206,0.2501854621443715,0.043982451495645634
932,0.14405759021772596,0.5150360206276087,0.3059454510421218,0.2750246218551235,0.4828389974054568,0.06423655351501042,0.3839172010897487,0.3101509193932565,0.05453585868087581
930,0.12451588179542063,0.4778463025542814,0.2956657545242397,0.2621017655449956,0.4374659883760621,0.06011583258205933,0.35695437893362186,0.28780941490152584,0.050448680677095945
928,0.09671950731841042,0.3471464729595965,0.19225626183869965,0.1329163439054476,0.3061934078704248,0.05268848226045848,0.28881309516755127,0.20239051018865556,0.03725026708990818
926,0.0678981782029582,0.37507077216699375,0.14982193668610136,0.145572502594199,0.31472030628282394,0.04560591107285978,0.2898313768136175,0.19836014054565052,0.041967247594600375
924,0.08720355012618335,0.40319020666074046,0.16079940471695536,0.15399998841819668,0.3164889028266061,0.04175234016538852,0.3172781535976305,0.21153036378738585,0.044138073444853244
922,0.12048727820002382,0.4344478306587361,0.21521943041463049,0.15396402129657283,0.3005693668935015,0.04147577371837165,0.35635638343606485,0.23178858351684303,0.04556330933999166
920,0.20355115977496224,0.6527053801361189,0.4067257689574285,0.31284880404884297,0.5006568658808147,0.0591278622702375,0.4846019673250107,0.3743168297704879,0.06532316069149299
918,0.21279288759561005,0.7150911752179608,0.5005785016842199,0.36499465387520835,0.5515167564930062,0.06434104335526837,0.5231558734796283,0.4189244131001289,0.07245134560290584
916,0.27861760209454606,0.8761574056003305,0.6386185166594922,0.44310275109929037,0.690364467387079,0.07538508622144986,0.5773143345201236,0.5113657376546159,0.08809153638258432
914,0.27861760209454606,0.8761574056003305,0.6386185166594922,0.44310275109929037,0.690364467387079,0.07538508622144986,0.5773143345201236,0.5113657376546159,0.08809153638258432
912,0.2756915815062854,0.8657360803395179,0.6195687402440404,0.47331522270125,0.7096351988987964,0.08035355607805386,0.5551337499957057,0.5113477328233785,0.08673381854774975
910,0.29568220301972215,0.8915483558759604,0.733916675072188,0.49013408136215225,0.7674260808879837,0.08956006526705358,0.6091670170734669,0.5539192112226468,0.09271830815766854
908,0.2607116531396176,0.8974830845977131,0.6525453103930653,0.4776929618639894,0.7967234808569507,0.08681166214553397,0.6224640551570634,0.5420617440219905,0.09452908947806556
906,0.19862660105259788,0.6942013427292001,0.5126960576311045,0.3574111274633793,0.6451200105530229,0.0693380814897026,0.5259473702688393,0.4290486558839781,0.07571056051081126
904,0.13446828728852214,0.5598647228171448,0.366345041302285,0.20298391204490304,0.49321118852067597,0.04275259767661089,0.42330062721089584,0.3175609109801482,0.0634281571637599
902,0.02697462103025228,0.2846125855405229,0.18782706704129584,0.08745286669900383,0.23024177519061975,0.017617923323868075,0.2383823549310995,0.15330131339380887,0.03543044736441863
900,-0.006093083920814281,0.10728951223807996,-0.00916207833587671,-0.019332003159726226,0.09931594674563332,0.007971537928694296,0.07362228925659361,0.036230302964654855,0.018010332021553072
898,-0.07341675312211231,-0.10874894861576974,-0.18091161529956662,-0.12434556438222415,-0.11148948476511135,-0.002713970299037594,-0.1487280941504166,-0.1071934900906055,0.018675514913926754
896,-0.11491879226501156,-0.19253929863626768,-0.2738762537284468,-0.20579358808936377,-0.15489758888400124,-0.005168076352918634,-0.2681903326431535,-0.17362627579988046,0.03063621649744237
894,-0.1099730178360658,-0.16586034017523207,-0.29426608418260963,-0.2804147115622683,-0.21013158964799536,-0.009231710325668958,-0.3678086208515657,-0.20538372494020082,0.03988264606043967
892,-0.13442882098712786,-0.13494855354692664,-0.2106930004484383,-0.2797981288542544,-0.2501766163366741,-0.0009469582746485733,-0.25320474964098194,-0.18059954686986454,0.03200146770905746
890,-0.018402350494721532,0.16156941701338853,0.14845809160291779,-0.13395685232789778,0.021222457013396905,0.02745817089153859,0.022913554761796153,0.032751784065774094,0.032909015691408826
888,0.019318207894392894,0.2871513110161324,0.251941194904534,-0.003305183722971373,0.10464965533618584,0.04603493631409675,0.1842189863131622,0.1271441582936475,0.03783476770024764
886,0.07605719387996164,0.42980241823451426,0.5119210410900077,0.13641936390518908,0.1891342021206598,0.0593788938331427,0.4605971724992976,0.2661871836518247,0.06361803543073165
884,0.11706912825004999,0.4519732551008408,0.6006850151406227,0.1994872430593316,0.218481891197836,0.07807281380782526,0.5305619705174407,0.31376161672484953,0.06876511422974113
882,0.1279031370055105,0.44876809000584056,0.6438056925972917,0.2933719473110696,0.2623606321059912,0.0856958916719047,0.5520693582942987,0.3448535355702724,0.06902310908077205
880,0.13681289915190967,0.46057496543719406,0.6306190432296352,0.24834005806897336,0.23391216659305364,0.08583154641125086,0.5247564509849677,0.3315495899824264,0.0678990328216833
878,0.052526056444686775,0.17101364989573228,0.31439690178337953,0.01999454035028517,-0.01672082278445823,0.04887360499120848,0.2695634828346654,0.12280677335935707,0.04247100059534807
876,0.08899011598546794,0.3146773439726573,0.3791496819354429,0.11282362069167483,0.053010656055068835,0.039556603168049376,0.27153207088643694,0.17996287038497114,0.04528142146218043
874,0.031313181213894266,0.20291866950192783,0.2023898083146743,-0.06253761663561626,-0.02820522048051269,0.012000465030280719,0.06779456504987402,0.06081055028493174,0.03450654111029068
872,0.04339099394142497,0.21782717141982155,0.2234222787075839,0.0056659531106191385,0.03792790195342147,0.011547083988454578,0.030122826362624918,0.08141488706913579,0.031442019007629295
870,-0.012427460132393243,0.03677426746569468,-0.0017591797600416568,-0.10191565274801037,-0.025134285637954827,-0.010659026634802265,-0.12566999015138416,-0.034398761085555986,0.018969926264962526
868,-0.0011652962623451132,0.06322404003323562,-0.014405563547741486,-0.0643976977610383,0.0664350764738711,0.00010270440312370186,-0.054625299345349765,-0.0006902908580348922,0.016769146117266473
866,-0.09458372605586982,-0.22921175507452457,-0.19395813375156853,-0.1701682953043527,-0.16684447325206747,-0.014437315529057247,-0.10769325776365948,-0.13955670810444284,0.023668825540334087
864,-0.12450596726185265,-0.3410452363985939,-0.3836421995079873,-0.2922548956785759,-0.2474896915977479,-0.03145326380818247,-0.2085430475274196,-0.23270490025433707,0.04032845374282816
862,-0.09503476480965782,-0.2741677797291013,-0.25439322504975737,-0.24350807826691306,-0.20723717036947387,-0.017360452173564956,-0.09852884437388013,-0.17003290211033548,0.032400926946645
860,-0.06888610070431013,-0.1284633982628408,-0.18901906359426915,-0.2476267003110727,-0.09427950599364998,-0.015121411329182176,-0.1352000579817758,-0.1255137483110144,0.02514804720343597
858,-0.06505604704641751,-0.16370137533329082,-0.0064295828170238,-0.24542927720889807,-0.15503731657897166,-0.0015485577718836472,-0.13274043065785815,-0.10999179820204909,0.029361940556664173
856,-0.13236261583861686,-0.28582320620725804,-0.2095416923076258,-0.38255335393030443,-0.35706405894195686,-0.025237898028859816,-0.2901715981836516,-0.24039348906261052,0.04167853157723013
854,-0.15637928146564528,-0.3882987429134111,-0.27034347989053975,-0.45436007254965294,-0.5266769581904366,-0.0459931560736635,-0.3880659386934091,-0.3185882328252511,0.055800824506169806
852,-0.21465610252688833,-0.48235504229147397,-0.30075008876226367,-0.4532901260736823,-0.6175083087750527,-0.04492413547627734,-0.3983513999082764,-0.358833600544845,0.062012936505505316
850,-0.24852800423987906,-0.6254962472847282,-0.39751594499224874,-0.528105156578441,-0.781689955625767,-0.05876836414363009,-0.40393604622147466,-0.4348628170123098,0.07835852317515957
848,-0.20342808390547276,-0.47015649832612594,-0.31857172405069645,-0.41656663895114465,-0.6050522796311317,-0.046067863320020795,-0.3042816864610676,-0.33773211066366565,0.05973196531640533
846,-0.1894582639257155,-0.3341815043906771,-0.20411869396715415,-0.39823024310448574,-0.5108202793365557,-0.04356897217963524,-0.2395356302577656,-0.2742733695945699,0.05025919279743966
844,-0.17252587175569303,-0.260380555813383,-0.24085647348264738,-0.4339764952508278,-0.4027612506649735,-0.04148926468123066,-0.35767282069966794,-0.2728089617640605,0.045277985224650305
842,-0.08851166182364455,-0.12201457477075639,-0.06805101700614094,-0.3525309327812339,-0.23132365616917286,-0.013534510192557834,-0.24902089698768506,-0.16071246424731306,0.039310263353026086
840,-0.08851166182364455,-0.12201457477075639,-0.06805101700614094,-0.3525309327812339,-0.23132365616917286,-0.013534510192557834,-0.24902089698768506,-0.16071246424731306,0.039310263353026086
838,-0.03365410558535671,0.041641462171944844,0.04819859786900909,-0.12189035191712788,-0.004601406265457372,0.01333134150041133,-0.13667021352306105,-0.027663525107091105,0.024483129556898253
836,-0.01564183353163433,0.0868113741308409,0.08920816789566284,0.020726368224520748,0.052176965229842706,0.020911263497188404,-0.17844298268202297,0.010821331823485476,0.029985254515124158
834,-0.057579611236925905,-0.11625871105750565,-0.07306467721997578,-0.059407275453828665,-0.01465486578624088,0.0059393310859611175,-0.3584837240778052,-0.09621564767804584,0.04001286313888118
832,-0.07038951277182763,-0.12191939803651505,-0.02964047164996008,0.01661711914942006,-0.030219646470358297,-0.008526239922733858,-0.3180133721708288,-0.08029878883897194,0.0373106815399746
830,-0.05900687651292487,-0.1185839391026245,-0.0016740796489286204,0.02292743495938784,0.02207519164426519,-0.01930750569494049,-0.3129082360091441,-0.06663971576641566,0.03913304410871949
828,-0.0830586846228625,-0.2559734137446038,-0.19944063001343282,-0.19025955742062642,-0.17292799677012563,-0.04865535564231485,-0.5210213754672618,-0.2101910019544611,0.050509777342124924
826,-0.18719584552336774,-0.5657180280901775,-0.43816429368833454,-0.4395967066639551,-0.4443834928840962,-0.07428676523481853,-0.8378148413500323,-0.4267371390621117,0.08134024705558147
824,-0.22909175722352426,-0.6372274836040708,-0.5621323379654938,-0.4883791290487215,-0.5450520368233264,-0.08317788132531179,-0.8638891006959594,-0.48699281809805833,0.08485486191767144
822,-0.16557745892804362,-0.49694939213950706,-0.4899599931348671,-0.4649881472404187,-0.5277554808494422,-0.08030831157540187,-0.7419224549849799,-0.42392303412180865,0.07417382996237215
820,-0.15860173265923513,-0.41190842765603947,-0.4175756448386733,-0.3788740642307433,-0.5289837266253493,-0.06680165029551999,-0.6124983082697861,-0.3678919363679066,0.06335375754501174
818,-0.09866320346745067,-0.25204963945364756,-0.2702098207473356,-0.20914845222109335,-0.4046100370212402,-0.03839187315733906,-0.3286398577830177,-0.2288161262644463,0.04155665397076943
816,-0.04299832306102529,-0.08905215973972003,-0.19507926366049877,-0.1510707948809374,-0.2552191646559172,-0.025817717231206686,-0.16415653027751947,-0.13191342192954641,0.02725544961364893
814,0.02796127662687336,-0.03548684489733207,-0.23395875358618465,-0.1913492646405328,-0.14487027694755575,-0.013073063727421803,-0.023984607583689203,-0.08782307639369184,0.03304101966757875
812,0.040250633137608086,0.038322984645954294,-0.1944946210467704,-0.14022967627506783,-0.03440709418230676,-0.002672414205722288,0.11613389158452891,-0.025299470905967996,0.03555149998090301
810,-0.06199826155395023,-0.25958199989308545,-0.5185519543607919,-0.37733649394775554,-0.2351414382706486,-0.042104004515034876,-0.2475797619304679,-0.24889913063881922,0.05464334020602631
808,-0.030996792489913837,-0.1172654754064066,-0.39021075839002045,-0.2537818382955871,-0.021318036418616668,-0.0423703142678462,-0.22392930118600884,-0.15426750235062853,0.045745110676677636
806,-0.11744110224767824,-0.3111762169539397,-0.43882831646037346,-0.34874122201054897,-0.10210645138101276,-0.06523109896702635,-0.40846749708817426,-0.25599884358696484,0.051337894349641165
804,-0.12317473158709631,-0.2832246174873483,-0.38801987024159246,-0.34994226734961537,-0.02671636495745311,-0.06461137365582748,-0.5979539393869144,-0.2619490235236925,0.06688522679453406
802,-0.12877240359796474,-0.2865410519871334,-0.31218524516505936,-0.2856634458129313,-0.013747235714522757,-0.04992680311263697,-0.7057728053273533,-0.2546584272453717,0.07613332536033332
800,-0.17608075729672307,-0.4208382093931091,-0.42235947002174096,-0.345345535667024,-0.16553876922126892,-0.05215080446538043,-0.8203993058175146,-0.3432446931261087,0.08283154899407703
798,-0.23768736169802024,-0.4494261102450997,-0.48012175351085257,-0.3706311414731947,-0.29467421997608373,-0.05144263385323439,-0.7970635959580253,-0.38300668810207295,0.07609840976919817
796,-0.3267146704182512,-0.6720043455573823,-0.6867666292422032,-0.4906278102525177,-0.5316366574498386,-0.0726192457790509,-0.846285733234293,-0.5180935845619338,0.08407694856463065
794,-0.3863345143485372,-0.7739911751299887,-0.7491400628446164,-0.5558203812838175,-0.6414607119306354,-0.0935192456471595,-0.7496822314901297,-0.5642783318106978,0.08148561643199119
792,-0.4237871854089608,-0.9224588466187953,-0.8135316085116219,-0.756553563926675,-0.7245083897227387,-0.1012197435219898,-0.757677755251796,-0.6428195847089396,0.09272146943003792
790,-0.39094052100781046,-0.9756186718167172,-0.7038547198642526,-0.7736860141750735,-0.7402229341000921,-0.10677346693625914,-0.7691114671642858,-0.6371725421520702,0.09520737460123822
788,-0.21392671411341319,-0.6740911301353586,-0.42742115534553404,-0.6182401580390748,-0.3962261957287127,-0.08448718044530784,-0.7431747919244964,-0.45108104653312825,0.07986556865746873
786,-0.2221740357164626,-0.7141146281155359,-0.5083219116363572,-0.6367447125936382,-0.43265081631691227,-0.07994161177364408,-0.7918696409815972,-0.48368819387630674,0.08515857427831346
784,-0.19275344778912684,-0.6293061117051166,-0.575890523385237,-0.5378609874498111,-0.3640908152197777,-0.08651490052186184,-0.8056414482753317,-0.45600831919232315,0.08319774135413407
782,-0.22306661751370008,-0.6080302972854289,-0.6199009626977033,-0.4038460033728368,-0.3006109543796527,-0.08154084225837592,-0.8897098214513005,-0.44667221413699976,0.09051591309598261
780,-0.19735590198676903,-0.31291985691120733,-0.5419892495160584,-0.16172885849731838,-0.042692772961289115,-0.05868840102940645,-0.6925817700040109,-0.28685097298657997,0.08081381861780634
778,-0.1479200145300441,-0.0871638870539878,-0.36352452539293645,0.03528262086232804,0.11620728514020058,-0.039312761657789685,-0.5287202816548658,-0.1450216520410136,0.07443221070437758
776,-0.21379365452001223,-0.15617068659229605,-0.41090942198253416,0.07411023736209432,0.016850148488322992,-0.03990054606922972,-0.4819819088912278,-0.17311369031498322,0.06928718490784871
774,-0.17156655986224237,-0.0724977595004361,-0.41259673986140244,-0.05145719961664057,-0.006055272889117723,-0.0500832856240388,-0.533081205085263,-0.1853340032055916,0.06732843892953533
772,-0.16384825845651327,-0.10401868076154679,-0.289897681735276,-0.15309769394355313,-0.08761997856607527,-0.050696525164895596,-0.5931645766606501,-0.20604905646978716,0.06124363306864496
770,-0.19965216331127875,-0.36143378949949884,-0.38351347993062523,-0.3409000852400533,-0.3120388181744971,-0.06063736254325408,-0.6862354210944857,-0.33491587425624186,0.06276010093131858
768,-0.22275400169461354,-0.5207663698690325,-0.33885186205101986,-0.36344229461162536,-0.46058292318778304,-0.07110538039223463,-0.7269442834587728,-0.38634958789501167,0.06924418622131745
766,-0.19831693593155242,-0.5490344016001154,-0.21223982637836722,-0.254205496324882,-0.47529270621702985,-0.05425436463056982,-0.6085858199540809,-0.3359899358623711,0.06806421513498553
764,-0.19831693593155242,-0.5490344016001154,-0.21223982637836722,-0.254205496324882,-0.47529270621702985,-0.05425436463056982,-0.6085858199540809,-0.3359899358623711,0.06806421513498553
762,-0.1258917104728011,-0.468086723175921,-0.16037762421087307,-0.2125341640376566,-0.41460790990369517,-0.03833980735560883,-0.4862383799188074,-0.2722966170107662,0.059255039696807885
760,-0.036759896504304876,-0.25008724184884135,-0.0766574518156237,-0.13852597024152805,-0.21233848778807823,-0.017009026170452232,-0.2476566908991462,-0.13986210932399637,0.032387618175170926
758,-0.04883309585603106,-0.2227608358133505,-0.14270328513599087,-0.15347551177084928,-0.1686051113619443,-0.021901854394980023,-0.14378409561316524,-0.1288662557066159,0.0228589148992493
756,0.05211386909520911,-0.04439895703448875,-0.17952975479650202,-0.0835657485411222,0.10399547388895869,-0.010715391498369548,-0.014833699565265571,-0.025276315493082895,0.030053215271639736
754,-0.02515104943958232,-0.10449260120878749,-0.0986401017284952,-0.043605634757367506,0.09803143518645456,-0.011530016220147616,0.02102001071316223,-0.023481136779251902,0.022954923983485174
752,-0.04797890558866228,-0.1317010778748994,-0.07329658240554801,-0.04057784056635825,0.05597698539869943,-0.014966267506573242,0.05136294141612287,-0.02874010673245984,0.021908782932074485
750,-0.1245637881517904,-0.25155488638983226,-0.02049913663767122,-0.13558765295864447,-0.01175866167235689,-0.03691869890341547,-0.016393173588559375,-0.08532514261461001,0.029401031712028392
748,-0.27531669357147454,-0.5796097779471873,-0.2673551596648727,-0.3709090473101733,-0.31659307978395734,-0.07569532892551901,-0.33159160672825155,-0.31672438484734794,0.049010327295345754
746,-0.2686086195878405,-0.6178658101221266,-0.2652022472066901,-0.33976422238895343,-0.3242662671869531,-0.09507361811786162,-0.40856485986278385,-0.3313350920676013,0.05215241323305634
744,-0.2925178652574608,-0.7009513920927267,-0.406588034974063,-0.4459958899135645,-0.5297544883242262,-0.11234681580991973,-0.6476339804618093,-0.44796978097625295,0.06669207551863823
742,-0.3117004603674256,-0.7644587200881259,-0.49650696505747854,-0.37656981503317294,-0.7172648203516576,-0.11522737075814682,-0.7499679227047077,-0.5045280106229593,0.08218410991993241
740,-0.30134908704978575,-0.7144572514601882,-0.47860174425025004,-0.3028291199716023,-0.7607607012588945,-0.10285666221598572,-0.7517858539691125,-0.487520060025117,0.08585839538094657
738,-0.2802477649231047,-0.7275092807158428,-0.5842870513881666,-0.28458476409202693,-0.8209755453859626,-0.09110391269341016,-0.7667767022388461,-0.5079264316339085,0.0939710128277493
736,-0.17331843325082477,-0.5291313285555174,-0.41860063061270736,-0.24358767871368397,-0.7077798047489016,-0.04604456347429282,-0.615422635222821,-0.39055501065410697,0.08002963141920467
734,-0.015195534846359294,-0.26430689973213106,-0.2208366832022646,-0.16025094356074607,-0.4369110173524352,-0.0027613377069021085,-0.32584240999405684,-0.20372926091355642,0.05193937108355335
732,0.10019450963279072,0.015584285799078702,-0.06821871408921366,-0.07195742072881521,-0.21663655371270155,0.02595848273500279,-0.07697077569737217,-0.04172088372303291,0.033128210800133166
730,0.14373426140373002,0.0896063350213957,-0.04089108059057645,-0.08583896224224018,-0.07856459573090581,0.04516299564682724,0.00928402359491075,0.011784711014734469,0.028364770076720856
728,0.21833409048773006,0.2337753995320847,0.03620964881444078,-0.004698703216803688,0.11971389548973675,0.06104256412166459,0.17649711905314405,0.12012485918314245,0.03042933877392398
726,0.2091461731088497,0.21409617232118844,-0.03832794830482834,-0.10242858927761818,0.09384882928068947,0.047420930659945196,0.08042103430265306,0.07202522887012562,0.038440676761891245
724,0.21518388762798835,0.24500103442987678,-0.10363007499627339,-0.17054197037087546,0.12968166007286475,0.028850078220993263,-0.006899794692804482,0.04823497432739567,0.05133300705912134
722,0.20800415811044842,0.2440724312356968,-0.08094453989026304,-0.16399055566566342,0.04877563706039033,0.02210151951249208,-0.002245865074251376,0.03939611218412139,0.04786331181919665
720,0.2157388326626386,0.438871441534452,0.14019050609078035,-0.05198547534607342,0.07567093427908882,0.03743908086967222,0.1701325505334939,0.14657969580343605,0.05126626275551586
718,0.248296078228779,0.5659493385868594,0.315775067648148,0.016987333156443355,0.12151630755425308,0.04771375343455654,0.3009594612257011,0.23102819140496297,0.06209918551763673
716,0.20243167543221977,0.5142660447876253,0.342225125231235,0.0329239095494506,0.06558151118380179,0.04528838112028895,0.35348175115565333,0.22231405692289638,0.061089324139570904
714,0.12862743050415174,0.36738918593071407,0.19339578311203034,0.012460191775356197,0.011759869020018427,0.021822588584579108,0.2071171740990823,0.1346531747179903,0.04343893838086756
712,0.06906280049679624,0.1910691111937728,-0.02861079737974807,-0.06811161215940953,-0.06975085676195339,-0.00358587252502951,0.009268955852110653,0.014191675530934172,0.029966938200185977
710,0.002822899360181701,-0.026894061440489597,-0.15156471253921014,-0.13367153591602624,-0.17820082748760885,-0.0173703725666709,-0.13153937138629213,-0.09091685456801658,0.024300922519263784
708,-0.03914883655090698,-0.12688755286871148,-0.26388224359476437,-0.16400955856678792,-0.24743723991229014,-0.040119262597370114,-0.28102411624866547,-0.16607268719135665,0.03351822294492099
706,-0.021010719178092805,-0.07047921200371447,-0.08276320733447518,-0.05894145580773515,-0.22345222825483857,-0.03355898607675888,-0.13885233139900652,-0.08986544857923165,0.022967016412181858
704,0.0013924589837370908,0.04391785290497572,0.11050203300046184,0.02135534415109433,-0.16520914747064175,-0.01993354257941796,0.009291492422928324,0.00018807020187679827,0.02750810255089545
702,0.0007633266513739803,0.0718334651784915,0.23438465365597314,0.0978278889696854,-0.14030189371255203,-0.005344693861982848,0.21227685092395854,0.06734851397213538,0.0428225123009908
700,0.015237918739895292,0.12139762136283512,0.22852013991933023,0.098924073793984,-0.036893473443032246,-0.0017998619896313693,0.28982071885354677,0.10217244817670397,0.03992469611713161
698,-0.06024909076967035,-0.05630035950597529,0.07876670999353647,-0.03535966628676685,-0.12766981124614882,-0.009420278542500087,0.21854454666904613,0.0011874357587887447,0.03741522685319229
696,-0.06366972263071928,-0.06776976410436296,-0.0143877771174715,-0.08909452902089313,-0.1272445886780154,-0.005638846923335067,0.14220402227032403,-0.03222874374349619,0.028649837997486334
694,-0.09346138388815386,-0.17351826417399552,-0.07074697759413834,-0.14439603756668457,-0.1945042465160335,0.005466313837476167,0.08322170184092166,-0.08399127058008683,0.03276127619542068
692,0.028261115116550946,0.08466428961703713,0.16767025024312487,0.013151044402849484,0.046377465556608974,0.04273253918524137,0.2230373125261871,0.08655628809251427,0.025888373109565006
690,0.11423839564313254,0.1967139844705238,0.2968364084397465,0.16736822027913062,0.21939213459726098,0.06539556776571175,0.26175134944245493,0.18881372294828017,0.026470900932694434
688,0.11423839564313254,0.1967139844705238,0.2968364084397465,0.16736822027913062,0.21939213459726098,0.06539556776571175,0.26175134944245493,0.18881372294828017,0.026470900932694434
686,0.14721539514232637,0.23653412095268236,0.36206236874197656,0.26924817936373724,0.3233227540969174,0.07361588787272529,0.24295588995443282,0.23642208516068547,0.032437069335725946
684,0.09566091758870562,0.12293577596392707,0.3576930933630043,0.3128702740583754,0.26484247665567956,0.0664220134901224,0.19280843809188303,0.2018904270302425,0.03696201646530816
682,0.13817905360801322,0.2923115572116928,0.3870015120483573,0.4206042817634648,0.31042214926573203,0.07254197013832486,0.2477624584319264,0.26697471178107307,0.04125262683874869
680,0.24230104327225874,0.5728426173557734,0.48637746746880695,0.489315714156871,0.4154394095534721,0.08457178033573796,0.3859879949214323,0.3824051467234789,0.05476321047254594
678,0.14926008792709525,0.44109281651655113,0.3859071196207221,0.3629747312105168,0.19395191831389644,0.06682494446543721,0.2927336470179979,0.2703921807246024,0.04502158118210838
676,0.02050506896036987,0.22592782794890662,0.19760827011609838,0.19583134284689682,-0.01928685304186108,0.044851873080280845,0.10250179827926233,0.10970561831285054,0.03204511819238859
674,0.09206775036173082,0.45247905386122983,0.29046807314343576,0.2959107977728633,0.2004838549365003,0.062076581027581734,0.2117219358012259,0.22931543527208104,0.04349120204904756
672,0.15352783781236212,0.6460587366908398,0.3550282360038872,0.4076843862718886,0.4470443019493241,0.0786315234831782,0.30117860869051166,0.34130766155742737,0.06189246654864701
670,0.14972077789538157,0.6267471160205564,0.3189203509461381,0.3886915080662253,0.5651742099841965,0.07054072325529714,0.19771732969529068,0.33107314512329794,0.06869232246059995
668,0.09903726366967892,0.48891528149359664,0.23723300010748422,0.3021130174877925,0.5940953382021164,0.05091879401374842,0.0908149761044661,0.26616109586841186,0.06869907924806093
666,0.10483086808066996,0.441985474663074,0.21492579515757942,0.20768108563729262,0.5718137198778942,0.02805232862181393,0.0711783672040732,0.23435251989177106,0.06601429766041356
664,0.1493943895385973,0.41353089719990305,0.23934258874779218,0.13498333294304904,0.5573695664008868,0.0010899191206016035,0.09081776390714527,0.2266469225511393,0.06383012565827371
662,-0.05146562593840016,-0.08576982429538593,0.012677864727908697,-0.057541349030914436,0.1747312034187459,-0.05376753510747343,-0.13526966974316854,-0.028057847995526842,0.032646929824036386
660,-0.2503231856002538,-0.5666026232489373,-0.2838850343653432,-0.2595714271428194,-0.29380989108880945,-0.09943819354994042,-0.41004196046856445,-0.3090960450663811,0.04766556272248366
658,-0.27235411273551013,-0.5773148239009317,-0.3059656953720022,-0.20524913715583076,-0.4167529728468552,-0.09433277125456238,-0.4021434273628409,-0.32487327723264764,0.051532567394772875
656,-0.30581662631734274,-0.6909664461320266,-0.467150329262205,-0.24967075911290482,-0.6429865222829603,-0.087615252113475,-0.504647555501925,-0.42126478438897713,0.071345798035333
654,-0.3173998128775462,-0.750032056076866,-0.644757121831172,-0.3460839897019588,-0.7611344951877096,-0.0791140727936221,-0.6379616635947315,-0.505211887437658,0.08500872670271965
652,-0.3151583401050505,-0.736207037050167,-0.7238913235282589,-0.4501809848484852,-0.8387304407538098,-0.07697940998174352,-0.7818253089359508,-0.5604246921719236,0.0935530497391384
650,-0.26306510805341227,-0.560683485391765,-0.6265663903290852,-0.4771637894073897,-0.7560999154966012,-0.06555608417674083,-0.756912953187614,-0.5008639608632297,0.0841648992970666
648,-0.1637000359833527,-0.23156672166882042,-0.28304624380210536,-0.26655052981430166,-0.45749612120058203,-0.04035556727484286,-0.486328471521146,-0.2755776701807358,0.05130972099838719
646,-0.04408415955166961,0.10580622966870853,0.13589331466897778,0.023150708909716673,-0.15167564823097374,-0.004030089130106476,-0.12551121807123747,-0.008635837390940615,0.03545472102080589
644,0.138062166696681,0.4986384221436796,0.6187134509510842,0.3204482173380072,0.1853215262298221,0.050032477558215084,0.34465809080038257,0.3079820502454102,0.06612498255862459
642,0.30431042776640843,0.7417176244520085,0.9915903723028584,0.4688899572225032,0.30688840414147545,0.09942478131849464,0.7653601411423334,0.525454529763726,0.1037668931805773
640,0.4589311117980444,0.9113289866753156,1.21860449972018,0.5251254644166331,0.3720534905666095,0.1333663368714609,1.0109148818104259,0.6614749674083814,0.1279793034196465
638,0.5192178665416015,0.9522485330299276,1.230439533446916,0.42554011832435645,0.3202605472831649,0.13281306904464915,1.0842304046882152,0.666392867479833,0.137492585675154
636,0.46892536025617243,0.8360123519636895,1.0604333134184991,0.268568167382642,0.22246838443760286,0.10550003317659498,0.9873715953714699,0.5641827437152387,0.1283734262071293
634,0.32837428014204456,0.5844084116164615,0.7390246910290011,0.09344350201720472,-0.0045185650890509545,0.06313835977232987,0.6994403210094797,0.35761585721392436,0.10370390238298394
632,0.11960446076104488,0.23923085888903575,0.22989522439213758,-0.1767984226058953,-0.21718407359683387,0.00116339560867007,0.24650602123809776,0.06320249495517956,0.06486520825543154
630,-0.059919732194869575,-0.08626548085078635,-0.23786359218670458,-0.5170703657316743,-0.4299660348222839,-0.05872248986383922,-0.15170771946519093,-0.22021648787362127,0.060774789539618894
628,-0.15416198283112376,-0.3693702243579426,-0.6593358716435044,-0.7946503556043549,-0.6517365888192468,-0.09938930768802758,-0.5670725569796544,-0.47081669827483635,0.08772163927504441
626,-0.19287181289128646,-0.5512161618217082,-0.8519554068730091,-0.8922467776777547,-0.8294294262672989,-0.11500319130669691,-0.7829623965118235,-0.6022407390499397,0.10676432556590294
624,-0.20380350332084912,-0.6582635410659466,-0.9099440928494568,-0.8697497067393758,-0.9456370983175791,-0.12608295954689627,-0.9500601063676151,-0.6662201440296742,0.11688709753163998
622,-0.17911315300999428,-0.6451357972576607,-0.8275434603171129,-0.7157393691670855,-0.8723979888226574,-0.12513705330460662,-0.9785147494804892,-0.6205116530513723,0.11054882637552968
620,-0.07505795832415851,-0.47058520585509134,-0.6331223464728039,-0.5098058748130047,-0.5481529325885431,-0.10398298328422903,-0.8642848041174043,-0.4578560150650336,0.09245437831538227
618,0.09483755340624525,-0.18461260669945018,-0.3220646655750277,-0.2968591379421665,-0.049427977206748075,-0.060393261636669825,-0.6692223587475233,-0.21253463634304864,0.08157809663043865
616,0.3475244171503657,0.37348679960155945,0.21489404422672806,0.019982998502704574,0.6497730756388604,0.0184022219429232,-0.2302953070792226,0.19910974999770267,0.0949540445912141
614,0.3475244171503657,0.37348679960155945,0.21489404422672806,0.019982998502704574,0.6497730756388604,0.0184022219429232,-0.2302953070792226,0.19910974999770267,0.0949540445912141
612,0.6196800195007832,1.0499065743986846,0.805924464642169,0.4042204011295286,1.3464965315601407,0.11478177918075681,0.42680246918796716,0.6811160342285758,0.13759219418199292
610,0.8104919358081821,1.6101298142856377,1.2277687295916757,0.8501204571548034,1.8753678886263148,0.20296053835905495,1.1047273927419374,1.097366679509658,0.18070600368058357
608,0.8448789855119975,1.7985826452009288,1.3979752352830983,1.2031502714621691,1.98749467714642,0.24915401192577238,1.5702232594635135,1.2930655837134142,0.19476675782373867
606,0.6879675604769968,1.5084115957784265,1.2098580312101324,1.2425034058560158,1.6581374684789132,0.22755356560810164,1.522426072027396,1.1509796713479976,0.16913003678403796
604,0.4103421319314144,0.9149701680199134,0.7028065251553887,0.9022806178249508,0.9907808833812013,0.1406725733088271,1.057053299353695,0.7312723141393417,0.11092800320723738
602,0.1393806246688161,0.30997328815451314,0.1744434320958548,0.45349108817786277,0.3588547953177518,0.02972764337954589,0.400914958151032,0.26668368999219666,0.05073513909409226
600,-0.009799798634123598,-0.17710808743100367,-0.18914883788594522,0.0620484553420476,-0.0826360474919524,-0.05429037564977862,-0.17129498902682996,-0.08888995439679799,0.031310304933328655
598,0.01557604896187394,-0.2970240205585808,-0.1837171261294147,-0.1080708499038685,-0.1737952381135663,-0.07992680618110415,-0.3983746787679555,-0.17504752438465943,0.045257435535617445
596,0.10904657258709556,-0.2656363572363845,0.014208707967057537,-0.0881607845475623,-0.11656359012622951,-0.05027809281978892,-0.3143005119581895,-0.10166915087628595,0.0487287491945206
594,0.18416127478171526,-0.23580767619637658,0.1411281437388875,0.05366045263795591,3.904523752613215e-06,0.0039059814347444416,-0.04073894237710758,0.015187591220510223,0.04479666562398246
592,0.3392275074688159,0.03956016503974164,0.47218817771771054,0.3441610684082048,0.3218164653475052,0.08827430527970001,0.3945355473608145,0.2856804623746418,0.052401613092039244
590,0.5241481587560562,0.5644008798132117,0.9839551902376994,0.5826969553261454,0.5936504700619889,0.1680647504407205,0.865332811635422,0.6117498880387492,0.08564724589369366
588,0.5956637598588793,0.9486026891758437,1.4234860892182126,0.6257491649011747,0.5786353600143849,0.1968806962814156,1.033642907872536,0.7718086667603495,0.12988423850757885
586,0.3889379659027094,0.7388807661161345,1.1669042008078123,0.22116796620868565,0.17305757350911588,0.11076236573410302,0.5624820418940031,0.48031326859608053,0.12330968794749488
584,0.009010978268704714,0.15002342554290418,0.4092476976695775,-0.25479520592418475,-0.3136657992946933,-0.038488989711999155,-0.15729959955191275,-0.02799535614308622,0.0817353220972555
582,-0.2881923186286136,-0.39814879844135426,-0.4768617480296587,-0.6572183372357481,-0.6030717893458101,-0.1767556899242898,-0.722717883407364,-0.47470950928754835,0.06556428365620426
580,-0.4395412620110299,-0.8324376136967429,-1.1939871327214286,-0.945573270795115,-0.6812371836916336,-0.2557116340050498,-1.0401573677525435,-0.7698064949533634,0.10930368878943507
578,-0.5036842582087985,-1.1605264797473867,-1.7821775614661572,-1.1379245847106791,-0.7187858919559142,-0.29169551171263297,-1.1561092199372816,-0.9644147868198357,0.1636200713783272
576,-0.47711077638770294,-1.1701818701802307,-1.8963757241266392,-1.0800726069343167,-0.7722382707485872,-0.282535171862353,-0.9998386721613015,-0.9540504417715902,0.17238493822670906
574,-0.3858497729693012,-0.9186157743620843,-1.3466259408623078,-0.7017669279598203,-0.8611877874845717,-0.22663343098044716,-0.5212114599709002,-0.7088415849413476,0.12291743668800464
572,-0.3145600593589544,-0.7604361914813766,-0.5578411721207107,-0.29704382790336215,-0.8979555809780151,-0.15775569451086063,-0.08479880440032302,-0.4386273329648004,0.10073634279007539
570,-0.3654755636551945,-1.056493029883055,-0.35734497200829946,-0.204511293536003,-0.8365310928978849,-0.1248509062444436,-0.06294817926866064,-0.4297364339276487,0.12290319077560617
568,-0.4447815710149532,-1.4511731635273786,-0.6104927470854998,-0.3414091978538329,-0.7209640270288511,-0.11460744682761217,-0.2331348351554867,-0.5595089983562306,0.14570759876312078
566,-0.44570465909876356,-1.489944414687275,-0.842136875591512,-0.4629330830138782,-0.5475038287397415,-0.08939469185977238,-0.302467237358941,-0.5971549700499834,0.14911455530930104
564,-0.338384204603514,-1.047395201503051,-0.6781652551857784,-0.41271644941876573,-0.2515943158011527,-0.03320388570129308,-0.1933127600065187,-0.42211029603143907,0.11150879736746933
562,-0.2367676509577135,-0.4171139640703796,-0.2532078354545825,-0.31226826991223955,-0.1105920404870815,0.018265667944866334,-0.08061816688704236,-0.19890032283202466,0.04888083429008897
560,-0.1982903410122002,0.12836364637350783,0.17453115610312314,-0.23335561848577563,-0.2330755431408345,0.03992748334430419,-0.02381890879122951,-0.04938830365844352,0.05671412893428894
558,-0.16677152978673612,0.4719600428081931,0.45774312827938074,-0.07623987729064736,-0.397628602617034,0.05499359303269965,0.09209200297309528,0.062306965342707334,0.10422665445394737
556,-0.05997974738078785,0.5996395761066402,0.6121769937767358,0.251109127207282,-0.22545145516409368,0.0813775724026422,0.3997787772354021,0.2369501205976887,0.10566438428043158
554,0.09307944212867227,0.4380318673742417,0.4850250372906301,0.497628512624406,0.143048196844857,0.07880577404880801,0.6514046081806562,0.34100334835603874,0.07564452083720834
552,0.11459047467763425,-0.08308594573065473,0.0373342365965486,0.3789061263129961,0.2385023702296924,0.001557197964941915,0.49507020440819577,0.1689820949227649,0.06906177656073863
550,-0.044575950005317264,-0.6683786403668281,-0.4387618188982677,0.008338094508792537,0.07920916744253545,-0.11188410293365564,0.0429499621371736,-0.16187189830222387,0.09243895123312415
548,-0.28152995221358373,-1.1379905872805924,-0.8175815654135303,-0.5096751647981007,-0.2364244334620493,-0.20705870515033287,-0.5826957121990168,-0.538993731502458,0.1123764794426304
546,-0.46995533150004853,-1.329877972983232,-0.9170195442242324,-0.9135410190641525,-0.5107602941992654,-0.2436378692863714,-0.9720472863158282,-0.7652627596533043,0.1217900162870248
544,-0.5124145580073736,-1.1433860602292343,-0.5577424096072643,-0.8692759395086084,-0.5981998834181702,-0.19618782280223732,-0.871728183722456,-0.6784192653279063,0.10098545759207882
542,-0.33376642995207634,-0.5159568736775375,0.1140639733327478,-0.2415994093273839,-0.3207620167211296,-0.05945089343031109,-0.14347780728968706,-0.2144213510093397,0.06736962816677843
540,0.08931994859959823,0.45295846425720465,0.7638408850483894,0.6769197450639215,0.33936584209099196,0.11605014572842258,0.8513642122974276,0.469974177583708,0.10019181624720334
538,0.08931994859959823,0.45295846425720465,0.7638408850483894,0.6769197450639215,0.33936584209099196,0.11605014572842258,0.8513642122974276,0.469974177583708,0.10019181624720334
536,0.3245731195961722,0.7281723719903812,0.5566346831720499,0.8524133636350567,0.5223425893900945,0.1682377627202764,1.0431997290846475,0.5993676599412397,0.09881021528326955
534,-0.010333576240458183,-0.2071986721531164,-0.6455544124308878,-0.03425587650596738,-0.33572596203759325,0.005633202852777022,-0.056434906426059174,-0.18341002899161504,0.0780803065422462
532,-0.5762863692004916,-1.4636879714754991,-1.816471160010038,-1.1498961604850098,-1.5406724413059436,-0.22809648555804504,-1.4687175158892791,-1.1776897291320438,0.18758217937634808
530,-0.7333834994504225,-1.571916671421825,-1.865012313650434,-1.442679511231686,-1.7168821560222662,-0.316309457699207,-1.8546167539357576,-1.3572571947730854,0.19642692873874243
528,-0.2748257777557336,-0.2836585767333071,-0.5984772357352166,-0.6127638838353306,-0.33538508171879466,-0.17214735280517787,-0.9458717757553692,-0.46044709776270426,0.0888775789982371
526,0.46205933114024933,1.6310345748272577,1.18940151245242,1.1287933469091906,1.9859828394812222,0.14664398565690379,0.7075703289039383,1.035926559910169,0.21200169273766237
