0,1,2,3,4,5,6,7,8,9,10,11,12,13,14,15,16,17,18,19,20,21,22,23,24,coef mean,coef sem
-0.8585756577738489,-1.333951709975025,-0.7638738331284064,-0.9217287267619467,-0.75171569392711,-0.8585756577738489,-1.333951709975025,-0.7639981593575631,-0.9217287267619467,-0.75171569392711,-0.8585756577738489,-1.333951709975025,-0.7638738331284064,-0.9217287267619467,-0.75171569392711,-0.8585756577738489,-1.333951709975025,-0.7638738331284064,-0.40203714235064014,-0.75171569392711,-0.5724918173857226,-1.333951709975025,-0.7638738331284064,-0.9212967932533328,-0.75171569392711,-0.893725803030112,0.048152127410166896
0.8411567830709191,1.2201213428002937,1.077319519477152,1.2022982343978557,0.5325494637261197,0.8411567830709191,1.2201213428002937,1.07705749585018,1.2022982343978557,0.5325494637261197,0.8411567830709191,1.2201213428002937,1.077319519477152,1.2022982343978557,0.5325494637261197,0.8411567830709191,1.2201213428002937,1.077319519477152,0.5768037539546861,0.5325494637261197,0.5052948146318476,1.2201213428002937,1.077319519477152,1.2024804662008817,0.5325494637261197,0.9362316190662204,0.05479378118035113
1.7014398549106697,1.5478447022842594,1.7679054338658735,1.9529301598564304,2.2891036049063738,1.7014398549106697,1.5478447022842594,1.7675184237459707,1.9529301598564304,2.2891036049063738,1.7014398549106697,1.5478447022842594,1.7679054338658735,1.9529301598564304,2.2891036049063738,1.7014398549106697,1.5478447022842594,1.7679054338658735,0.8788554684188672,2.2891036049063738,1.0020458304522526,1.5478447022842594,1.7679054338658735,1.9526203449237318,2.2891036049063738,1.7808781295267777,0.06936644817817915
-0.12669591098489194,-0.2732738124743103,-0.4423308033088117,0.15631838824964164,0.046592201612916294,-0.12669591098489194,-0.2732738124743103,-0.4418417708155841,0.15631838824964164,0.046592201612916294,-0.12669591098489194,-0.2732738124743103,-0.4423308033088117,0.15631838824964164,0.046592201612916294,-0.12669591098489194,-0.2732738124743103,-0.4423308033088117,0.04600401515604055,0.046592201612916294,-0.08619792873475711,-0.2732738124743103,-0.4423308033088117,0.15475800324859912,0.046592201612916294,-0.13071349711514244,0.041248909029677185
0.6043513637710536,0.14132739615760911,0.07307388629314991,0.21571190867525047,0.31096973765668395,0.6043513637710536,0.14132739615760911,0.07347551348847015,0.21571190867525047,0.31096973765668395,0.6043513637710536,0.14132739615760911,0.07307388629314991,0.21571190867525047,0.31096973765668395,0.6043513637710536,0.14132739615760911,0.07307388629314991,0.07297971646632928,0.31096973765668395,0.31106764992257696,0.14132739615760911,0.07307388629314991,0.21608101001135108,0.31096973765668395,0.25167705140971036,0.0345507366392369
-1.1256638548243194,-1.1067787054661973,-1.1007768057496674,-1.0131269279219297,-0.9330616094155214,-1.1256638548243194,-1.1067787054661973,-1.1006017406002726,-1.0131269279219297,-0.9330616094155214,-1.1256638548243194,-1.1067787054661973,-1.1007768057496674,-1.0131269279219297,-0.9330616094155214,-1.1256638548243194,-1.1067787054661973,-1.1007768057496674,-0.44052240728891595,-0.9330616094155214,-0.6242861086167015,-1.1067787054661973,-1.1007768057496674,-1.0117802620623724,-0.9330616094155214,-1.0128614207615438,0.031476946659203926
-1.179731640840257,-1.3123924037915269,-1.131616274758268,-1.1410036631324858,-1.4607489627218264,-1.179731640840257,-1.3123924037915269,-1.1316908922073659,-1.1410036631324858,-1.4607489627218264,-1.179731640840257,-1.3123924037915269,-1.131616274758268,-1.1410036631324858,-1.4607489627218264,-1.179731640840257,-1.3123924037915269,-1.131616274758268,-0.6312658120426378,-1.4607489627218264,-0.9010205305220695,-1.3123924037915269,-1.131616274758268,-1.1389958238427123,-1.4607489627218264,-1.2134833017189244,0.03617458929847638
-0.5711818349564404,-0.8921364094336441,-0.4328892193850006,-0.5471228669993917,-0.5873607771548432,-0.5711818349564404,-0.8921364094336441,-0.432730180162476,-0.5471228669993917,-0.5873607771548432,-0.5711818349564404,-0.8921364094336441,-0.4328892193850006,-0.5471228669993917,-0.5873607771548432,-0.5711818349564404,-0.8921364094336441,-0.4328892193850006,-0.36527399022940643,-0.5873607771548432,-0.5151076057914086,-0.8921364094336441,-0.4328892193850006,-0.5468790594410015,-0.5873607771548432,-0.5966051834772269,0.031470304835991204
-1.1382842424093318,-1.4935249024356134,-1.038216541239348,-1.4903819892698962,-0.9965364613727562,-1.1382842424093318,-1.4935249024356134,-1.038140535433772,-1.4903819892698962,-0.9965364613727562,-1.1382842424093318,-1.4935249024356134,-1.038216541239348,-1.4903819892698962,-0.9965364613727562,-1.1382842424093318,-1.4935249024356134,-1.038216541239348,-0.7823627757501996,-0.9965364613727562,-0.8249892901030591,-1.4935249024356134,-1.038216541239348,-1.4898335122018398,-0.9965364613727562,-1.190511281397405,0.046964345359783014
-2.123543011707047,-2.2246697344143405,-2.0723547572399186,-2.0826560486753856,-1.9683095647563198,-2.123543011707047,-2.2246697344143405,-2.0721408479262515,-2.0826560486753856,-1.9683095647563198,-2.123543011707047,-2.2246697344143405,-2.0723547572399186,-2.0826560486753856,-1.9683095647563198,-2.123543011707047,-2.2246697344143405,-2.0723547572399186,-1.0366322372358499,-1.9683095647563198,-1.3551100812743118,-2.2246697344143405,-2.0723547572399186,-2.082206058562281,-1.9683095647563198,-2.021701797706641,0.051201572556270614
-0.38002625254290123,-0.6862178395287449,-0.19131886909964077,-0.9103855911564367,-0.01269546673457348,-0.38002625254290123,-0.6862178395287449,-0.19163454074461622,-0.9103855911564367,-0.01269546673457348,-0.38002625254290123,-0.6862178395287449,-0.19131886909964077,-0.9103855911564367,-0.01269546673457348,-0.38002625254290123,-0.6862178395287449,-0.19131886909964077,-0.44942395853624273,-0.01269546673457348,-0.32526324888092795,-0.6862178395287449,-0.19131886909964077,-0.9105208901251057,-0.01269546673457348,-0.41551785718571854,0.06105420840893473
0.011091371694861745,-0.06407922482809139,0.1863625056242767,0.08653385863662101,-0.2258156448684574,0.011091371694861745,-0.06407922482809139,0.18652146259970884,0.08653385863662101,-0.2258156448684574,0.011091371694861745,-0.06407922482809139,0.1863625056242767,0.08653385863662101,-0.2258156448684574,0.011091371694861745,-0.06407922482809139,0.1863625056242767,0.0182243858495163,-0.2258156448684574,-0.06274630933883184,-0.06407922482809139,0.1863625056242767,0.08471295931161055,-0.2258156448684574,-0.006933790594972932,0.027242738751858734
0.00310346094455122,0.18344673259185543,0.19332411560310517,0.16190190273546062,-0.08962467234066056,0.00310346094455122,0.18344673259185543,0.19349402415751074,0.16190190273546062,-0.08962467234066056,0.00310346094455122,0.18344673259185543,0.19332411560310517,0.16190190273546062,-0.08962467234066056,0.00310346094455122,0.18344673259185543,0.19332411560310517,0.039685511640448604,-0.08962467234066056,-0.10075645239226377,0.18344673259185543,0.19332411560310517,0.1606302143481162,-0.08962467234066056,0.08134318453627175,0.023076776563756018
0.03407559886948073,-0.008816218264101483,0.2364706099195566,-0.30730942207918904,-0.3744903671852873,0.03407559886948073,-0.008816218264101483,0.23716636618751896,-0.30730942207918904,-0.3744903671852873,0.03407559886948073,-0.008816218264101483,0.2364706099195566,-0.30730942207918904,-0.3744903671852873,0.03407559886948073,-0.008816218264101483,0.2364706099195566,-0.13592985457842005,-0.3744903671852873,-0.029322484225744218,-0.008816218264101483,0.2364706099195566,-0.3086394778888861,-0.3744903671852873,-0.07972007235335571,0.043415695984388415
-1.6905099242386898,-1.5429233501069326,-1.5606419203433632,-1.4345550830530565,-1.464819887418336,-1.6905099242386898,-1.5429233501069326,-1.5603328965187502,-1.4345550830530565,-1.464819887418336,-1.6905099242386898,-1.5429233501069326,-1.5606419203433632,-1.4345550830530565,-1.464819887418336,-1.6905099242386898,-1.5429233501069326,-1.5606419203433632,-0.6692681955385399,-1.464819887418336,-0.9385717987930412,-1.5429233501069326,-1.5606419203433632,-1.434425438752687,-1.464819887418336,-1.47798348578867,0.0427744377839289
0.4592466555492328,0.9273500109456833,0.41681762953667106,0.3016809130468806,0.510847985486101,0.4592466555492328,0.9273500109456833,0.41716042550636523,0.3016809130468806,0.510847985486101,0.4592466555492328,0.9273500109456833,0.41681762953667106,0.3016809130468806,0.510847985486101,0.4592466555492328,0.9273500109456833,0.41681762953667106,0.11866173162170834,0.510847985486101,0.3419983281595762,0.9273500109456833,0.41681762953667106,0.30192240900910206,0.510847985486101,0.5112013102375973,0.044365341600157766
1.8295334283290245,1.638799912664514,1.9317762325825665,1.4833169050898536,1.8004114086410805,1.8295334283290245,1.638799912664514,1.9318893925964897,1.4833169050898536,1.8004114086410805,1.8295334283290245,1.638799912664514,1.9317762325825665,1.4833169050898536,1.8004114086410805,1.8295334283290245,1.638799912664514,1.9317762325825665,0.7221650551768085,1.8004114086410805,1.1775485351197192,1.638799912664514,1.9317762325825665,1.481838171672367,1.8004114086410805,1.6801874848003715,0.05280823530855217
1.7811898492190092,1.5911257949829978,1.4514412785146102,1.398071606031897,1.289043783047413,1.7811898492190092,1.5911257949829978,1.4514922531305778,1.398071606031897,1.289043783047413,1.7811898492190092,1.5911257949829978,1.4514412785146102,1.398071606031897,1.289043783047413,1.7811898492190092,1.5911257949829978,1.4514412785146102,0.7107826088417808,1.289043783047413,1.1871795530324007,1.5911257949829978,1.4514412785146102,1.398952225982367,1.289043783047413,1.4509597544067743,0.04461913749188938
2.746087214943106,2.2393002206369674,2.1473446750684033,2.4314615475255748,2.270332123846074,2.746087214943106,2.2393002206369674,2.1476102494492175,2.4314615475255748,2.270332123846074,2.746087214943106,2.2393002206369674,2.1473446750684033,2.4314615475255748,2.270332123846074,2.746087214943106,2.2393002206369674,2.1473446750684033,1.2254978695248337,2.270332123846074,1.8246055693141239,2.2393002206369674,2.1473446750684033,2.4319359545999353,2.270332123846074,2.2818369427170437,0.060469909379185685
2.0210453257058343,2.0358865844640324,1.3469723850758442,1.7790898995284812,1.6827947110063077,2.0210453257058343,2.0358865844640324,1.3468553633465177,1.7790898995284812,1.6827947110063077,2.0210453257058343,2.0358865844640324,1.3469723850758442,1.7790898995284812,1.6827947110063077,2.0210453257058343,2.0358865844640324,1.3469723850758442,0.8612749107622815,1.6827947110063077,1.2030705571581943,2.0358865844640324,1.3469723850758442,1.7795005495223624,1.6827947110063077,1.703737935994129,0.06295566133183916
0.06601122962379216,0.21698793194367427,-0.04390597350698287,-0.09578147864944596,0.18490724022951507,0.06601122962379216,0.21698793194367427,-0.04358433542206013,-0.09578147864944596,0.18490724022951507,0.06601122962379216,0.21698793194367427,-0.04390597350698287,-0.09578147864944596,0.18490724022951507,0.06601122962379216,0.21698793194367427,-0.04390597350698287,0.021096659184661037,0.18490724022951507,0.10588133097664759,0.21698793194367427,-0.04390597350698287,-0.0951648951410734,0.18490724022951507,0.07195124835932085,0.02327833976902282
0.1449684557440967,-0.3134485353858889,-0.17599444761511282,-0.29827119874173863,-0.12222074818349364,0.1449684557440967,-0.3134485353858889,-0.17630266239571363,-0.29827119874173863,-0.12222074818349364,0.1449684557440967,-0.3134485353858889,-0.17599444761511282,-0.29827119874173863,-0.12222074818349364,0.1449684557440967,-0.3134485353858889,-0.17599444761511282,-0.1483955350900575,-0.12222074818349364,0.06388029794574131,-0.3134485353858889,-0.17599444761511282,-0.29815120842315346,-0.12222074818349364,-0.15024932358077508,0.030946689032691273
-1.3090235640832968,-1.1682851055115289,-0.7188638266882142,-1.155639124432265,-1.1624634541942878,-1.3090235640832968,-1.1682851055115289,-0.7195008232338126,-1.155639124432265,-1.1624634541942878,-1.3090235640832968,-1.1682851055115289,-0.7188638266882142,-1.155639124432265,-1.1624634541942878,-1.3090235640832968,-1.1682851055115289,-0.7188638266882142,-0.6268153570966855,-1.1624634541942878,-0.9229638697351502,-1.1682851055115289,-0.7188638266882142,-1.155451233472163,-1.1624634541942878,-1.0662776407379893,0.04265428799218632
-0.5460792223073558,-0.21232321744192004,-0.10950309593309775,-0.49235078038140667,-0.4259393623684483,-0.5460792223073558,-0.21232321744192004,-0.11004109198050044,-0.49235078038140667,-0.4259393623684483,-0.5460792223073558,-0.21232321744192004,-0.10950309593309775,-0.49235078038140667,-0.4259393623684483,-0.5460792223073558,-0.21232321744192004,-0.10950309593309775,-0.3172391120441669,-0.4259393623684483,-0.548408100719249,-0.21232321744192004,-0.10950309593309775,-0.4929971911686895,-0.4259393623684483,-0.3503752003628193,0.03253417006735546
-0.3156212420117836,-0.36322967735202505,-0.18389792892816206,-0.10707711404873206,-0.2203319089353634,-0.3156212420117836,-0.36322967735202505,-0.18390135987641668,-0.10707711404873206,-0.2203319089353634,-0.3156212420117836,-0.36322967735202505,-0.18389792892816206,-0.10707711404873206,-0.2203319089353634,-0.3156212420117836,-0.36322967735202505,-0.18389792892816206,-0.21463983292751276,-0.2203319089353634,-0.465921218988312,-0.36322967735202505,-0.18389792892816206,-0.10705346034531363,-0.2203319089353634,-0.248345273179219,0.01909876197078264
0.013712423424581165,-0.20031957348688484,0.20821400154150363,0.03253338921569975,-0.03229560739660577,0.013712423424581165,-0.20031957348688484,0.2078183534701899,0.03253338921569975,-0.03229560739660577,0.013712423424581165,-0.20031957348688484,0.20821400154150363,0.03253338921569975,-0.03229560739660577,0.013712423424581165,-0.20031957348688484,0.20821400154150363,-0.010909305646145286,-0.03229560739660577,-0.02397048757091986,-0.20031957348688484,0.20821400154150363,0.03235987562488585,-0.03229560739660577,0.00110113595887984,0.02566330128703652
0.6459462104502238,0.3409030257755321,0.43889903042301426,0.8147994046355713,0.47480397431509724,0.6459462104502238,0.3409030257755321,0.4386502834834366,0.8147994046355713,0.47480397431509724,0.6459462104502238,0.3409030257755321,0.43889903042301426,0.8147994046355713,0.47480397431509724,0.6459462104502238,0.3409030257755321,0.43889903042301426,0.37576827004505403,0.47480397431509724,0.4624338073059064,0.3409030257755321,0.43889903042301426,0.8152133579356461,0.47480397431509724,0.5181751958649142,0.03135095326873537
0.6434136771108795,0.6283352436482967,0.7408706005212552,0.8128095553792721,0.3082012488958819,0.6434136771108795,0.6283352436482967,0.7407346511454558,0.8128095553792721,0.3082012488958819,0.6434136771108795,0.6283352436482967,0.7408706005212552,0.8128095553792721,0.3082012488958819,0.6434136771108795,0.6283352436482967,0.7408706005212552,0.36455778137393474,0.3082012488958819,0.4394081562437298,0.6283352436482967,0.7408706005212552,0.8133998770377755,0.3082012488958819,0.6006539482075257,0.035062266310089726
-0.5602680606598147,-0.2201636608359125,-0.25300347215823243,-0.3498795615536253,-0.3303498993935633,-0.5602680606598147,-0.2201636608359125,-0.2530020891418324,-0.3498795615536253,-0.3303498993935633,-0.5602680606598147,-0.2201636608359125,-0.25300347215823243,-0.3498795615536253,-0.3303498993935633,-0.5602680606598147,-0.2201636608359125,-0.25300347215823243,-0.2048174162970001,-0.3303498993935633,-0.3574576051962545,-0.2201636608359125,-0.25300347215823243,-0.3498161951206421,-0.3303498993935633,-0.32881543691344683,0.02218885963592983
-1.5172221892071796,-1.4929266435039488,-1.5849352721122423,-1.758819955513539,-1.5193997768430307,-1.5172221892071796,-1.4929266435039488,-1.5846594055568302,-1.758819955513539,-1.5193997768430307,-1.5172221892071796,-1.4929266435039488,-1.5849352721122423,-1.758819955513539,-1.5193997768430307,-1.5172221892071796,-1.4929266435039488,-1.5849352721122423,-0.8267652897839104,-1.5193997768430307,-0.9124624392984819,-1.4929266435039488,-1.5849352721122423,-1.75961692521987,-1.5193997768430307,-1.5132090349364922,0.041171110141229525
-0.024942128706928128,-0.15437740779373507,-0.21754771705025866,-0.17645627234218242,-0.16828863708775205,-0.024942128706928128,-0.15437740779373507,-0.2177415077931635,-0.17645627234218242,-0.16828863708775205,-0.024942128706928128,-0.15437740779373507,-0.21754771705025866,-0.17645627234218242,-0.16828863708775205,-0.024942128706928128,-0.15437740779373507,-0.21754771705025866,-0.10383267746893801,-0.16828863708775205,-0.031027601298109008,-0.15437740779373507,-0.21754771705025866,-0.17558457256371515,-0.16828863708775205,-0.14563379134346618,0.01275384616942462
-0.08099963380973303,-0.03526068199143559,0.05932350510884263,-0.09202925325189522,-0.1984997720062897,-0.08099963380973303,-0.03526068199143559,0.059390689706945436,-0.09202925325189522,-0.1984997720062897,-0.08099963380973303,-0.03526068199143559,0.05932350510884263,-0.09202925325189522,-0.1984997720062897,-0.08099963380973303,-0.03526068199143559,0.05932350510884263,-0.015363458323878252,-0.1984997720062897,0.02257576017795383,-0.03526068199143559,0.05932350510884263,-0.09155386770127252,-0.1984997720062897,-0.06226181682752502,0.01685677775842465
-0.8223524587977845,-0.6565016630290708,-0.8683638570851239,-0.9302738762534544,-0.27209385980935896,-0.8223524587977845,-0.6565016630290708,-0.8676466534597157,-0.9302738762534544,-0.27209385980935896,-0.8223524587977845,-0.6565016630290708,-0.8683638570851239,-0.9302738762534544,-0.27209385980935896,-0.8223524587977845,-0.6565016630290708,-0.8683638570851239,-0.3314244223901695,-0.27209385980935896,-0.33718665863309627,-0.6565016630290708,-0.8683638570851239,-0.9312268465191984,-0.27209385980935896,-0.6665659634994529,0.0492783294115295
-0.9397231869515111,-0.8266423020838778,-0.7303376398784982,-0.9151876297624255,-0.441685094100463,-0.9397231869515111,-0.8266423020838778,-0.7305103061195882,-0.9151876297624255,-0.441685094100463,-0.9397231869515111,-0.8266423020838778,-0.7303376398784982,-0.9151876297624255,-0.441685094100463,-0.9397231869515111,-0.8266423020838778,-0.7303376398784982,-0.3472831590735714,-0.441685094100463,-0.4364105313538219,-0.8266423020838778,-0.7303376398784982,-0.9154714806318777,-0.441685094100463,-0.7278847461883151,0.03938176497813409
0.78283083477429,0.5913557668085739,0.8874504654031323,0.8468565620921955,1.0124692253966732,0.78283083477429,0.5913557668085739,0.8874888963318482,0.8468565620921955,1.0124692253966732,0.78283083477429,0.5913557668085739,0.8874504654031323,0.8468565620921955,1.0124692253966732,0.78283083477429,0.5913557668085739,0.8874504654031323,0.3864773226723108,1.0124692253966732,0.42580894095178956,0.5913557668085739,0.8874504654031323,0.8466258079909771,1.0124692253966732,0.7914888326383774,0.0350992271388397
-0.4834404551503805,-0.21198558611578652,-0.19751740610510965,-0.3362835060024289,-0.33544167228036476,-0.4834404551503805,-0.21198558611578652,-0.197034992147169,-0.3362835060024289,-0.33544167228036476,-0.4834404551503805,-0.21198558611578652,-0.19751740610510965,-0.3362835060024289,-0.33544167228036476,-0.4834404551503805,-0.21198558611578652,-0.19751740610510965,-0.18144379848666023,-0.33544167228036476,-0.3461964990123288,-0.21198558611578652,-0.19751740610510965,-0.336237826774354,-0.33544167228036476,-0.3012292548572207,0.019753945684985466
-1.4486176654667884,-1.3933186347326882,-1.5650775141842408,-1.4260057158523385,-1.3180480105555916,-1.4486176654667884,-1.3933186347326882,-1.5648251433792848,-1.4260057158523385,-1.3180480105555916,-1.4486176654667884,-1.3933186347326882,-1.5650775141842408,-1.4260057158523385,-1.3180480105555916,-1.4486176654667884,-1.3933186347326882,-1.5650775141842408,-0.6253346886589589,-1.3180480105555916,-0.8091320128798819,-1.3933186347326882,-1.5650775141842408,-1.4262891458641787,-1.3180480105555916,-1.3726084833353938,0.041373015740241346
-0.019067877807645496,-0.3267753578459694,-0.05188283013247108,0.26123300431273966,0.24691231866419297,-0.019067877807645496,-0.3267753578459694,-0.05211574239652851,0.26123300431273966,0.24691231866419297,-0.019067877807645496,-0.3267753578459694,-0.05188283013247108,0.26123300431273966,0.24691231866419297,-0.019067877807645496,-0.3267753578459694,-0.05188283013247108,0.12346807393009104,0.24691231866419297,0.058017254433302023,-0.3267753578459694,-0.05188283013247108,0.2616199803008063,0.24691231866419297,0.019662822061461655,0.041801630466091734
0.5298994589607919,0.5493621240757983,0.5923531660172089,0.6430487922943511,0.5956203395554929,0.5298994589607919,0.5493621240757983,0.5929302577492134,0.6430487922943511,0.5956203395554929,0.5298994589607919,0.5493621240757983,0.5923531660172089,0.6430487922943511,0.5956203395554929,0.5298994589607919,0.5493621240757983,0.5923531660172089,0.37428318572289737,0.5956203395554929,0.5174439817352304,0.5493621240757983,0.5923531660172089,0.6429060719093621,0.5956203395554929,0.5708253076827287,0.010865763921217554
1.1322204483135279,1.3694481888372916,0.9937798506839799,0.8872637201418984,1.2481591094800981,1.1322204483135279,1.3694481888372916,0.9941441569439823,0.8872637201418984,1.2481591094800981,1.1322204483135279,1.3694481888372916,0.9937798506839799,0.8872637201418984,1.2481591094800981,1.1322204483135279,1.3694481888372916,0.9937798506839799,0.392494426663759,1.2481591094800981,0.6376283382913184,1.3694481888372916,0.9937798506839799,0.8871728871832818,1.2481591094800981,1.086610746283401,0.04680880343445647
0.522227381925439,0.7349044790743241,0.6660308875989995,0.5463958741117007,0.39282791438030773,0.522227381925439,0.7349044790743241,0.6661788181325596,0.5463958741117007,0.39282791438030773,0.522227381925439,0.7349044790743241,0.6660308875989995,0.5463958741117007,0.39282791438030773,0.522227381925439,0.7349044790743241,0.6660308875989995,0.2178888767966788,0.39282791438030773,0.33307578884296957,0.7349044790743241,0.6660308875989995,0.5453583857625687,0.39282791438030773,0.5517353814896315,0.0283450782465
0.24059867483909822,0.3644912374944798,0.2781149758857353,0.5741061374838169,0.5376693951126627,0.24059867483909822,0.3644912374944798,0.2775864940001099,0.5741061374838169,0.5376693951126627,0.24059867483909822,0.3644912374944798,0.2781149758857353,0.5741061374838169,0.5376693951126627,0.24059867483909822,0.3644912374944798,0.2781149758857353,0.21925931495436535,0.5376693951126627,0.18151875524885164,0.3644912374944798,0.2781149758857353,0.5743891154364562,0.5376693951126627,0.38242919432105127,0.026922853594567434
0.34336155781769706,0.26283730568156544,0.12283225927580885,0.0257570195360428,0.3676941690060925,0.34336155781769706,0.26283730568156544,0.12285641922432831,0.0257570195360428,0.3676941690060925,0.34336155781769706,0.26283730568156544,0.12283225927580885,0.0257570195360428,0.3676941690060925,0.34336155781769706,0.26283730568156544,0.12283225927580885,0.03753798900856352,0.3676941690060925,0.26076643358975543,0.26283730568156544,0.12283225927580885,0.02616842932192862,0.3676941690060925,0.2216813188626007,0.02517519422922939
0.09685601288305579,0.04157282169034176,0.28722172155498754,0.15779014933476812,0.18359158467941675,0.09685601288305579,0.04157282169034176,0.28714549415756646,0.15779014933476812,0.18359158467941675,0.09685601288305579,0.04157282169034176,0.28722172155498754,0.15779014933476812,0.18359158467941675,0.09685601288305579,0.04157282169034176,0.28722172155498754,0.05737909950306707,0.18359158467941675,0.11039630292882693,0.04157282169034176,0.28722172155498754,0.158021186603233,0.18359158467941675,0.14993782003191855,0.016652227726884995
-0.32205119977042485,-0.23315551027312045,-0.24052787686109126,0.024131892543308355,-0.14563992028216977,-0.32205119977042485,-0.23315551027312045,-0.24002228125201705,0.024131892543308355,-0.14563992028216977,-0.32205119977042485,-0.23315551027312045,-0.24052787686109126,0.024131892543308355,-0.14563992028216977,-0.32205119977042485,-0.23315551027312045,-0.24052787686109126,0.00023195606000602352,-0.14563992028216977,-0.17135162568711737,-0.23315551027312045,-0.24052787686109126,0.02401321908421103,-0.14563992028216977,-0.1783610605387003,0.0221228750897706
-0.8888953431651097,-0.6411033742268036,-0.6644871439886556,-0.5203645796691787,-0.6313563934743797,-0.8888953431651097,-0.6411033742268036,-0.6643608881319438,-0.5203645796691787,-0.6313563934743797,-0.8888953431651097,-0.6411033742268036,-0.6644871439886556,-0.5203645796691787,-0.6313563934743797,-0.8888953431651097,-0.6411033742268036,-0.6644871439886556,-0.20955565880902077,-0.6313563934743797,-0.45196974075436014,-0.6411033742268036,-0.6644871439886556,-0.5200053074705142,-0.6313563934743797,-0.6393125648517741,0.028531485191451995
-0.17097053057372377,-0.06399422820299026,-0.3635011414059063,-0.24787848074566252,-0.008032186188430226,-0.17097053057372377,-0.06399422820299026,-0.3634763819782692,-0.24787848074566252,-0.008032186188430226,-0.17097053057372377,-0.06399422820299026,-0.3635011414059063,-0.24787848074566252,-0.008032186188430226,-0.17097053057372377,-0.06399422820299026,-0.3635011414059063,-0.06433063190054268,-0.008032186188430226,-0.02964704609767221,-0.06399422820299026,-0.3635011414059063,-0.24740974500901833,-0.008032186188430226,-0.15786072028392448,0.025598376840500196
0.4744026174122548,0.19948904292850572,0.11478764967578664,0.3140660610582907,0.2858058096518818,0.4744026174122548,0.19948904292850572,0.11510405143084865,0.3140660610582907,0.2858058096518818,0.4744026174122548,0.19948904292850572,0.11478764967578664,0.3140660610582907,0.2858058096518818,0.4744026174122548,0.19948904292850572,0.11478764967578664,0.17631918492286733,0.2858058096518818,0.3074008922512159,0.19948904292850572,0.11478764967578664,0.3137648645482166,0.2858058096518818,0.26552090030328496,0.022566150388717884
0.6519760816557507,0.7139894954717874,0.5298307083500882,0.7323170076549712,0.39504209364010023,0.6519760816557507,0.7139894954717874,0.5300748331804195,0.7323170076549712,0.39504209364010023,0.6519760816557507,0.7139894954717874,0.5298307083500882,0.7323170076549712,0.39504209364010023,0.6519760816557507,0.7139894954717874,0.5298307083500882,0.340143126514183,0.39504209364010023,0.40826200329647794,0.7139894954717874,0.5298307083500882,0.7324168378264316,0.39504209364010023,0.5792093171746089,0.027002494862356164
0.068345869182841,0.1712995124919507,0.33278955367178986,0.24773629726065255,0.20219617989407532,0.068345869182841,0.1712995124919507,0.3331701378262444,0.24773629726065255,0.20219617989407532,0.068345869182841,0.1712995124919507,0.33278955367178986,0.24773629726065255,0.20219617989407532,0.068345869182841,0.1712995124919507,0.33278955367178986,0.07136072336659528,0.20219617989407532,0.0034280320304698876,0.1712995124919507,0.33278955367178986,0.24803414811356053,0.20219617989407532,0.19484888345869927,0.01862212448074725
-0.3282919099512772,-0.1227516598298296,0.02281493168321536,-0.1534738004819185,-0.18052011152995764,-0.3282919099512772,-0.1227516598298296,0.023116966007220588,-0.1534738004819185,-0.18052011152995764,-0.3282919099512772,-0.1227516598298296,0.02281493168321536,-0.1534738004819185,-0.18052011152995764,-0.3282919099512772,-0.1227516598298296,0.02281493168321536,-0.018861057107414054,-0.18052011152995764,-0.09858068226796848,-0.1227516598298296,0.02281493168321536,-0.15342451398744916,-0.18052011152995764,-0.13785749834690203,0.021524745770686
0.14054814783681502,0.12356836026696291,0.12219482960202181,-0.0510730577390673,0.07998162917695534,0.14054814783681502,0.12356836026696291,0.12266180623852008,-0.0510730577390673,0.07998162917695534,0.14054814783681502,0.12356836026696291,0.12219482960202181,-0.0510730577390673,0.07998162917695534,0.14054814783681502,0.12356836026696291,0.12219482960202181,0.05942705743074608,0.07998162917695534,0.1721620325145381,0.12356836026696291,0.12219482960202181,-0.05136972609739875,0.07998162917695534,0.08873535415376567,0.012943952500368418
-0.05957985960847917,-0.10439806329961875,-0.3320125741309673,-0.3889365232552324,-0.09627288208522701,-0.05957985960847917,-0.10439806329961875,-0.3320877098933111,-0.3889365232552324,-0.09627288208522701,-0.05957985960847917,-0.10439806329961875,-0.3320125741309673,-0.3889365232552324,-0.09627288208522701,-0.05957985960847917,-0.10439806329961875,-0.3320125741309673,-0.07820587397528286,-0.09627288208522701,0.014930730771000269,-0.10439806329961875,-0.3320125741309673,-0.3895583742184275,-0.09627288208522701,-0.18085821035854935,0.02661448893659065
0.039848419036698154,0.11740096038378407,-0.14435592343305143,-0.16920155721933336,-0.24255822296953408,0.039848419036698154,0.11740096038378407,-0.144028061912122,-0.16920155721933336,-0.24255822296953408,0.039848419036698154,0.11740096038378407,-0.14435592343305143,-0.16920155721933336,-0.24255822296953408,0.039848419036698154,0.11740096038378407,-0.14435592343305143,-0.03175203218675059,-0.24255822296953408,0.03173200523720706,0.11740096038378407,-0.14435592343305143,-0.16969940658767316,-0.24255822296953408,-0.07460673990486008,0.026343410926275214
-0.11047744528235273,0.21729336045110234,0.03898151427330388,0.008912557300347452,-0.031566547982027716,-0.11047744528235273,0.21729336045110234,0.03903639960488509,0.008912557300347452,-0.031566547982027716,-0.11047744528235273,0.21729336045110234,0.03898151427330388,0.008912557300347452,-0.031566547982027716,-0.11047744528235273,0.21729336045110234,0.03898151427330388,0.009997150740110065,-0.031566547982027716,-0.036154080998753994,0.21729336045110234,0.03898151427330388,0.009022186727647102,-0.031566547982027716,0.027651586651364336,0.020758646042645084
0.08182210898952068,0.025092291614394392,0.11332113342396516,-0.022315256910156952,0.12080996775869474,0.08182210898952068,0.025092291614394392,0.11307893647394708,-0.022315256910156952,0.12080996775869474,0.08182210898952068,0.025092291614394392,0.11332113342396516,-0.022315256910156952,0.12080996775869474,0.08182210898952068,0.025092291614394392,0.11332113342396516,0.008896060712170096,0.12080996775869474,0.05423182817249655,0.025092291614394392,0.11332113342396516,-0.022845935021101573,0.12080996775869474,0.06385997544505721,0.010387864104331861
0.037337189913598384,0.08449673953214995,0.008617848856874383,0.061246361409162446,0.28629258503082605,0.037337189913598384,0.08449673953214995,0.008264512270667518,0.061246361409162446,0.28629258503082605,0.037337189913598384,0.08449673953214995,0.008617848856874383,0.061246361409162446,0.28629258503082605,0.037337189913598384,0.08449673953214995,0.008617848856874383,0.01714703894851891,0.28629258503082605,-0.005903333511093151,0.08449673953214995,0.008617848856874383,0.061023908343087366,0.28629258503082605,0.09208151952701754,0.019798536569675083
-0.09745472804743362,-0.11214484824129384,-0.1822984558947731,0.06761900748282096,0.19483699812082794,-0.09745472804743362,-0.11214484824129384,-0.18205278031969366,0.06761900748282096,0.19483699812082794,-0.09745472804743362,-0.11214484824129384,-0.1822984558947731,0.06761900748282096,0.19483699812082794,-0.09745472804743362,-0.11214484824129384,-0.1822984558947731,0.060733712178683605,0.19483699812082794,-0.014367678666784393,-0.11214484824129384,-0.1822984558947731,0.0672864055137444,0.19483699812082794,-0.022843812208669743,0.026771020614097737
0.16290079812709332,0.5002745727977413,0.03865042089702475,0.3316159637727172,0.436256945668819,0.16290079812709332,0.5002745727977413,0.038940673212638735,0.3316159637727172,0.436256945668819,0.16290079812709332,0.5002745727977413,0.03865042089702475,0.3316159637727172,0.436256945668819,0.16290079812709332,0.5002745727977413,0.03865042089702475,0.1799947769461098,0.436256945668819,0.11937615285444556,0.5002745727977413,0.03865042089702475,0.3314739287204782,0.436256945668819,0.28613983565924384,0.0341071475699785
0.8827303397569185,1.0345275276525712,0.7821203773005792,0.9019187466524132,0.8741565830676318,0.8827303397569185,1.0345275276525712,0.7824328114829736,0.9019187466524132,0.8741565830676318,0.8827303397569185,1.0345275276525712,0.7821203773005792,0.9019187466524132,0.8741565830676318,0.8827303397569185,1.0345275276525712,0.7821203773005792,0.42327249520285826,0.8741565830676318,0.5258007376926764,1.0345275276525712,0.7821203773005792,0.9012356197494537,0.8741565830676318,0.8616528530366482,0.027595130590511184
0.5869083079598578,0.634725881280062,0.659563648741901,0.6725668269031564,0.5639547588240849,0.5869083079598578,0.634725881280062,0.65936677195097,0.6725668269031564,0.5639547588240849,0.5869083079598578,0.634725881280062,0.659563648741901,0.6725668269031564,0.5639547588240849,0.5869083079598578,0.634725881280062,0.659563648741901,0.3282593719790229,0.5639547588240849,0.3446901847536668,0.634725881280062,0.659563648741901,0.6721139158837997,0.5639547588240849,0.600056870104188,0.017139754383740092
0.236689684117649,0.31661614142636824,0.4698528679817183,0.25247107570835275,0.43969694262426534,0.236689684117649,0.31661614142636824,0.46985585634914234,0.25247107570835275,0.43969694262426534,0.236689684117649,0.31661614142636824,0.4698528679817183,0.25247107570835275,0.43969694262426534,0.236689684117649,0.31661614142636824,0.4698528679817183,0.16256791164191728,0.43969694262426534,0.19417006424804326,0.31661614142636824,0.4698528679817183,0.25150574630391404,0.43969694262426534,0.33772993737274837,0.020110004455335066
0.1949622703756618,0.036522900183745335,0.10760700692480553,0.0700817972737892,0.20472098775450476,0.1949622703756618,0.036522900183745335,0.10767882643824003,0.0700817972737892,0.20472098775450476,0.1949622703756618,0.036522900183745335,0.10760700692480553,0.0700817972737892,0.20472098775450476,0.1949622703756618,0.036522900183745335,0.10760700692480553,0.025622273182320937,0.20472098775450476,0.11828591277932508,0.036522900183745335,0.10760700692480553,0.07055595516024446,0.20472098775450476,0.11795539633098473,0.013167539453379038
0.4986235413863319,0.4157255360347267,0.467963092520864,0.37176350525268415,0.39764186269053065,0.4986235413863319,0.4157255360347267,0.4679970408961645,0.37176350525268415,0.39764186269053065,0.4986235413863319,0.4157255360347267,0.467963092520864,0.37176350525268415,0.39764186269053065,0.4986235413863319,0.4157255360347267,0.467963092520864,0.162948553094029,0.39764186269053065,0.24343676913135182,0.4157255360347267,0.467963092520864,0.3720132131569027,0.39764186269053065,0.41179478485166277,0.014867252223035136
-0.011971172885984155,0.45517216268913385,0.05056772796588915,0.09397913089497437,0.011974960494213087,-0.011971172885984155,0.45517216268913385,0.05030310487530967,0.09397913089497437,0.011974960494213087,-0.011971172885984155,0.45517216268913385,0.05056772796588915,0.09397913089497437,0.011974960494213087,-0.011971172885984155,0.45517216268913385,0.05056772796588915,0.07420293944743851,0.011974960494213087,0.028879241033170584,0.45517216268913385,0.05056772796588915,0.09433408877036052,0.011974960494213087,0.12079114412190226,0.03344180321143888
0.21675500848248946,0.46280639411869684,0.25010837560315013,0.18234384173441937,0.1886272117743867,0.21675500848248946,0.46280639411869684,0.24998752549445832,0.18234384173441937,0.1886272117743867,0.21675500848248946,0.46280639411869684,0.25010837560315013,0.18234384173441937,0.1886272117743867,0.21675500848248946,0.46280639411869684,0.25010837560315013,0.11404614884543945,0.1886272117743867,0.1491756039021303,0.46280639411869684,0.25010837560315013,0.18216692501854403,0.1886272117743867,0.25468117177087235,0.02134411953321803
-0.07317540863779899,-0.10138112614297734,-0.053543137157927405,-0.17866111876792803,-0.4456911226742459,-0.07317540863779899,-0.10138112614297734,-0.0535584516897142,-0.17866111876792803,-0.4456911226742459,-0.07317540863779899,-0.10138112614297734,-0.053543137157927405,-0.17866111876792803,-0.4456911226742459,-0.07317540863779899,-0.10138112614297734,-0.053543137157927405,-0.06899260284069396,-0.4456911226742459,-0.04641604141415212,-0.10138112614297734,-0.053543137157927405,-0.17840695530389553,-0.4456911226742459,-0.1650237133928505,0.02866330524265657
-0.5403010802330167,-0.4995503178139089,-0.7600289927731553,-0.45129838037059095,-0.4634273089020519,-0.5403010802330167,-0.4995503178139089,-0.7601872269467758,-0.45129838037059095,-0.4634273089020519,-0.5403010802330167,-0.4995503178139089,-0.7600289927731553,-0.45129838037059095,-0.4634273089020519,-0.5403010802330167,-0.4995503178139089,-0.7600289927731553,-0.19167838804893064,-0.4634273089020519,-0.30322846073439824,-0.4995503178139089,-0.7600289927731553,-0.45103848435712357,-0.4634273089020519,-0.5230494450721398,0.027212987136940977
-0.42234955048245926,-0.5124251067529695,-0.4918926068661435,-0.23153902687957514,-0.44867004475595856,-0.42234955048245926,-0.5124251067529695,-0.4920799291161476,-0.23153902687957514,-0.44867004475595856,-0.42234955048245926,-0.5124251067529695,-0.4918926068661435,-0.23153902687957514,-0.44867004475595856,-0.42234955048245926,-0.5124251067529695,-0.4918926068661435,-0.097334941727699,-0.44867004475595856,-0.24679775726330336,-0.5124251067529695,-0.4918926068661435,-0.23134457192746236,-0.44867004475595856,-0.4089847467044955,0.023069643451676093
0.018900216375801804,-0.01570751105163488,-0.0010833542350250163,-0.06207052327402214,0.03546318866990791,0.018900216375801804,-0.01570751105163488,-0.0012372320411262849,-0.06207052327402214,0.03546318866990791,0.018900216375801804,-0.01570751105163488,-0.0010833542350250163,-0.06207052327402214,0.03546318866990791,0.018900216375801804,-0.01570751105163488,-0.0010833542350250163,0.036022360238831805,0.03546318866990791,0.08957677478162429,-0.01570751105163488,-0.0010833542350250163,-0.06232938062595091,0.03546318866990791,0.0018346715674313896,0.007193755427344639
-0.007068178850539229,-0.019547085435663063,0.0726280858332972,-0.08871754498862296,0.0320635687271664,-0.007068178850539229,-0.019547085435663063,0.07236288291034328,-0.08871754498862296,0.0320635687271664,-0.007068178850539229,-0.019547085435663063,0.0726280858332972,-0.08871754498862296,0.0320635687271664,-0.007068178850539229,-0.019547085435663063,0.0726280858332972,0.010543696768732931,0.0320635687271664,0.06177244886457873,-0.019547085435663063,0.0726280858332972,-0.08884997766002328,0.0320635687271664,0.004579938412252453,0.010265380187985637
0.20168880414742207,0.1450914748981922,0.029506265841446517,0.11915073892320699,0.13215689616811602,0.20168880414742207,0.1450914748981922,0.029475815840692293,0.11915073892320699,0.13215689616811602,0.20168880414742207,0.1450914748981922,0.029506265841446517,0.11915073892320699,0.13215689616811602,0.20168880414742207,0.1450914748981922,0.029506265841446517,0.07059250879236467,0.13215689616811602,0.08295531336258735,0.1450914748981922,0.029506265841446517,0.11913562474073365,0.13215689616811602,0.11882534459172059,0.01076404414797728
0.5141124046718579,0.4799582422811314,0.4058115697659301,0.4839531211703593,0.36988769157649504,0.5141124046718579,0.4799582422811314,0.4056271662049416,0.4839531211703593,0.36988769157649504,0.5141124046718579,0.4799582422811314,0.4058115697659301,0.4839531211703593,0.36988769157649504,0.5141124046718579,0.4799582422811314,0.4058115697659301,0.23678561510948534,0.36988769157649504,0.2792205900992551,0.4799582422811314,0.4058115697659301,0.4840597495630111,0.36988769157649504,0.4314591220610822,0.014328497561347044
0.3638267398415962,0.2527716576775784,0.3289025450488041,0.41249957140630955,0.33043577194045065,0.3638267398415962,0.2527716576775784,0.3288397726217655,0.41249957140630955,0.33043577194045065,0.3638267398415962,0.2527716576775784,0.3289025450488041,0.41249957140630955,0.33043577194045065,0.3638267398415962,0.2527716576775784,0.3289025450488041,0.16741133263742639,0.33043577194045065,0.1589775601984935,0.2527716576775784,0.3289025450488041,0.4131634470192283,0.33043577194045065,0.31971380457390347,0.013288427115012791
0.35454301796093113,0.3020412017746678,0.20186641397629698,0.3176227952849247,0.4010954592843693,0.35454301796093113,0.3020412017746678,0.2018711563666418,0.3176227952849247,0.4010954592843693,0.35454301796093113,0.3020412017746678,0.20186641397629698,0.3176227952849247,0.4010954592843693,0.35454301796093113,0.3020412017746678,0.20186641397629698,0.16380090168617867,0.4010954592843693,0.22820479004752545,0.3020412017746678,0.20186641397629698,0.3180214115351882,0.4010954592843693,0.3042435071413762,0.014447951716382242
0.30733782432776563,0.39363961030829,0.10378892288439305,0.15660137226613915,0.15648797942064166,0.30733782432776563,0.39363961030829,0.10367757723450872,0.15660137226613915,0.15648797942064166,0.30733782432776563,0.39363961030829,0.10378892288439305,0.15660137226613915,0.15648797942064166,0.30733782432776563,0.39363961030829,0.10378892288439305,0.04858098211845092,0.15648797942064166,0.13531294746819686,0.39363961030829,0.10378892288439305,0.15680006646646957,0.15648797942064166,0.21237282510317343,0.022192840924973395
-0.2693731902075178,-0.4250583336196341,-0.34924511573199196,-0.44578708634914843,-0.5518699594013083,-0.2693731902075178,-0.4250583336196341,-0.34953192145778494,-0.44578708634914843,-0.5518699594013083,-0.2693731902075178,-0.4250583336196341,-0.34924511573199196,-0.44578708634914843,-0.5518699594013083,-0.2693731902075178,-0.4250583336196341,-0.34924511573199196,-0.20948011822499982,-0.5518699594013083,-0.18173549931745528,-0.4250583336196341,-0.34924511573199196,-0.4454545363658826,-0.5518699594013083,-0.3953071209310528,0.021169966517690927
-0.45809834702619123,-0.5218154884921423,-0.5532213920733448,-0.5529084669788326,-0.48929919471603384,-0.45809834702619123,-0.5218154884921423,-0.5540048102569478,-0.5529084669788326,-0.48929919471603384,-0.45809834702619123,-0.5218154884921423,-0.5532213920733448,-0.5529084669788326,-0.48929919471603384,-0.45809834702619123,-0.5218154884921423,-0.5532213920733448,-0.23653616547471307,-0.48929919471603384,-0.25923528388201655,-0.5218154884921423,-0.5532213920733448,-0.5524188435005156,-0.48929919471603384,-0.49447091505958873,0.01578626071017182
0.009731035163029613,0.08931964353908063,-0.108078306825301,-0.023522998668430092,0.015801510364467003,0.009731035163029613,0.08931964353908063,-0.10819410764544792,-0.023522998668430092,0.015801510364467003,0.009731035163029613,0.08931964353908063,-0.108078306825301,-0.023522998668430092,0.015801510364467003,0.009731035163029613,0.08931964353908063,-0.108078306825301,-0.0020050127222173884,0.015801510364467003,-0.004671592371461415,0.08931964353908063,-0.108078306825301,-0.023507659421404658,0.015801510364467003,-0.00306922741188676,0.012523810883113374
-0.4512910064993382,-0.377193615859075,-0.5298130329146032,-0.42328470884271646,-0.33449314552032416,-0.4512910064993382,-0.377193615859075,-0.5297698144089492,-0.42328470884271646,-0.33449314552032416,-0.4512910064993382,-0.377193615859075,-0.5298130329146032,-0.42328470884271646,-0.33449314552032416,-0.4512910064993382,-0.377193615859075,-0.5298130329146032,-0.1546303070918325,-0.33449314552032416,-0.26051769123950674,-0.377193615859075,-0.5298130329146032,-0.42334733451674594,-0.33449314552032416,-0.40483876953351794,0.017544372461948284
-0.44606964555197276,-0.5005987550970982,-0.5039096544281848,-0.39533469315820347,-0.3807500759798924,-0.44606964555197276,-0.5005987550970982,-0.5039137895176511,-0.39533469315820347,-0.3807500759798924,-0.44606964555197276,-0.5005987550970982,-0.5039096544281848,-0.39533469315820347,-0.3807500759798924,-0.44606964555197276,-0.5005987550970982,-0.5039096544281848,-0.1333531784038566,-0.3807500759798924,-0.2433331443119453,-0.5005987550970982,-0.5039096544281848,-0.3952823336497433,-0.3807500759798924,-0.4267419152265355,0.01722182279678129
-0.45006450392413644,-0.2588121948526769,-0.2820370044343331,-0.34774984016353866,-0.28418171158800604,-0.45006450392413644,-0.2588121948526769,-0.2822208142147744,-0.34774984016353866,-0.28418171158800604,-0.45006450392413644,-0.2588121948526769,-0.2820370044343331,-0.34774984016353866,-0.28418171158800604,-0.45006450392413644,-0.2588121948526769,-0.2820370044343331,-0.13751989813977258,-0.28418171158800604,-0.23934415851037588,-0.2588121948526769,-0.2820370044343331,-0.34742692367668476,-0.28418171158800604,-0.3077254752267806,0.014628410742867986
-0.4692831493449127,-0.2467471176190622,-0.43031874831463124,-0.2992920752217914,-0.32636223321014257,-0.4692831493449127,-0.2467471176190622,-0.43013154186104563,-0.2992920752217914,-0.32636223321014257,-0.4692831493449127,-0.2467471176190622,-0.43031874831463124,-0.2992920752217914,-0.32636223321014257,-0.4692831493449127,-0.2467471176190622,-0.43031874831463124,-0.10616704453643114,-0.32636223321014257,-0.20844840672313944,-0.2467471176190622,-0.43031874831463124,-0.29985347885330904,-0.32636223321014257,-0.33625724169693993,0.01882049578202471
-0.26647398763796043,-0.24993211149949499,-0.2732592994122555,-0.1932208568444663,-0.5086173126814837,-0.26647398763796043,-0.24993211149949499,-0.2731873018739683,-0.1932208568444663,-0.5086173126814837,-0.26647398763796043,-0.24993211149949499,-0.2732592994122555,-0.1932208568444663,-0.5086173126814837,-0.26647398763796043,-0.24993211149949499,-0.2732592994122555,-0.09673708319849605,-0.5086173126814837,-0.17492249417816763,-0.24993211149949499,-0.2732592994122555,-0.19399676385973455,-0.5086173126814837,-0.29080745930998086,0.02282052740342908
-0.2998396182413116,-0.3076341596884876,-0.17167732743382066,-0.2787747673508853,-0.5647173060788496,-0.2998396182413116,-0.3076341596884876,-0.1719907580078028,-0.2787747673508853,-0.5647173060788496,-0.2998396182413116,-0.3076341596884876,-0.17167732743382066,-0.2787747673508853,-0.5647173060788496,-0.2998396182413116,-0.3076341596884876,-0.17167732743382066,-0.12491568073867822,-0.5647173060788496,-0.2015396289667474,-0.3076341596884876,-0.17167732743382066,-0.2788026693683553,-0.5647173060788496,-0.3144559260268581,0.026885696559652526
-0.2222719839168753,-0.2817697760954614,-0.3708502197304219,-0.2859775652362357,-0.33369839172030175,-0.2222719839168753,-0.2817697760954614,-0.3709191363862205,-0.2859775652362357,-0.33369839172030175,-0.2222719839168753,-0.2817697760954614,-0.3708502197304219,-0.2859775652362357,-0.33369839172030175,-0.2222719839168753,-0.2817697760954614,-0.3708502197304219,-0.0922852735840302,-0.33369839172030175,-0.1280533488096613,-0.2817697760954614,-0.3708502197304219,-0.28595403212424847,-0.33369839172030175,-0.28739896561123485,0.013930780071172833
0.18362945573300155,0.0901590799755074,-0.08992395892407339,0.0737383282301096,-0.021446033670476768,0.18362945573300155,0.0901590799755074,-0.0898935887716151,0.0737383282301096,-0.021446033670476768,0.18362945573300155,0.0901590799755074,-0.08992395892407339,0.0737383282301096,-0.021446033670476768,0.18362945573300155,0.0901590799755074,-0.08992395892407339,0.03978854717890292,-0.021446033670476768,0.09067384609243387,0.0901590799755074,-0.08992395892407339,0.07371752516444173,-0.021446033670476768,0.04215554132461432,0.01777518274830986
-0.10556079407475175,-0.1005693124075453,-0.07142298101969194,-0.04122559010198736,-0.05627027857677856,-0.10556079407475175,-0.1005693124075453,-0.0715199065572089,-0.04122559010198736,-0.05627027857677856,-0.10556079407475175,-0.1005693124075453,-0.07142298101969194,-0.04122559010198736,-0.05627027857677856,-0.10556079407475175,-0.1005693124075453,-0.07142298101969194,-0.01885630411743212,-0.05627027857677856,-0.040867625811296354,-0.1005693124075453,-0.07142298101969194,-0.04100184236939278,-0.05627027857677856,-0.07152222017842746,0.005176108965153373
-0.12001857228863166,-0.025770144158559407,-0.05310448799638827,-0.07232510421704687,-0.017923059137328834,-0.12001857228863166,-0.025770144158559407,-0.05314158437734729,-0.07232510421704687,-0.017923059137328834,-0.12001857228863166,-0.025770144158559407,-0.05310448799638827,-0.07232510421704687,-0.017923059137328834,-0.12001857228863166,-0.025770144158559407,-0.05310448799638827,-0.017249374394358,-0.017923059137328834,-0.06638596725702264,-0.025770144158559407,-0.05310448799638827,-0.07216903242971047,-0.017923059137328834,-0.05347518114916399,0.006879711663954753
-0.7519096206200543,-0.6632608785193821,-0.7674873873596753,-0.7658289462351399,-0.8054720084666102,-0.7519096206200543,-0.6632608785193821,-0.7676467848053776,-0.7658289462351399,-0.8054720084666102,-0.7519096206200543,-0.6632608785193821,-0.7674873873596753,-0.7658289462351399,-0.8054720084666102,-0.7519096206200543,-0.6632608785193821,-0.7674873873596753,-0.3416897301850055,-0.8054720084666102,-0.4791686544547347,-0.6632608785193821,-0.7674873873596753,-0.7656351977165948,-0.8054720084666102,-0.7229151869086405,0.02065380083340294
-0.6250494024720137,-0.5360811182085727,-0.7449867670462058,-0.7068868462274585,-0.7585856991768116,-0.6250494024720137,-0.5360811182085727,-0.7452730590305016,-0.7068868462274585,-0.7585856991768116,-0.6250494024720137,-0.5360811182085727,-0.7449867670462058,-0.7068868462274585,-0.7585856991768116,-0.6250494024720137,-0.5360811182085727,-0.7449867670462058,-0.3171710784035951,-0.7585856991768116,-0.41065136516853523,-0.5360811182085727,-0.7449867670462058,-0.7065704043359604,-0.7585856991768116,-0.6501522084248308,0.0232864995057944
-0.38863843435511153,-0.5639529471714655,-0.4557569795326919,-0.40865137109068655,-0.5661575604921237,-0.38863843435511153,-0.5639529471714655,-0.4557489342987241,-0.40865137109068655,-0.5661575604921237,-0.38863843435511153,-0.5639529471714655,-0.4557569795326919,-0.40865137109068655,-0.5661575604921237,-0.38863843435511153,-0.5639529471714655,-0.4557569795326919,-0.18809146759669557,-0.5661575604921237,-0.26431411990532167,-0.5639529471714655,-0.4557569795326919,-0.4087797735506516,-0.5661575604921237,-0.4628409040997046,0.019744412762233345
-0.14182005001383186,-0.1652254150054714,-0.24473610634423268,-0.2070981737333477,-0.34938564875045836,-0.14182005001383186,-0.1652254150054714,-0.2446421151747737,-0.2070981737333477,-0.34938564875045836,-0.14182005001383186,-0.1652254150054714,-0.24473610634423268,-0.2070981737333477,-0.34938564875045836,-0.14182005001383186,-0.1652254150054714,-0.24473610634423268,-0.04904712754952777,-0.34938564875045836,-0.034358315771675106,-0.1652254150054714,-0.24473610634423268,-0.20694143029760834,-0.34938564875045836,-0.2110225381682214,0.01703166304323193
0.0125778007333302,0.038460867255335006,-0.10131305492682763,-0.026883596676151908,-0.0012358258832523541,0.0125778007333302,0.038460867255335006,-0.10142856793221079,-0.026883596676151908,-0.0012358258832523541,0.0125778007333302,0.038460867255335006,-0.10131305492682763,-0.026883596676151908,-0.0012358258832523541,0.0125778007333302,0.038460867255335006,-0.10131305492682763,0.028608582216175467,-0.0012358258832523541,0.0721654182434573,0.038460867255335006,-0.10131305492682763,-0.026580642497420957,-0.0012358258832523541,-0.011068072396481245,0.01001692288996115
0.17422485098104065,0.2861264640785815,0.23706674866185998,0.3174054054698208,0.33971935644953444,0.17422485098104065,0.2861264640785815,0.23689155887929006,0.3174054054698208,0.33971935644953444,0.17422485098104065,0.2861264640785815,0.23706674866185998,0.3174054054698208,0.33971935644953444,0.17422485098104065,0.2861264640785815,0.23706674866185998,0.13193701865002042,0.33971935644953444,0.0888168954661231,0.2861264640785815,0.23706674866185998,0.31747636694643894,0.33971935644953444,0.2600693423025407,0.013931117201630738
0.29428108468932523,0.29581715879198134,0.3341419159217524,0.3242365268054914,0.3296319268750042,0.29428108468932523,0.29581715879198134,0.3339883635055073,0.3242365268054914,0.3296319268750042,0.29428108468932523,0.29581715879198134,0.3341419159217524,0.3242365268054914,0.3296319268750042,0.29428108468932523,0.29581715879198134,0.3341419159217524,0.15838900581739662,0.3296319268750042,0.1599862421133459,0.29581715879198134,0.3341419159217524,0.32386816647819533,0.3296319268750042,0.3035951515644064,0.008952246476661605
-0.1909812046151902,-0.2852614461447352,-0.1255963425008076,-0.15238431285467485,-0.19794949245142307,-0.1909812046151902,-0.2852614461447352,-0.1256069944220942,-0.15238431285467485,-0.19794949245142307,-0.1909812046151902,-0.2852614461447352,-0.1255963425008076,-0.15238431285467485,-0.19794949245142307,-0.1909812046151902,-0.2852614461447352,-0.1255963425008076,-0.07902649394300022,-0.19794949245142307,-0.15093987100318626,-0.2852614461447352,-0.1255963425008076,-0.1524531104756373,-0.19794949245142307,-0.185901771594109,0.011469480362912527
-0.20155252870437965,-0.2015743275346783,-0.1406239083393684,-0.10515635234672802,-0.20082534838721355,-0.20155252870437965,-0.2015743275346783,-0.14054288943768797,-0.10515635234672802,-0.20082534838721355,-0.20155252870437965,-0.2015743275346783,-0.1406239083393684,-0.10515635234672802,-0.20082534838721355,-0.20155252870437965,-0.2015743275346783,-0.1406239083393684,-0.0474270534800466,-0.20082534838721355,-0.12207731942648965,-0.2015743275346783,-0.1406239083393684,-0.10510824927309706,-0.20082534838721355,-0.16445314785767828,0.008893735612183332
0.36069332605168186,0.45282121052101243,0.23077805654283037,0.4285368139762176,0.28964551923148124,0.36069332605168186,0.45282121052101243,0.2309573404006773,0.4285368139762176,0.28964551923148124,0.36069332605168186,0.45282121052101243,0.23077805654283037,0.4285368139762176,0.28964551923148124,0.36069332605168186,0.45282121052101243,0.23077805654283037,0.1939964055907401,0.28964551923148124,0.20076282537563211,0.45282121052101243,0.23077805654283037,0.4283567323409946,0.28964551923148124,0.3367161169910886,0.01794862507372225
0.029460810702666245,0.06434799108125032,-0.054918268615822954,0.0018286435892204583,-0.12626349690410005,0.029460810702666245,0.06434799108125032,-0.05517997287874527,0.0018286435892204583,-0.12626349690410005,0.029460810702666245,0.06434799108125032,-0.054918268615822954,0.0018286435892204583,-0.12626349690410005,0.029460810702666245,0.06434799108125032,-0.054918268615822954,-0.018449289189783585,-0.12626349690410005,-0.019636240074531432,0.06434799108125032,-0.054918268615822954,0.0021477970615177188,-0.12626349690410005,-0.019881565403230265,0.01300029655214061
-0.12487357092151473,-0.16395927938058877,-0.2332806529949714,-0.23946199924144168,-0.2775331892726096,-0.12487357092151473,-0.16395927938058877,-0.23349403952695127,-0.23946199924144168,-0.2775331892726096,-0.12487357092151473,-0.16395927938058877,-0.2332806529949714,-0.23946199924144168,-0.2775331892726096,-0.12487357092151473,-0.16395927938058877,-0.2332806529949714,-0.11047705071199332,-0.2775331892726096,-0.10936286498244668,-0.16395927938058877,-0.2332806529949714,-0.2391956379100901,-0.2775331892726096,-0.20203979319150966,0.011570074157157852
0.06621395730796915,0.11025743498244929,0.05966693074178569,0.09539651355088372,0.01594090020459853,0.06621395730796915,0.11025743498244929,0.05959313986902695,0.09539651355088372,0.01594090020459853,0.06621395730796915,0.11025743498244929,0.05966693074178569,0.09539651355088372,0.01594090020459853,0.06621395730796915,0.11025743498244929,0.05966693074178569,0.04461494464613917,0.01594090020459853,0.05652889786226293,0.11025743498244929,0.05966693074178569,0.09519814548557992,0.01594090020459853,0.06706559586599674,0.006383688815606124
0.38386448771409387,0.3882184824979492,0.35131160233761405,0.3360907837572862,0.33707771578182744,0.38386448771409387,0.3882184824979492,0.35136775475179943,0.3360907837572862,0.33707771578182744,0.38386448771409387,0.3882184824979492,0.35131160233761405,0.3360907837572862,0.33707771578182744,0.38386448771409387,0.3882184824979492,0.35131160233761405,0.14448403176425212,0.33707771578182744,0.20217582929727274,0.3882184824979492,0.35131160233761405,0.33601437160326836,0.33707771578182744,0.34437998761176675,0.010870520268599944
0.0405197521667932,0.03702764310370729,0.1266870577828337,0.09002062943701505,0.10305333099562929,0.0405197521667932,0.03702764310370729,0.12648067249593234,0.09002062943701505,0.10305333099562929,0.0405197521667932,0.03702764310370729,0.1266870577828337,0.09002062943701505,0.10305333099562929,0.0405197521667932,0.03702764310370729,0.1266870577828337,0.026225883137282847,0.10305333099562929,0.01147931562902491,0.03702764310370729,0.1266870577828337,0.09053114034380728,0.10305333099562929,0.07576044040849132,0.007499115131182884
-0.3285785539475844,-0.33037507618833367,-0.281717353740379,-0.2414766789998782,-0.2630819938003908,-0.3285785539475844,-0.33037507618833367,-0.2817900840915364,-0.2414766789998782,-0.2630819938003908,-0.3285785539475844,-0.33037507618833367,-0.281717353740379,-0.2414766789998782,-0.2630819938003908,-0.3285785539475844,-0.33037507618833367,-0.281717353740379,-0.11798990190643506,-0.2630819938003908,-0.18868085265691525,-0.33037507618833367,-0.281717353740379,-0.24119073169394173,-0.2630819938003908,-0.27850202352175757,0.009927622669288112
-0.2484386090581116,-0.35665820118859154,-0.33319654862943293,-0.3466847914611832,-0.33851584457187955,-0.2484386090581116,-0.35665820118859154,-0.3333969239622784,-0.3466847914611832,-0.33851584457187955,-0.2484386090581116,-0.35665820118859154,-0.33319654862943293,-0.3466847914611832,-0.33851584457187955,-0.2484386090581116,-0.35665820118859154,-0.33319654862943293,-0.16082347337998149,-0.33851584457187955,-0.1648074022119318,-0.35665820118859154,-0.33319654862943293,-0.3465144481916319,-0.33851584457187955,-0.3139202992672762,0.01117212156565875
-0.02267059389947597,-0.03236646949050127,-0.06845117637927989,-0.12303228876739072,-0.047041954696872196,-0.02267059389947597,-0.03236646949050127,-0.06875159662347267,-0.12303228876739072,-0.047041954696872196,-0.02267059389947597,-0.03236646949050127,-0.06845117637927989,-0.12303228876739072,-0.047041954696872196,-0.02267059389947597,-0.03236646949050127,-0.06845117637927989,-0.050940107626099705,-0.047041954696872196,-0.0352675239980185,-0.03236646949050127,-0.06845117637927989,-0.12315386074959804,-0.047041954696872196,-0.05634956629405008,0.0064285525008256185
-0.0174305481216991,0.08389850538935383,-0.06103401847204735,0.021059684977201495,-0.008601312118425908,-0.0174305481216991,0.08389850538935383,-0.06115794423313541,0.021059684977201495,-0.008601312118425908,-0.0174305481216991,0.08389850538935383,-0.06103401847204735,0.021059684977201495,-0.008601312118425908,-0.0174305481216991,0.08389850538935383,-0.06103401847204735,0.019445536711725477,-0.008601312118425908,-0.01336533323749487,0.08389850538935383,-0.06103401847204735,0.020646243244533617,-0.008601312118425908,0.0036550102958754836,0.00939725709402168
-0.2954706632370334,-0.13867213607135512,-0.381319777330682,-0.34118798517617777,-0.30901351299885405,-0.2954706632370334,-0.13867213607135512,-0.38129850214774397,-0.34118798517617777,-0.30901351299885405,-0.2954706632370334,-0.13867213607135512,-0.381319777330682,-0.34118798517617777,-0.30901351299885405,-0.2954706632370334,-0.13867213607135512,-0.381319777330682,-0.1228676217503494,-0.30901351299885405,-0.1337116120211493,-0.13867213607135512,-0.381319777330682,-0.3416318986665111,-0.30901351299885405,-0.2779465439094478,0.01828720216046412
-0.4292516613602189,-0.27255454110856464,-0.504918414008318,-0.5319566099739229,-0.42706454444467895,-0.4292516613602189,-0.27255454110856464,-0.5049819291927343,-0.5319566099739229,-0.42706454444467895,-0.4292516613602189,-0.27255454110856464,-0.504918414008318,-0.5319566099739229,-0.42706454444467895,-0.4292516613602189,-0.27255454110856464,-0.504918414008318,-0.21012821811586882,-0.42706454444467895,-0.221717456403979,-0.27255454110856464,-0.504918414008318,-0.5320791778423395,-0.42706454444467895,-0.41198209362868227,0.020653878610952466
0.11851830605473601,0.03903714517898627,0.04861246154250348,-0.003429097637565879,0.0009232076416783385,0.11851830605473601,0.03903714517898627,0.048574193676331895,-0.003429097637565879,0.0009232076416783385,0.11851830605473601,0.03903714517898627,0.04861246154250348,-0.003429097637565879,0.0009232076416783385,0.11851830605473601,0.03903714517898627,0.04861246154250348,0.0005074988079312671,0.0009232076416783385,0.05451414367397216,0.03903714517898627,0.04861246154250348,-0.0034069792337863515,0.0009232076416783385,0.03832905594016129,0.008030065460425938
0.17516009618610356,0.13251464730313692,0.10566041623228054,0.12625917183110533,0.10486431842669572,0.17516009618610356,0.13251464730313692,0.10561629939868519,0.12625917183110533,0.10486431842669572,0.17516009618610356,0.13251464730313692,0.10566041623228054,0.12625917183110533,0.10486431842669572,0.17516009618610356,0.13251464730313692,0.10566041623228054,0.04254769856967656,0.10486431842669572,0.07407776780245667,0.13251464730313692,0.10566041623228054,0.12633618276688666,0.10486431842669572,0.12150129369414882,0.005991981674724532
0.20003449584902286,0.2702554248228411,0.2604685399247985,0.16860652361389752,0.04870198874274669,0.20003449584902286,0.2702554248228411,0.260507887772123,0.16860652361389752,0.04870198874274669,0.20003449584902286,0.2702554248228411,0.2604685399247985,0.16860652361389752,0.04870198874274669,0.20003449584902286,0.2702554248228411,0.2604685399247985,0.06357360530717072,0.04870198874274669,0.08160865061124412,0.2702554248228411,0.2604685399247985,0.16849860432639652,0.04870198874274669,0.18067230119127406,0.016855047836382742
-0.292102940788163,-0.16814500861531492,-0.20377759703601334,-0.1621673687077934,-0.2509750967149869,-0.292102940788163,-0.16814500861531492,-0.20392164868293575,-0.1621673687077934,-0.2509750967149869,-0.292102940788163,-0.16814500861531492,-0.20377759703601334,-0.1621673687077934,-0.2509750967149869,-0.292102940788163,-0.16814500861531492,-0.20377759703601334,-0.07481364422063323,-0.2509750967149869,-0.1757306009750386,-0.16814500861531492,-0.20377759703601334,-0.16203510968401633,-0.2509750967149869,-0.2072850315053687,0.010578596974657357
-0.2174050153676481,-0.2461163637955363,-0.26927366708497347,-0.12481863417593626,-0.15023429239803204,-0.2174050153676481,-0.2461163637955363,-0.26948864255900923,-0.12481863417593626,-0.15023429239803204,-0.2174050153676481,-0.2461163637955363,-0.26927366708497347,-0.12481863417593626,-0.15023429239803204,-0.2174050153676481,-0.2461163637955363,-0.26927366708497347,-0.06891919049526546,-0.15023429239803204,-0.13567564103112262,-0.2461163637955363,-0.26927366708497347,-0.12423318573166188,-0.15023429239803204,-0.19604962292492786,0.01188919904473734
-0.2007580967201593,-0.16326915203916265,-0.21625670287282295,-0.2153446911126505,-0.1956156369893137,-0.2007580967201593,-0.16326915203916265,-0.21648538679964233,-0.2153446911126505,-0.1956156369893137,-0.2007580967201593,-0.16326915203916265,-0.21625670287282295,-0.2153446911126505,-0.1956156369893137,-0.2007580967201593,-0.16326915203916265,-0.21625670287282295,-0.09866048139636516,-0.1956156369893137,-0.11866080956092995,-0.16326915203916265,-0.21625670287282295,-0.214898834598257,-0.1956156369893137,-0.1902889091682983,0.006029359098520953
-0.0402162400336731,-0.04882136011793197,-0.0495376963004461,-0.060873459598877654,-0.09264933844692991,-0.0402162400336731,-0.04882136011793197,-0.04959220609393751,-0.060873459598877654,-0.09264933844692991,-0.0402162400336731,-0.04882136011793197,-0.0495376963004461,-0.060873459598877654,-0.09264933844692991,-0.0402162400336731,-0.04882136011793197,-0.0495376963004461,-0.02556822181304748,-0.09264933844692991,0.003918378112382929,-0.04882136011793197,-0.0495376963004461,-0.06102260337559126,-0.09264933844692991,-0.0552501708051045,0.004433591258941726
0.24783281953713543,0.2502970854809417,0.3112763686878508,0.258034133183172,0.2454619393083975,0.24783281953713543,0.2502970854809417,0.3112749476254449,0.258034133183172,0.2454619393083975,0.24783281953713543,0.2502970854809417,0.3112763686878508,0.258034133183172,0.2454619393083975,0.24783281953713543,0.2502970854809417,0.3112763686878508,0.09449097515040658,0.2454619393083975,0.1273723228669738,0.2502970854809417,0.3112763686878508,0.2580591500209599,0.2454619393083975,0.2512212668823977,0.009473680064616982
-0.12345239977894887,-0.11010031305785922,-0.18565802395473383,-0.17810997972309017,-0.11283504954057319,-0.12345239977894887,-0.11010031305785922,-0.18581929245937667,-0.17810997972309017,-0.11283504954057319,-0.12345239977894887,-0.11010031305785922,-0.18565802395473383,-0.17810997972309017,-0.11283504954057319,-0.12345239977894887,-0.11010031305785922,-0.18565802395473383,-0.07761236074252034,-0.11283504954057319,-0.06328747230724308,-0.11010031305785922,-0.18565802395473383,-0.17785318188212668,-0.11283504954057319,-0.1356008301794972,0.007314488953657764
0.016067227344386866,0.054154328036046674,0.028466249598690305,0.029161447220793932,-0.010839839207822334,0.016067227344386866,0.054154328036046674,0.028410234724218365,0.029161447220793932,-0.010839839207822334,0.016067227344386866,0.054154328036046674,0.028466249598690305,0.029161447220793932,-0.010839839207822334,0.016067227344386866,0.054154328036046674,0.028466249598690305,0.003793367692354578,-0.010839839207822334,-0.006975247076391192,0.054154328036046674,0.028466249598690305,0.02921613628611294,-0.010839839207822334,0.021465407408084277,0.004346659962173971
-0.01984932484068526,0.023247327514893966,0.09050020895059264,0.029221927558660023,-0.0360776986967455,-0.01984932484068526,0.023247327514893966,0.0904188617636688,0.029221927558660023,-0.0360776986967455,-0.01984932484068526,0.023247327514893966,0.09050020895059264,0.029221927558660023,-0.0360776986967455,-0.01984932484068526,0.023247327514893966,0.09050020895059264,-0.00595006545583698,-0.0360776986967455,-0.03179622566851503,0.023247327514893966,0.09050020895059264,0.029467515847426084,-0.0360776986967455,0.015530301987723793,0.008785446131104319
-0.20924470459687697,-0.2101838607546213,-0.17129496109673167,-0.14260522218420285,-0.11673697662197291,-0.20924470459687697,-0.2101838607546213,-0.17133708653834953,-0.14260522218420285,-0.11673697662197291,-0.20924470459687697,-0.2101838607546213,-0.17129496109673167,-0.14260522218420285,-0.11673697662197291,-0.20924470459687697,-0.2101838607546213,-0.17129496109673167,-0.08708076836552797,-0.11673697662197291,-0.11917559315438331,-0.2101838607546213,-0.17129496109673167,-0.14227200681580288,-0.11673697662197291,-0.16417775884336308,0.007850435033531257
0.028109705464862637,0.049115660456878034,-0.012480910216254726,0.0344788765577795,0.1355854658791564,0.028109705464862637,0.049115660456878034,-0.012435171268063814,0.0344788765577795,0.1355854658791564,0.028109705464862637,0.049115660456878034,-0.012480910216254726,0.0344788765577795,0.1355854658791564,0.028109705464862637,0.049115660456878034,-0.012480910216254726,0.014558214612540032,0.1355854658791564,0.025494064538622907,0.049115660456878034,-0.012480910216254726,0.0345205094915362,0.1355854658791564,0.046063802388903105,0.009646862181431267
0.04802652885627613,0.11920975636575475,0.03722273595718114,0.06405360933233033,0.08759598016434862,0.04802652885627613,0.11920975636575475,0.0372818627973137,0.06405360933233033,0.08759598016434862,0.04802652885627613,0.11920975636575475,0.03722273595718114,0.06405360933233033,0.08759598016434862,0.04802652885627613,0.11920975636575475,0.03722273595718114,0.023906407478567565,0.08759598016434862,0.012112524689121202,0.11920975636575475,0.03722273595718114,0.06380445959466925,0.08759598016434862,0.06817167297844035,0.0063840874984789926
0.06521262071553093,0.21513106045615166,0.11549330661510218,0.07352582768041178,0.0925909787340602,0.06521262071553093,0.21513106045615166,0.11561470507067173,0.07352582768041178,0.0925909787340602,0.06521262071553093,0.21513106045615166,0.11549330661510218,0.07352582768041178,0.0925909787340602,0.06521262071553093,0.21513106045615166,0.11549330661510218,0.030461470127828873,0.0925909787340602,0.052970812660589374,0.21513106045615166,0.11549330661510218,0.07376887900294156,0.0925909787340602,0.11019309020707435,0.011082592111496146
-0.04286897634414864,0.019558719356970893,-0.08700714838231496,-0.0035542266989650123,0.01705903628457885,-0.04286897634414864,0.019558719356970893,-0.08703158642372834,-0.0035542266989650123,0.01705903628457885,-0.04286897634414864,0.019558719356970893,-0.08700714838231496,-0.0035542266989650123,0.01705903628457885,-0.04286897634414864,0.019558719356970893,-0.08700714838231496,-0.014659877787349144,0.01705903628457885,-0.015419407118599349,0.019558719356970893,-0.08700714838231496,-0.003332936979541704,0.01705903628457885,-0.018700888364168774,0.007877215019175533
-0.028460495813225208,-0.014399460497551324,-0.0493406574457046,-0.120240737265088,-0.09943964331363978,-0.028460495813225208,-0.014399460497551324,-0.049204329558962395,-0.120240737265088,-0.09943964331363978,-0.028460495813225208,-0.014399460497551324,-0.0493406574457046,-0.120240737265088,-0.09943964331363978,-0.028460495813225208,-0.014399460497551324,-0.0493406574457046,-0.0479867210817335,-0.09943964331363978,-0.0006623716520101126,-0.014399460497551324,-0.0493406574457046,-0.12041958376631927,-0.09943964331363978,-0.05837581399783857,0.007928639067994127
0.2569306779720902,0.17468940387735626,0.14080817489114103,0.21847566161687643,0.12213964978895421,0.2569306779720902,0.17468940387735626,0.14087252765624586,0.21847566161687643,0.12213964978895421,0.2569306779720902,0.17468940387735626,0.14080817489114103,0.21847566161687643,0.12213964978895421,0.2569306779720902,0.17468940387735626,0.14080817489114103,0.09378269083265284,0.12213964978895421,0.14701841544777838,0.17468940387735626,0.14080817489114103,0.21857264938233062,0.12213964978895421,0.1732309579181646,0.009729659279194742
0.14136739798142917,0.13361878127215163,0.10008260932113615,0.09798414552243817,0.16770261888363905,0.14136739798142917,0.13361878127215163,0.09996507088868199,0.09798414552243817,0.16770261888363905,0.14136739798142917,0.13361878127215163,0.10008260932113615,0.09798414552243817,0.16770261888363905,0.14136739798142917,0.13361878127215163,0.10008260932113615,0.0447341763661355,0.16770261888363905,0.07566513168372693,0.13361878127215163,0.10008260932113615,0.09797913158803594,0.16770261888363905,0.12338811908332441,0.0062514096143764545
0.029222919103328044,0.019912630468100843,0.035456239226137616,0.01576918114340046,0.10272829817455732,0.029222919103328044,0.019912630468100843,0.035408123460308326,0.01576918114340046,0.10272829817455732,0.029222919103328044,0.019912630468100843,0.035456239226137616,0.01576918114340046,0.10272829817455732,0.029222919103328044,0.019912630468100843,0.035456239226137616,0.0035169516124206063,0.10272829817455732,0.010343432383294663,0.019912630468100843,0.035456239226137616,0.01580878874830155,0.10272829817455732,0.0393722446466272,0.006421986830551715
0.0362995456955923,0.033887240110116096,-0.0007662815517925092,-0.00018177647904275444,0.018319111338136497,0.0362995456955923,0.033887240110116096,-0.0007367379812589959,-0.00018177647904275444,0.018319111338136497,0.0362995456955923,0.033887240110116096,-0.0007662815517925092,-0.00018177647904275444,0.018319111338136497,0.0362995456955923,0.033887240110116096,-0.0007662815517925092,-0.0006645438568188187,0.018319111338136497,0.019374564614176918,0.033887240110116096,-0.0007662815517925092,0.00010005425912838409,0.018319111338136497,0.016827712856582452,0.003035639719096137
-0.04369199484175573,0.013590355605562503,-0.013410815887378061,-0.0128194192608166,-0.01992138867362949,-0.04369199484175573,0.013590355605562503,-0.013480189865990113,-0.0128194192608166,-0.01992138867362949,-0.04369199484175573,0.013590355605562503,-0.013410815887378061,-0.0128194192608166,-0.01992138867362949,-0.04369199484175573,0.013590355605562503,-0.013410815887378061,0.006026845228941963,-0.01992138867362949,0.01103909204001466,0.013590355605562503,-0.013410815887378061,-0.012942633011780722,-0.01992138867362949,-0.012315262065925363,0.003610229327097258
0.17340553626148292,0.06023257490503526,0.16578769036230281,0.11133821720598369,0.14805213706511605,0.17340553626148292,0.06023257490503526,0.1658010437101164,0.11133821720598369,0.14805213706511605,0.17340553626148292,0.06023257490503526,0.16578769036230281,0.11133821720598369,0.14805213706511605,0.17340553626148292,0.06023257490503526,0.16578769036230281,0.05627371845675908,0.14805213706511605,0.1146859058111513,0.06023257490503526,0.16578769036230281,0.11094793023001513,0.14805213706511605,0.1271967886468757,0.008484300655792651
0.11316288780110158,0.11915149158301547,0.15867162512153546,0.09801710772961954,0.10660510563071494,0.11316288780110158,0.11915149158301547,0.15874875889043957,0.09801710772961954,0.10660510563071494,0.11316288780110158,0.11915149158301547,0.15867162512153546,0.09801710772961954,0.10660510563071494,0.11316288780110158,0.11915149158301547,0.15867162512153546,0.03663492686833015,0.10660510563071494,0.06895235798754777,0.11915149158301547,0.15867162512153546,0.09773739696382057,0.10660510563071494,0.11488983206632788,0.00546587494752175
0.16493581715973205,0.20070516615033382,0.16857223075545763,0.1842476694006054,0.18709103673493555,0.16493581715973205,0.20070516615033382,0.16861420949863148,0.1842476694006054,0.18709103673493555,0.16493581715973205,0.20070516615033382,0.16857223075545763,0.1842476694006054,0.18709103673493555,0.16493581715973205,0.20070516615033382,0.16857223075545763,0.07576998301615605,0.18709103673493555,0.10292478980522632,0.20070516615033382,0.16857223075545763,0.1841040032347457,0.18709103673493555,0.17428676799374723,0.005548956064902708
0.06697039241878426,0.2024188470397929,0.07928683130996764,0.08580181278819039,0.10683608020596981,0.06697039241878426,0.2024188470397929,0.0791964732674974,0.08580181278819039,0.10683608020596981,0.06697039241878426,0.2024188470397929,0.07928683130996764,0.08580181278819039,0.10683608020596981,0.06697039241878426,0.2024188470397929,0.07928683130996764,0.03658363176414351,0.10683608020596981,0.046001598251057416,0.2024188470397929,0.07928683130996764,0.08568408871846113,0.10683608020596981,0.1054469904603821,0.010091881014705477
-0.022024621694849963,0.05143862877125248,0.01791888590570806,-0.04429899239044708,-0.019276808896445778,-0.022024621694849963,0.05143862877125248,0.01773957502397342,-0.04429899239044708,-0.019276808896445778,-0.022024621694849963,0.05143862877125248,0.01791888590570806,-0.04429899239044708,-0.019276808896445778,-0.022024621694849963,0.05143862877125248,0.01791888590570806,-0.03026572544330964,-0.019276808896445778,-0.028200049832934216,0.05143862877125248,0.01791888590570806,-0.04422135326658044,-0.019276808896445778,-0.0029383349789090484,0.006559216136359887
-0.06137854566232527,0.13130346072018592,-0.023270123675617115,-0.03800320585409533,-0.0601238547106791,-0.06137854566232527,0.13130346072018592,-0.023393116494152755,-0.03800320585409533,-0.0601238547106791,-0.06137854566232527,0.13130346072018592,-0.023270123675617115,-0.03800320585409533,-0.0601238547106791,-0.06137854566232527,0.13130346072018592,-0.023270123675617115,-0.02016084664155047,-0.0601238547106791,-0.04094751097413875,0.13130346072018592,-0.023270123675617115,-0.03791476289487235,-0.0601238547106791,-0.008764900074849431,0.014032530956280043
0.19765461073082824,0.1986364524618316,0.18269490264635346,0.1373544697868111,0.220166002372734,0.19765461073082824,0.1986364524618316,0.1828343569932762,0.1373544697868111,0.220166002372734,0.19765461073082824,0.1986364524618316,0.18269490264635346,0.1373544697868111,0.220166002372734,0.19765461073082824,0.1986364524618316,0.18269490264635346,0.04833710869127172,0.220166002372734,0.09159590621534959,0.1986364524618316,0.18269490264635346,0.13751132770789995,0.220166002372734,0.17951009746599142,0.008179953158010128
-0.33812605653591676,-0.3053315677710474,-0.2330357358346165,-0.33370393801091225,-0.24630588508578546,-0.33812605653591676,-0.3053315677710474,-0.23308498737221858,-0.33370393801091225,-0.24630588508578546,-0.33812605653591676,-0.3053315677710474,-0.2330357358346165,-0.33370393801091225,-0.24630588508578546,-0.33812605653591676,-0.3053315677710474,-0.2330357358346165,-0.15363834980905414,-0.24630588508578546,-0.1930810520523606,-0.3053315677710474,-0.2330357358346165,-0.33354369822888913,-0.24630588508578546,-0.27829177341046235,0.01025757017702698
-0.005338657088796516,-0.06734307155819856,-0.01815306042076544,-0.1652188865136826,-0.05054037283509408,-0.005338657088796516,-0.06734307155819856,-0.01818775690726925,-0.1652188865136826,-0.05054037283509408,-0.005338657088796516,-0.06734307155819856,-0.01815306042076544,-0.1652188865136826,-0.05054037283509408,-0.005338657088796516,-0.06734307155819856,-0.01815306042076544,-0.07098303468889794,-0.05054037283509408,-0.0037393546468108205,-0.06734307155819856,-0.01815306042076544,-0.16526172943775494,-0.05054037283509408,-0.05748850508905967,0.010291346324992566
0.26917782473552215,0.22218164742991456,0.24006489007968101,0.1617188426743046,0.21820447245221208,0.26917782473552215,0.22218164742991456,0.24000392342750337,0.1617188426743046,0.21820447245221208,0.26917782473552215,0.22218164742991456,0.24006489007968101,0.1617188426743046,0.21820447245221208,0.26917782473552215,0.22218164742991456,0.24006489007968101,0.059334175916739264,0.21820447245221208,0.1292423740721843,0.22218164742991456,0.24006489007968101,0.16152112370464083,0.21820447245221208,0.21256638335261713,0.009446460767093623
0.03306590932235364,-0.028645719042470475,0.06547943051040893,0.049546636568432056,0.05038995347012283,0.03306590932235364,-0.028645719042470475,0.06550980650558254,0.049546636568432056,0.05038995347012283,0.03306590932235364,-0.028645719042470475,0.06547943051040893,0.049546636568432056,0.05038995347012283,0.03306590932235364,-0.028645719042470475,0.06547943051040893,0.00895364407315778,0.05038995347012283,0.018811601331041712,-0.028645719042470475,0.06547943051040893,0.04950623119022586,0.05038995347012283,0.03177294897098465,0.006519238990254054
0.19007487206732707,0.10147029856191941,0.17828220969483438,0.11925268754325943,0.14591655013400742,0.19007487206732707,0.10147029856191941,0.17835460179403706,0.11925268754325943,0.14591655013400742,0.19007487206732707,0.10147029856191941,0.17828220969483438,0.11925268754325943,0.14591655013400742,0.19007487206732707,0.10147029856191941,0.17828220969483438,0.038106501099710324,0.14591655013400742,0.10408096439782691,0.10147029856191941,0.17828220969483438,0.11943395343902741,0.14591655013400742,0.1403238661555464,0.007680647963022086
-0.19001999376955953,-0.22373854913658187,-0.23890114322786243,-0.23134016098602442,-0.1685956753554907,-0.19001999376955953,-0.22373854913658187,-0.23891982004002002,-0.23134016098602442,-0.1685956753554907,-0.19001999376955953,-0.22373854913658187,-0.23890114322786243,-0.23134016098602442,-0.1685956753554907,-0.19001999376955953,-0.22373854913658187,-0.23890114322786243,-0.09498587744104661,-0.1685956753554907,-0.08152840837684801,-0.22373854913658187,-0.23890114322786243,-0.23157043709673067,-0.1685956753554907,-0.20073522785451078,0.008293498974268938
-0.01058814829802378,0.03200314806680336,-0.03997399003314217,-0.0767292448677287,-0.012370600435832442,-0.01058814829802378,0.03200314806680336,-0.04008455925156007,-0.0767292448677287,-0.012370600435832442,-0.01058814829802378,0.03200314806680336,-0.03997399003314217,-0.0767292448677287,-0.012370600435832442,-0.01058814829802378,0.03200314806680336,-0.03997399003314217,-0.029401963600947646,-0.012370600435832442,0.022565686290007846,0.03200314806680336,-0.03997399003314217,-0.07693703407719789,-0.012370600435832442,-0.01832525681650772,0.006894010906276253
0.24085632506332957,0.18554405735773657,0.22181100273366358,0.1934121513603314,0.26832882817707265,0.24085632506332957,0.18554405735773657,0.22178036154844036,0.1934121513603314,0.26832882817707265,0.24085632506332957,0.18554405735773657,0.22181100273366358,0.1934121513603314,0.26832882817707265,0.24085632506332957,0.18554405735773657,0.22181100273366358,0.06571190478131832,0.26832882817707265,0.12630944651667272,0.18554405735773657,0.22181100273366358,0.19328509428941218,0.26832882817707265,0.2122942800031543,0.009055672448171941
-0.03574020194834465,0.02722069437049819,0.02573271084823149,-0.02568825322397925,-0.027531437107903713,-0.03574020194834465,0.02722069437049819,0.025712086602816982,-0.02568825322397925,-0.027531437107903713,-0.03574020194834465,0.02722069437049819,0.02573271084823149,-0.02568825322397925,-0.027531437107903713,-0.03574020194834465,0.02722069437049819,0.02573271084823149,-0.02702448207919169,-0.027531437107903713,-0.0136237784203149,0.02722069437049819,0.02573271084823149,-0.02551862268696007,-0.027531437107903713,-0.006364129373722707,0.005327463806062183
-0.07099870794600573,0.021320601471593995,0.020147167704942587,-0.07205483422736066,-0.07257244192964056,-0.07099870794600573,0.021320601471593995,0.020149920969662845,-0.07205483422736066,-0.07257244192964056,-0.07099870794600573,0.021320601471593995,0.020147167704942587,-0.07205483422736066,-0.07257244192964056,-0.07099870794600573,0.021320601471593995,0.020147167704942587,-0.05491983641157004,-0.07257244192964056,-0.03551921325570779,0.021320601471593995,0.020147167704942587,-0.07210524084380153,-0.07257244192964056,-0.032728969419119354,0.008688859879134493
0.10182804134778335,0.08687070922420125,0.10466332962738065,0.060418762293166055,0.03777589438586979,0.10182804134778335,0.08687070922420125,0.10466048680217846,0.060418762293166055,0.03777589438586979,0.10182804134778335,0.08687070922420125,0.10466332962738065,0.060418762293166055,0.03777589438586979,0.10182804134778335,0.08687070922420125,0.10466332962738065,0.0034766127693456276,0.03777589438586979,0.05747786099880602,0.08687070922420125,0.10466332962738065,0.06022695462840907,0.03777589438586979,0.07425186816116992,0.005707730137662933
0.27820850573759975,0.20519747297885,0.20795854358360039,0.15666754237037922,0.22094936420323655,0.27820850573759975,0.20519747297885,0.20804442236755857,0.15666754237037922,0.22094936420323655,0.27820850573759975,0.20519747297885,0.20795854358360039,0.15666754237037922,0.22094936420323655,0.27820850573759975,0.20519747297885,0.20795854358360039,0.0488242727052749,0.22094936420323655,0.14823972455753512,0.20519747297885,0.20795854358360039,0.15641100099960603,0.22094936420323655,0.20427697723745383,0.009585471022464452
-0.010783864022059771,-0.056960209225783445,0.04604598793367242,-0.05076517665202618,-0.02757476389704762,-0.010783864022059771,-0.056960209225783445,0.04595169189433585,-0.05076517665202618,-0.02757476389704762,-0.010783864022059771,-0.056960209225783445,0.04604598793367242,-0.05076517665202618,-0.02757476389704762,-0.010783864022059771,-0.056960209225783445,0.04604598793367242,-0.03958612856134764,-0.02757476389704762,-0.0034617289002988813,-0.056960209225783445,0.04604598793367242,-0.05082042086505428,-0.02757476389704762,-0.019273539454245925,0.007199162218110394
0.026740330199678298,-0.011304370706792013,0.12361631321066983,-0.03649890590697594,0.03602681360753807,0.026740330199678298,-0.011304370706792013,0.12347605194025785,-0.03649890590697594,0.03602681360753807,0.026740330199678298,-0.011304370706792013,0.12361631321066983,-0.03649890590697594,0.03602681360753807,0.026740330199678298,-0.011304370706792013,0.12361631321066983,-0.032269902372241394,0.03602681360753807,0.01891969501080902,-0.011304370706792013,0.12361631321066983,-0.036592001265211914,0.03602681360753807,0.027563036549512344,0.010677139511925388
-0.08054923333901202,-0.10928205935414533,-0.13443069559655282,-0.14306040768842793,-0.050367406962282826,-0.08054923333901202,-0.10928205935414533,-0.1344760283305642,-0.14306040768842793,-0.050367406962282826,-0.08054923333901202,-0.10928205935414533,-0.13443069559655282,-0.14306040768842793,-0.050367406962282826,-0.08054923333901202,-0.10928205935414533,-0.13443069559655282,-0.07589014965652176,-0.050367406962282826,-0.03365975885848943,-0.10928205935414533,-0.13443069559655282,-0.1431533898569985,-0.050367406962282826,-0.09898110388369034,0.007078976625488932
-0.06924875934289598,-0.07319627660770331,-0.08957058374789294,-0.1458190601637148,-0.043374028630527126,-0.06924875934289598,-0.07319627660770331,-0.08960331835501396,-0.1458190601637148,-0.043374028630527126,-0.06924875934289598,-0.07319627660770331,-0.08957058374789294,-0.1458190601637148,-0.043374028630527126,-0.06924875934289598,-0.07319627660770331,-0.08957058374789294,-0.08989389452307092,-0.043374028630527126,-0.049885199287001754,-0.07319627660770331,-0.08957058374789294,-0.14571592096973202,-0.043374028630527126,-0.08122737648721083,0.006341788661685827
0.08544555696505096,-0.03625190627587855,0.015932238710182466,-0.024265034282640447,0.09177787467861408,0.08544555696505096,-0.03625190627587855,0.01595124314809851,-0.024265034282640447,0.09177787467861408,0.08544555696505096,-0.03625190627587855,0.015932238710182466,-0.024265034282640447,0.09177787467861408,0.08544555696505096,-0.03625190627587855,0.015932238710182466,-0.030915452356103434,0.09177787467861408,0.03396025659570726,-0.03625190627587855,0.015932238710182466,-0.024096551674394798,0.09177787467861408,0.024209816703199896,0.01030038519940518
0.284490709870741,0.1085402051874022,0.19611113103287964,0.15321807243708227,0.2307663362303389,0.284490709870741,0.1085402051874022,0.1961613771456284,0.15321807243708227,0.2307663362303389,0.284490709870741,0.1085402051874022,0.19611113103287964,0.15321807243708227,0.2307663362303389,0.284490709870741,0.1085402051874022,0.19611113103287964,0.03990891506525936,0.2307663362303389,0.13089110922828204,0.1085402051874022,0.19611113103287964,0.15343834669931025,0.2307663362303389,0.18395976144611662,0.012883731706594759
-0.050297203493313854,-0.1325978078021371,-0.037078482298395,-0.11377297462275344,-0.08178563670752706,-0.050297203493313854,-0.1325978078021371,-0.037016009728096606,-0.11377297462275344,-0.08178563670752706,-0.050297203493313854,-0.1325978078021371,-0.037078482298395,-0.11377297462275344,-0.08178563670752706,-0.050297203493313854,-0.1325978078021371,-0.037078482298395,-0.08260806018770195,-0.08178563670752706,-0.05527333192341102,-0.1325978078021371,-0.037078482298395,-0.11369662488801621,-0.08178563670752706,-0.08205331665242568,0.0069795718826274914
-0.004216970850596173,0.0030847776383782204,0.09665976713529749,-0.0018163566142676022,0.054220636773507996,-0.004216970850596173,0.0030847776383782204,0.09665882015162158,-0.0018163566142676022,0.054220636773507996,-0.004216970850596173,0.0030847776383782204,0.09665976713529749,-0.0018163566142676022,0.054220636773507996,-0.004216970850596173,0.0030847776383782204,0.09665976713529749,-0.023585085434236024,0.054220636773507996,0.0033235333922743714,0.0030847776383782204,0.09665976713529749,-0.0017555180950837221,0.054220636773507996,0.029019637494800393,0.007947932983446211
0.013132835663043047,0.007568120740940187,0.08068684417900643,-0.04788723920755397,0.05187650200120944,0.013132835663043047,0.007568120740940187,0.0806892930816141,-0.04788723920755397,0.05187650200120944,0.013132835663043047,0.007568120740940187,0.08068684417900643,-0.04788723920755397,0.05187650200120944,0.013132835663043047,0.007568120740940187,0.08068684417900643,-0.04085663563520162,0.05187650200120944,0.001882135816006821,0.007568120740940187,0.08068684417900643,-0.04770773978591731,0.05187650200120944,0.020913886757311446,0.00849234827179113
0.06413586532595224,-0.01609513246855438,0.06364831086616182,-0.034473190010236104,0.08316158943518114,0.06413586532595224,-0.01609513246855438,0.06373835565905492,-0.034473190010236104,0.08316158943518114,0.06413586532595224,-0.01609513246855438,0.06364831086616182,-0.034473190010236104,0.08316158943518114,0.06413586532595224,-0.01609513246855438,0.06364831086616182,-0.025610966931594738,0.08316158943518114,0.03527160665434843,-0.01609513246855438,0.06364831086616182,-0.034463192330595874,0.08316158943518114,0.03127940890488378,0.009180920638022626
0.04661408989177094,0.048227069514686846,0.053884728615993485,-0.018889005442395364,0.05219676127195514,0.04661408989177094,0.048227069514686846,0.05397473083511453,-0.018889005442395364,0.05219676127195514,0.04661408989177094,0.048227069514686846,0.053884728615993485,-0.018889005442395364,0.05219676127195514,0.04661408989177094,0.048227069514686846,0.053884728615993485,-0.011551136127878323,0.05219676127195514,0.04656980617186778,0.048227069514686846,0.053884728615993485,-0.018949442894991043,0.05219676127195514,0.03669965478484779,0.005339375592740043
0.14279681067910371,0.14694159282683203,0.17577260446993234,0.09016772907503255,0.2314508955165665,0.14279681067910371,0.14694159282683203,0.17582723558614294,0.09016772907503255,0.2314508955165665,0.14279681067910371,0.14694159282683203,0.17577260446993234,0.09016772907503255,0.2314508955165665,0.14279681067910371,0.14694159282683203,0.17577260446993234,0.030772918689221693,0.2314508955165665,0.09775831127108929,0.14694159282683203,0.17577260446993234,0.09014555843094074,0.2314508955165665,0.15324989254062513,0.01020949871528695
-0.023782799826306007,-0.028073502287477136,-0.027447220036429486,-0.07166348563829483,0.055711282660445845,-0.023782799826306007,-0.028073502287477136,-0.02730809445971687,-0.07166348563829483,0.055711282660445845,-0.023782799826306007,-0.028073502287477136,-0.027447220036429486,-0.07166348563829483,0.055711282660445845,-0.023782799826306007,-0.028073502287477136,-0.027447220036429486,-0.04323132872431974,0.055711282660445845,-0.0072386062023714936,-0.028073502287477136,-0.027447220036429486,-0.07179351593064431,0.055711282660445845,-0.01725172719272141,0.007895765949294649
-0.0839802020442443,-0.09076765262370268,-0.031924312280054115,-0.1478706645383368,-0.039472927753173105,-0.0839802020442443,-0.09076765262370268,-0.0317933254662998,-0.1478706645383368,-0.039472927753173105,-0.0839802020442443,-0.09076765262370268,-0.031924312280054115,-0.1478706645383368,-0.039472927753173105,-0.0839802020442443,-0.09076765262370268,-0.031924312280054115,-0.07780540250737339,-0.039472927753173105,-0.05715414916022648,-0.09076765262370268,-0.031924312280054115,-0.14797365376483487,-0.039472927753173105,-0.07492637934781271,0.007720818565402616
0.06963597991489118,0.040866348204458114,0.10593114923449436,0.003710911924142432,0.13640657993157398,0.06963597991489118,0.040866348204458114,0.10600629097579632,0.003710911924142432,0.13640657993157398,0.06963597991489118,0.040866348204458114,0.10593114923449436,0.003710911924142432,0.13640657993157398,0.06963597991489118,0.040866348204458114,0.10593114923449436,-0.0006204928785644824,0.13640657993157398,0.05386071164396747,0.040866348204458114,0.10593114923449436,0.0038018289140378547,0.13640657993157398,0.07051256926821466,0.009245396402029293
0.001123044769051903,0.028279258815106362,0.07155503486374476,-0.0044505795871237035,0.06792438493963318,0.001123044769051903,0.028279258815106362,0.0716187480783051,-0.0044505795871237035,0.06792438493963318,0.001123044769051903,0.028279258815106362,0.07155503486374476,-0.0044505795871237035,0.06792438493963318,0.001123044769051903,0.028279258815106362,0.07155503486374476,-0.00238510897433003,0.06792438493963318,0.03592007495410183,0.028279258815106362,0.07155503486374476,-0.0042878539169363085,0.06792438493963318,0.03436978634738616,0.0061423709594561155
-0.1208814456171568,-0.08270211251353199,0.0057232509902512725,-0.11568325168943107,0.010205863785795766,-0.1208814456171568,-0.08270211251353199,0.005671744270103477,-0.11568325168943107,0.010205863785795766,-0.1208814456171568,-0.08270211251353199,0.0057232509902512725,-0.11568325168943107,0.010205863785795766,-0.1208814456171568,-0.08270211251353199,0.0057232509902512725,-0.0627502332323793,0.010205863785795766,-0.06251015657110337,-0.08270211251353199,0.0057232509902512725,-0.11558118403526992,0.010205863785795766,-0.05621334427132982,0.010790661623409996
-0.12216759079433874,-0.12405554866856436,-0.01934418326812429,-0.16033192466628365,-0.018495369146404185,-0.12216759079433874,-0.12405554866856436,-0.019524156093776734,-0.16033192466628365,-0.018495369146404185,-0.12216759079433874,-0.12405554866856436,-0.01934418326812429,-0.16033192466628365,-0.018495369146404185,-0.12216759079433874,-0.12405554866856436,-0.01934418326812429,-0.09616075345529662,-0.018495369146404185,-0.0889225837300228,-0.12405554866856436,-0.01934418326812429,-0.1600686069250426,-0.018495369146404185,-0.08497894238110738,0.011065990159494795
0.1855904463814152,0.11008880710546196,0.1901312831997785,0.12352183492157524,0.20532028697606539,0.1855904463814152,0.11008880710546196,0.1900944716977926,0.12352183492157524,0.20532028697606539,0.1855904463814152,0.11008880710546196,0.1901312831997785,0.12352183492157524,0.20532028697606539,0.1855904463814152,0.11008880710546196,0.1901312831997785,0.03580809637096602,0.20532028697606539,0.09488702792141533,0.11008880710546196,0.1901312831997785,0.12365669220732246,0.20532028697606539,0.15579776726778535,0.009149752457674744
0.029097516959679885,-0.016356453122074593,0.0049098230387583566,-0.02678040516759083,0.01814527534476358,0.029097516959679885,-0.016356453122074593,0.004971742370984184,-0.02678040516759083,0.01814527534476358,0.029097516959679885,-0.016356453122074593,0.0049098230387583566,-0.02678040516759083,0.01814527534476358,0.029097516959679885,-0.016356453122074593,0.0049098230387583566,-0.013235816044763985,0.01814527534476358,0.03269754498136897,-0.016356453122074593,0.0049098230387583566,-0.026738630294247064,0.01814527534476358,0.0024930838647107,0.00400906334209932
0.20340002133486282,0.17335943477252055,0.13282706029408803,0.15594972546846905,0.23776932275948995,0.20340002133486282,0.17335943477252055,0.13289634431035985,0.15594972546846905,0.23776932275948995,0.20340002133486282,0.17335943477252055,0.13282706029408803,0.15594972546846905,0.23776932275948995,0.20340002133486282,0.17335943477252055,0.13282706029408803,0.060252091808216286,0.23776932275948995,0.13281226881746858,0.17335943477252055,0.13282706029408803,0.1558709318774467,0.23776932275948995,0.17400931709579023,0.008611584114162393
0.17072423369943057,0.18501323540461756,0.14306275257958798,0.1457977801681762,0.14237194046164472,0.17072423369943057,0.18501323540461756,0.1429804984647065,0.1457977801681762,0.14237194046164472,0.17072423369943057,0.18501323540461756,0.14306275257958798,0.1457977801681762,0.14237194046164472,0.17072423369943057,0.18501323540461756,0.14306275257958798,0.05293985487015719,0.14237194046164472,0.11834885143557565,0.18501323540461756,0.14306275257958798,0.1458840231727131,0.14237194046164472,0.15158481571580268,0.005379435681619187
0.16685150426531475,0.14207515980207883,0.12330560166516545,0.05948436253893599,0.08455277660721006,0.16685150426531475,0.14207515980207883,0.12331016086716054,0.05948436253893599,0.08455277660721006,0.16685150426531475,0.14207515980207883,0.12330560166516545,0.05948436253893599,0.08455277660721006,0.16685150426531475,0.14207515980207883,0.12330560166516545,0.01163491367962984,0.08455277660721006,0.09280294541500136,0.14207515980207883,0.12330560166516545,0.059343548994900124,0.08455277660721006,0.1103725104936746,0.008075137593665793
0.01906762923351095,0.015126483063589952,-0.029392028371518514,-0.09784512875563998,-0.0688311390821685,0.01906762923351095,0.015126483063589952,-0.02938830094193327,-0.09784512875563998,-0.0688311390821685,0.01906762923351095,0.015126483063589952,-0.029392028371518514,-0.09784512875563998,-0.0688311390821685,0.01906762923351095,0.015126483063589952,-0.029392028371518514,-0.047425193309898715,-0.0688311390821685,0.02599878903122773,0.015126483063589952,-0.029392028371518514,-0.09795346179723932,-0.0688311390821685,-0.030084977197187456,0.008701860498966178
0.06159971386037557,-0.00026800040505897525,0.024860512037109442,-0.02821972793821028,-0.004557820477866013,0.06159971386037557,-0.00026800040505897525,0.02495622725413031,-0.02821972793821028,-0.004557820477866013,0.06159971386037557,-0.00026800040505897525,0.024860512037109442,-0.02821972793821028,-0.004557820477866013,0.06159971386037557,-0.00026800040505897525,0.024860512037109442,-0.020134311219628834,-0.004557820477866013,0.05221757542414777,-0.00026800040505897525,0.024860512037109442,-0.028197264591956508,-0.004557820477866013,0.010635793689095079,0.00579993741542182
0.18476301119465158,0.11966257566932736,0.1863455236622318,0.14176095865370159,0.13108753690075983,0.18476301119465158,0.11966257566932736,0.18650093661300418,0.14176095865370159,0.13108753690075983,0.18476301119465158,0.11966257566932736,0.1863455236622318,0.14176095865370159,0.13108753690075983,0.18476301119465158,0.11966257566932736,0.1863455236622318,0.037341854919232836,0.13108753690075983,0.10980459262925896,0.11966257566932736,0.1863455236622318,0.14179236627226116,0.13108753690075983,0.14555629314691326,0.007008264705846663
0.20794034165227251,0.10112765743747365,0.18026336342094434,0.12838480756814444,0.18683452737524536,0.20794034165227251,0.10112765743747365,0.18028424225400103,0.12838480756814444,0.18683452737524536,0.20794034165227251,0.10112765743747365,0.18026336342094434,0.12838480756814444,0.18683452737524536,0.20794034165227251,0.10112765743747365,0.18026336342094434,0.030508403453961795,0.18683452737524536,0.112868716028028,0.10112765743747365,0.18026336342094434,0.12850989646963984,0.18683452737524536,0.1531980570106611,0.009114667215034787
0.08178611257251478,0.036902204644791256,0.14401922352180957,0.029112747538056767,-0.03184624840039385,0.08178611257251478,0.036902204644791256,0.1438805340197237,0.029112747538056767,-0.03184624840039385,0.08178611257251478,0.036902204644791256,0.14401922352180957,0.029112747538056767,-0.03184624840039385,0.08178611257251478,0.036902204644791256,0.14401922352180957,-0.014287409030401989,-0.03184624840039385,0.04059789430687162,0.036902204644791256,0.14401922352180957,0.029182183570031876,-0.03184624840039385,0.048608502843187205,0.011667200607899745
0.05574588110678295,0.08176470510146787,0.04767493812972329,0.034634718052389595,0.0006188199452855206,0.05574588110678295,0.08176470510146787,0.047523153010814216,0.034634718052389595,0.0006188199452855206,0.05574588110678295,0.08176470510146787,0.04767493812972329,0.034634718052389595,0.0006188199452855206,0.05574588110678295,0.08176470510146787,0.04767493812972329,0.007663958675043586,0.0006188199452855206,0.06173841521910325,0.08176470510146787,0.04767493812972329,0.034621235695226966,0.0006188199452855206,0.04324207275748594,0.005425081285538818
0.2444010696057072,0.2719604604287279,0.1744266131163825,0.2078035542745033,0.20067924054434724,0.2444010696057072,0.2719604604287279,0.17445002790968506,0.2078035542745033,0.20067924054434724,0.2444010696057072,0.2719604604287279,0.1744266131163825,0.2078035542745033,0.20067924054434724,0.2444010696057072,0.2719604604287279,0.1744266131163825,0.07592302540109887,0.20067924054434724,0.15082290728733824,0.2719604604287279,0.1744266131163825,0.20776620263172124,0.20067924054434724,0.2108352824722835,0.008958868260555104
0.11225405834920164,0.06733407854360965,0.013027252055849635,0.006562179970283638,0.03771663229893603,0.11225405834920164,0.06733407854360965,0.013053130088844005,0.006562179970283638,0.03771663229893603,0.11225405834920164,0.06733407854360965,0.013027252055849635,0.006562179970283638,0.03771663229893603,0.11225405834920164,0.06733407854360965,0.013027252055849635,-0.00855887655815301,0.03771663229893603,0.06921396310093078,0.06733407854360965,0.013027252055849635,0.006270808338663008,0.03771663229893603,0.045041774428562775,0.007374439107628797
0.1338811514534098,0.055223306992633385,0.11410027191959662,0.0506073211116899,0.05580917943285023,0.1338811514534098,0.055223306992633385,0.11411148413872883,0.0506073211116899,0.05580917943285023,0.1338811514534098,0.055223306992633385,0.11410027191959662,0.0506073211116899,0.05580917943285023,0.1338811514534098,0.055223306992633385,0.11410027191959662,0.011348171012335108,0.05580917943285023,0.09807197723606914,0.055223306992633385,0.11410027191959662,0.050579166779216714,0.05580917943285023,0.07892083552483453,0.007004498803562051
-0.04783960532154494,-0.10430843884476651,-0.03745439694201678,-0.08104944587597335,0.0044428105456385345,-0.04783960532154494,-0.10430843884476651,-0.03756298579347289,-0.08104944587597335,0.0044428105456385345,-0.04783960532154494,-0.10430843884476651,-0.03745439694201678,-0.08104944587597335,0.0044428105456385345,-0.04783960532154494,-0.10430843884476651,-0.03745439694201678,-0.048765077831389246,0.0044428105456385345,-0.012820612548410035,-0.10430843884476651,-0.03745439694201678,-0.08098323217970667,0.0044428105456385345,-0.05055137586123143,0.007400461977384104
-0.025149896364177155,-0.13392436335784844,-0.06569015854122236,-0.07316811523381371,0.026800409298638094,-0.025149896364177155,-0.13392436335784844,-0.06562170422803072,-0.07316811523381371,0.026800409298638094,-0.025149896364177155,-0.13392436335784844,-0.06569015854122236,-0.07316811523381371,0.026800409298638094,-0.025149896364177155,-0.13392436335784844,-0.06569015854122236,-0.043788281493961724,0.026800409298638094,0.009226709129697749,-0.13392436335784844,-0.06569015854122236,-0.07338143430494315,0.026800409298638094,-0.05168196186065315,0.010672720113415895
0.21174823518974892,0.09363365087004577,0.19122237345412701,0.13856606997531562,0.17661734242447927,0.21174823518974892,0.09363365087004577,0.19122355108169242,0.13856606997531562,0.17661734242447927,0.21174823518974892,0.09363365087004577,0.19122237345412701,0.13856606997531562,0.17661734242447927,0.21174823518974892,0.09363365087004577,0.19122237345412701,0.04807656264191103,0.17661734242447927,0.1413189656978269,0.09363365087004577,0.19122237345412701,0.13855434260857913,0.17661734242447927,0.1559203613201634,0.009054265857221971
0.13051977032807355,0.0407986471863263,0.09409007316628525,0.04522429323162504,0.10722820281280229,0.13051977032807355,0.0407986471863263,0.09413753338954474,0.04522429323162504,0.10722820281280229,0.13051977032807355,0.0407986471863263,0.09409007316628525,0.04522429323162504,0.10722820281280229,0.13051977032807355,0.0407986471863263,0.09409007316628525,0.011973324082562492,0.10722820281280229,0.07656346923507719,0.0407986471863263,0.09409007316628525,0.045274504198670636,0.10722820281280229,0.08008781338295233,0.007023777170390445
0.04956978059026166,0.0041238308683188,0.012383498604326953,-5.238499814735591e-05,-0.015222302138954683,0.04956978059026166,0.0041238308683188,0.012437664283730322,-5.238499814735591e-05,-0.015222302138954683,0.04956978059026166,0.0041238308683188,0.012383498604326953,-5.238499814735591e-05,-0.015222302138954683,0.04956978059026166,0.0041238308683188,0.012383498604326953,-0.009682004016786223,-0.015222302138954683,0.039664023206340306,0.0041238308683188,0.012383498604326953,-3.8280841817671024e-05,-0.015222302138954683,0.009381800322487987,0.004170760077610059
0.08008294988051431,0.05578644594702033,0.06449200652487819,0.044230898255498724,0.03654217940591298,0.08008294988051431,0.05578644594702033,0.06448204310157592,0.044230898255498724,0.03654217940591298,0.08008294988051431,0.05578644594702033,0.06449200652487819,0.044230898255498724,0.03654217940591298,0.08008294988051431,0.05578644594702033,0.06449200652487819,0.0062292623786442585,0.03654217940591298,0.05438841055838464,0.05578644594702033,0.06449200652487819,0.044201159458082805,0.03654217940591298,0.05367746090597681,0.003390764457903538
0.16386039047116652,0.11050745151453682,0.17124216270621692,0.13533943191867986,0.1660656908492094,0.16386039047116652,0.11050745151453682,0.1712248300942245,0.13533943191867986,0.1660656908492094,0.16386039047116652,0.11050745151453682,0.17124216270621692,0.13533943191867986,0.1660656908492094,0.16386039047116652,0.11050745151453682,0.17124216270621692,0.028648211872876483,0.1660656908492094,0.08907523940639801,0.11050745151453682,0.17124216270621692,0.13542522520860714,0.1660656908492094,0.14214670907465643,0.006778488753939302
0.24149192028906996,0.21773554504515297,0.22864271578958903,0.12961134908990013,0.2340380934256904,0.24149192028906996,0.21773554504515297,0.22863667757179962,0.12961134908990013,0.2340380934256904,0.24149192028906996,0.21773554504515297,0.22864271578958903,0.12961134908990013,0.2340380934256904,0.24149192028906996,0.21773554504515297,0.22864271578958903,0.03614215262782671,0.2340380934256904,0.12194875746344917,0.21773554504515297,0.22864271578958903,0.12955323592547377,0.2340380934256904,0.20178086430108408,0.010454461053397925
0.04556108652919565,0.07206101789412361,0.05413841604450276,0.0013544497047819671,0.09275460733246604,0.04556108652919565,0.07206101789412361,0.054176064915267184,0.0013544497047819671,0.09275460733246604,0.04556108652919565,0.07206101789412361,0.05413841604450276,0.0013544497047819671,0.09275460733246604,0.04556108652919565,0.07206101789412361,0.05413841604450276,-0.01752495967576416,0.09275460733246604,0.00973697771630685,0.07206101789412361,0.05413841604450276,0.0012054382872484142,0.09275460733246604,0.05098132027140584,0.006489603569884741
0.16015839629661097,0.10264715214092722,0.12045167550577794,0.06158130901132171,0.07714668302415705,0.16015839629661097,0.10264715214092722,0.12044207846741779,0.06158130901132171,0.07714668302415705,0.16015839629661097,0.10264715214092722,0.12045167550577794,0.06158130901132171,0.07714668302415705,0.16015839629661097,0.10264715214092722,0.12045167550577794,0.006554009039928064,0.07714668302415705,0.07807304671619579,0.10264715214092722,0.12045167550577794,0.0615812385329615,0.07714668302415705,0.0989121505130178,0.0072643331644744805
0.17162782075814312,0.006890969807719498,0.0743565252281165,-0.012589287475886342,0.03182651396313086,0.17162782075814312,0.006890969807719498,0.07428448432054068,-0.012589287475886342,0.03182651396313086,0.17162782075814312,0.006890969807719498,0.0743565252281165,-0.012589287475886342,0.03182651396313086,0.17162782075814312,0.006890969807719498,0.0743565252281165,-0.012231343326064709,0.03182651396313086,0.09572865077921447,0.006890969807719498,0.0743565252281165,-0.012528222235162534,0.03182651396313086,0.05140042039640636,0.012067513952465466
0.2097903933815461,0.15570001191786295,0.20821537806299512,0.06118041240705577,0.08249555716631513,0.2097903933815461,0.15570001191786295,0.20816897890420547,0.06118041240705577,0.08249555716631513,0.2097903933815461,0.15570001191786295,0.20821537806299512,0.06118041240705577,0.08249555716631513,0.2097903933815461,0.15570001191786295,0.20821537806299512,0.014308059005352536,0.08249555716631513,0.1044038663044683,0.15570001191786295,0.20821537806299512,0.0610668345624411,0.08249555716631513,0.13737959628786758,0.012543544228633172
0.10236581727201848,0.08503100718465963,0.12338461914527092,0.07597776868602507,0.024732430461808647,0.10236581727201848,0.08503100718465963,0.12319679351109107,0.07597776868602507,0.024732430461808647,0.10236581727201848,0.08503100718465963,0.12338461914527092,0.07597776868602507,0.024732430461808647,0.10236581727201848,0.08503100718465963,0.12338461914527092,0.024856842608299606,0.024732430461808647,0.06544631456039345,0.08503100718465963,0.12338461914527092,0.0758484908289355,0.024732430461808647,0.07876402725873174,0.0068021508030797736
0.1477017064927118,0.10908933883345327,0.1421110780409436,0.09113576128732749,0.09687726473627503,0.1477017064927118,0.10908933883345327,0.1421661301672803,0.09113576128732749,0.09687726473627503,0.1477017064927118,0.10908933883345327,0.1421110780409436,0.09113576128732749,0.09687726473627503,0.1477017064927118,0.10908933883345327,0.1421110780409436,0.02811837136605929,0.09687726473627503,0.07711663447603063,0.10908933883345327,0.1421110780409436,0.09105431434950051,0.09687726473627503,0.11203787560816467,0.005659384078592863
0.02772979946082632,0.03165714980209222,0.12256810646685366,0.0382552620521952,0.04202583742187165,0.02772979946082632,0.03165714980209222,0.12256545903118814,0.0382552620521952,0.04202583742187165,0.02772979946082632,0.03165714980209222,0.12256810646685366,0.0382552620521952,0.04202583742187165,0.02772979946082632,0.03165714980209222,0.12256810646685366,-0.00968306656038503,0.04202583742187165,0.0018001107944871704,0.03165714980209222,0.12256810646685366,0.03843579944597881,0.04202583742187165,0.049499625947935756,0.007518278887526677
0.06721495822800504,-0.03271076964126234,0.12523543005522317,0.12834579815982491,0.05911596432704464,0.06721495822800504,-0.03271076964126234,0.12511542286360008,0.12834579815982491,0.05911596432704464,0.06721495822800504,-0.03271076964126234,0.12523543005522317,0.12834579815982491,0.05911596432704464,0.06721495822800504,-0.03271076964126234,0.12523543005522317,0.02905596553737466,0.05911596432704464,0.02287495751069476,-0.03271076964126234,0.12523543005522317,0.12855598002780172,0.05911596432704464,0.06369868987923084,0.011446086930159251
-0.034763865083363855,-0.039508250152034574,-0.0471952032005761,-0.04893185071203532,-0.03976608104742514,-0.034763865083363855,-0.039508250152034574,-0.047283953250276636,-0.04893185071203532,-0.03976608104742514,-0.034763865083363855,-0.039508250152034574,-0.0471952032005761,-0.04893185071203532,-0.03976608104742514,-0.034763865083363855,-0.039508250152034574,-0.0471952032005761,-0.021076562301059268,-0.03976608104742514,-0.023529531033924484,-0.039508250152034574,-0.0471952032005761,-0.04882806978260709,-0.03976608104742514,-0.04046886390548128,0.0014209620698259053
-0.2040051266052226,-0.13886203027825686,-0.16045086280190438,-0.23090595747891257,-0.21278693475819546,-0.2040051266052226,-0.13886203027825686,-0.16039905565453846,-0.23090595747891257,-0.21278693475819546,-0.2040051266052226,-0.13886203027825686,-0.16045086280190438,-0.23090595747891257,-0.21278693475819546,-0.2040051266052226,-0.13886203027825686,-0.16045086280190438,-0.11273348945911589,-0.21278693475819546,-0.14154100044668472,-0.13886203027825686,-0.16045086280190438,-0.2311059641808615,-0.21278693475819546,-0.18218264659954833,0.007266920122092435
-0.11965816283318689,-0.0508979254613072,-0.07965343698779206,-0.12284700392847643,-0.11065078680441134,-0.11965816283318689,-0.0508979254613072,-0.07967764771804815,-0.12284700392847643,-0.11065078680441134,-0.11965816283318689,-0.0508979254613072,-0.07965343698779206,-0.12284700392847643,-0.11065078680441134,-0.11965816283318689,-0.0508979254613072,-0.07965343698779206,-0.06449827837508049,-0.11065078680441134,-0.09254205831310605,-0.0508979254613072,-0.07965343698779206,-0.12285478376730802,-0.11065078680441134,-0.09332414962285923,0.00533883932535325
-0.0463261836005973,-0.09709765312344432,-0.044193437268328285,-0.11751165271519302,-0.09248554908181154,-0.0463261836005973,-0.09709765312344432,-0.044179272665372464,-0.11751165271519302,-0.09248554908181154,-0.0463261836005973,-0.09709765312344432,-0.044193437268328285,-0.11751165271519302,-0.09248554908181154,-0.0463261836005973,-0.09709765312344432,-0.044193437268328285,-0.050442487236568696,-0.09248554908181154,-0.020396363098831975,-0.09709765312344432,-0.044193437268328285,-0.11756990797293432,-0.09248554908181154,-0.07580469934485073,0.005923545967165869
0.208835054853995,0.03402797585024403,0.15263614264740885,0.14303948843913147,0.046345443024899576,0.208835054853995,0.03402797585024403,0.15266667852650911,0.14303948843913147,0.046345443024899576,0.208835054853995,0.03402797585024403,0.15263614264740885,0.14303948843913147,0.046345443024899576,0.208835054853995,0.03402797585024403,0.15263614264740885,0.050546764037002354,0.046345443024899576,0.11535612583635033,0.03402797585024403,0.15263614264740885,0.1430876051905481,0.046345443024899576,0.10954110093156551,0.012722557761778679
0.08349398408291038,0.04805001875741746,0.12734415083332165,0.10592126723087919,0.1306712819762695,0.08349398408291038,0.04805001875741746,0.1273147178972143,0.10592126723087919,0.1306712819762695,0.08349398408291038,0.04805001875741746,0.12734415083332165,0.10592126723087919,0.1306712819762695,0.08349398408291038,0.04805001875741746,0.12734415083332165,0.033142939169102124,0.1306712819762695,0.03310503138831,0.04805001875741746,0.12734415083332165,0.1059527148670446,0.1306712819762695,0.09416952993390686,0.006934850866848772
0.10441181983202664,0.0865790322080336,0.13970267611159395,0.16306375396895292,0.19707026842578015,0.10441181983202664,0.0865790322080336,0.13969754474718538,0.16306375396895292,0.19707026842578015,0.10441181983202664,0.0865790322080336,0.13970267611159395,0.16306375396895292,0.19707026842578015,0.10441181983202664,0.0865790322080336,0.13970267611159395,0.0627216015729383,0.19707026842578015,0.060926823823935744,0.0865790322080336,0.13970267611159395,0.16300058690933372,0.19707026842578015,0.13240969223615215,0.008640658098227762
0.2169233364863456,0.12846876772640906,0.2551173789446623,0.28331900124844484,0.27102684934931087,0.2169233364863456,0.12846876772640906,0.25501709339319506,0.28331900124844484,0.27102684934931087,0.2169233364863456,0.12846876772640906,0.2551173789446623,0.28331900124844484,0.27102684934931087,0.2169233364863456,0.12846876772640906,0.2551173789446623,0.0974687411634936,0.27102684934931087,0.11363776561736078,0.12846876772640906,0.2551173789446623,0.28326515348927994,0.27102684934931087,0.21939946818045178,0.012615844518563788
0.16126621240912012,0.04991472564608921,0.12465149077924709,0.15289844404976233,0.17898838142468393,0.16126621240912012,0.04991472564608921,0.12454637969961989,0.15289844404976233,0.17898838142468393,0.16126621240912012,0.04991472564608921,0.12465149077924709,0.15289844404976233,0.17898838142468393,0.16126621240912012,0.04991472564608921,0.12465149077924709,0.04922072857261836,0.17898838142468393,0.08621866092154641,0.04991472564608921,0.12465149077924709,0.1528292966602237,0.17898838142468393,0.12638786984442515,0.009473212272130334
-0.21807647042013875,-0.19520036294202653,-0.2901571670312116,-0.25234923524686886,-0.3441881880091987,-0.21807647042013875,-0.19520036294202653,-0.29028180429949857,-0.25234923524686886,-0.3441881880091987,-0.21807647042013875,-0.19520036294202653,-0.2901571670312116,-0.25234923524686886,-0.3441881880091987,-0.21807647042013875,-0.19520036294202653,-0.2901571670312116,-0.12067161025415117,-0.3441881880091987,-0.13848900309062612,-0.19520036294202653,-0.2901571670312116,-0.2522579901786485,-0.3441881880091987,-0.2515450167250023,0.012443351702502584
-0.19517969146249814,-0.14389916875387615,-0.1946858272553931,-0.16910710301892043,-0.24105940013414062,-0.19517969146249814,-0.14389916875387615,-0.1947936214892483,-0.16910710301892043,-0.24105940013414062,-0.19517969146249814,-0.14389916875387615,-0.1946858272553931,-0.16910710301892043,-0.24105940013414062,-0.19517969146249814,-0.14389916875387615,-0.1946858272553931,-0.08748000897748896,-0.24105940013414062,-0.12300017171186424,-0.14389916875387615,-0.1946858272553931,-0.1689672250241424,-0.24105940013414062,-0.18263269022284617,0.007773147043122298
-0.16325290769296336,-0.12314026011649079,-0.08031140877834174,-0.15994512933449237,-0.19777913993490837,-0.16325290769296336,-0.12314026011649079,-0.08040575532898589,-0.15994512933449237,-0.19777913993490837,-0.16325290769296336,-0.12314026011649079,-0.08031140877834174,-0.15994512933449237,-0.19777913993490837,-0.16325290769296336,-0.12314026011649079,-0.08031140877834174,-0.06996175645727912,-0.19777913993490837,-0.08714851556931809,-0.12314026011649079,-0.08031140877834174,-0.15995604570913025,-0.19777913993490837,-0.13824646908841629,0.008529767538088906
-0.21434776792273952,-0.16922981846219345,-0.16443709295784137,-0.2079800779544734,-0.29516175853501203,-0.21434776792273952,-0.16922981846219345,-0.164511765275436,-0.2079800779544734,-0.29516175853501203,-0.21434776792273952,-0.16922981846219345,-0.16443709295784137,-0.2079800779544734,-0.29516175853501203,-0.21434776792273952,-0.16922981846219345,-0.16443709295784137,-0.08804997907904044,-0.29516175853501203,-0.11230701839470862,-0.16922981846219345,-0.16443709295784137,-0.20789992536200502,-0.29516175853501203,-0.20135225001931847,0.01092528170836049
-0.10649428396406056,-0.1051008657812438,-0.11960694900671202,-0.1770042670915965,-0.16072313164702992,-0.10649428396406056,-0.1051008657812438,-0.11959653970264097,-0.1770042670915965,-0.16072313164702992,-0.10649428396406056,-0.1051008657812438,-0.11960694900671202,-0.1770042670915965,-0.16072313164702992,-0.10649428396406056,-0.1051008657812438,-0.11960694900671202,-0.08101916267207536,-0.16072313164702992,-0.07534286192727147,-0.1051008657812438,-0.11960694900671202,-0.17709470007168882,-0.16072313164702992,-0.128703639386917,0.006171944317584912
0.0026499755418677136,-0.018762813979546628,-0.011197647251038272,-0.11299393953594844,-0.09720744225540784,0.0026499755418677136,-0.018762813979546628,-0.011324655898829698,-0.11299393953594844,-0.09720744225540784,0.0026499755418677136,-0.018762813979546628,-0.011197647251038272,-0.11299393953594844,-0.09720744225540784,0.0026499755418677136,-0.018762813979546628,-0.011197647251038272,-0.05537633497809326,-0.09720744225540784,-0.02069708111219254,-0.018762813979546628,-0.011197647251038272,-0.11309226109942945,-0.09720744225540784,-0.046140564788313784,0.008860317924804486
-0.08228513735476405,-0.13193133273175633,-0.13060752005236204,-0.17964419581589255,-0.1810216963389657,-0.08228513735476405,-0.13193133273175633,-0.13067430447285142,-0.17964419581589255,-0.1810216963389657,-0.08228513735476405,-0.13193133273175633,-0.13060752005236204,-0.17964419581589255,-0.1810216963389657,-0.08228513735476405,-0.13193133273175633,-0.13060752005236204,-0.08276381626435826,-0.1810216963389657,-0.07001905123587772,-0.13193133273175633,-0.13060752005236204,-0.17965528158955044,-0.1810216963389657,-0.13673523263969717,0.007513849164173
-0.16860611404775558,-0.19465808514454758,-0.06781802179009039,-0.16722981104272375,-0.2143851613072047,-0.16860611404775558,-0.19465808514454758,-0.0677821492644163,-0.16722981104272375,-0.2143851613072047,-0.16860611404775558,-0.19465808514454758,-0.06781802179009039,-0.16722981104272375,-0.2143851613072047,-0.16860611404775558,-0.19465808514454758,-0.06781802179009039,-0.0831673842174405,-0.2143851613072047,-0.10710704850274679,-0.19465808514454758,-0.06781802179009039,-0.16731196462110953,-0.2143851613072047,-0.15671883021376118,0.010541284625790095
0.04400491951536016,-0.10185006775904928,0.1521560614877215,0.10900606475998423,0.09764036163714221,0.04400491951536016,-0.10185006775904928,0.15204954534754309,0.10900606475998423,0.09764036163714221,0.04400491951536016,-0.10185006775904928,0.1521560614877215,0.10900606475998423,0.09764036163714221,0.04400491951536016,-0.10185006775904928,0.1521560614877215,0.03314161022268496,0.09764036163714221,0.010790436450004853,-0.10185006775904928,0.1521560614877215,0.10908354016620689,0.09764036163714221,0.05582714879476735,0.01726937121005216
-0.15219962649947905,-0.1782925672268686,-0.06436706305101549,-0.08767830638984814,-0.06344237655468705,-0.15219962649947905,-0.1782925672268686,-0.06433120177683786,-0.08767830638984814,-0.06344237655468705,-0.15219962649947905,-0.1782925672268686,-0.06436706305101549,-0.08767830638984814,-0.06344237655468705,-0.15219962649947905,-0.1782925672268686,-0.06436706305101549,-0.03398615217226231,-0.06344237655468705,-0.07257184485500194,-0.1782925672268686,-0.06436706305101549,-0.08786980095040557,-0.06344237655468705,-0.10386941584135231,0.009601254565915271
0.13859165476092053,0.07655538469575345,0.1161898912365698,0.10595863681433526,0.04535538877889275,0.13859165476092053,0.07655538469575345,0.1161749862527731,0.10595863681433526,0.04535538877889275,0.13859165476092053,0.07655538469575345,0.1161898912365698,0.10595863681433526,0.04535538877889275,0.13859165476092053,0.07655538469575345,0.1161898912365698,0.051463030725943576,0.04535538877889275,0.07995703710654012,0.07655538469575345,0.1161898912365698,0.10557802340659622,0.04535538877889275,0.09198916157192202,0.006353268234224015
-0.1923181800077125,-0.23560924598242183,-0.25806928462368117,-0.27805521436033553,-0.22768874505908607,-0.1923181800077125,-0.23560924598242183,-0.25814519664428043,-0.27805521436033553,-0.22768874505908607,-0.1923181800077125,-0.23560924598242183,-0.25806928462368117,-0.27805521436033553,-0.22768874505908607,-0.1923181800077125,-0.23560924598242183,-0.25806928462368117,-0.09968799061490953,-0.22768874505908607,-0.09977756070104941,-0.23560924598242183,-0.25806928462368117,-0.2782496949177348,-0.22768874505908607,-0.2275226359876838,0.009016993452492952
-0.1284229425496601,-0.23499659325231165,-0.21608658176635903,-0.1794274640192889,-0.13804762181320768,-0.1284229425496601,-0.23499659325231165,-0.2161302438957327,-0.1794274640192889,-0.13804762181320768,-0.1284229425496601,-0.23499659325231165,-0.21608658176635903,-0.1794274640192889,-0.13804762181320768,-0.1284229425496601,-0.23499659325231165,-0.21608658176635903,-0.0913624095932218,-0.13804762181320768,-0.1008755963945611,-0.23499659325231165,-0.21608658176635903,-0.17912126490684044,-0.13804762181320768,-0.1747612431775958,0.009157695622498066
-0.13004911675896563,-0.12834930194587663,-0.16684574846686773,-0.1159709077975829,-0.20659987053607162,-0.13004911675896563,-0.12834930194587663,-0.16673981117308154,-0.1159709077975829,-0.20659987053607162,-0.13004911675896563,-0.12834930194587663,-0.16684574846686773,-0.1159709077975829,-0.20659987053607162,-0.13004911675896563,-0.12834930194587663,-0.16684574846686773,-0.08577342097886374,-0.20659987053607162,-0.12157863764268821,-0.12834930194587663,-0.16684574846686773,-0.11568471903899993,-0.20659987053607162,-0.1480005854215783,0.006889606581061992
-0.3564547944495523,-0.28490523327874484,-0.2814375330657839,-0.3336588812755763,-0.34886019144269237,-0.3564547944495523,-0.28490523327874484,-0.2812600481209925,-0.3336588812755763,-0.34886019144269237,-0.3564547944495523,-0.28490523327874484,-0.2814375330657839,-0.3336588812755763,-0.34886019144269237,-0.3564547944495523,-0.28490523327874484,-0.2814375330657839,-0.15723848394833598,-0.34886019144269237,-0.2107749227171653,-0.28490523327874484,-0.2814375330657839,-0.3337820621325495,-0.34886019144269237,-0.3081771437765721,0.009508230013113952
-0.15004751709325817,-0.1760923854501371,-0.26236859422569575,-0.2283609899324473,-0.2894618910826474,-0.15004751709325817,-0.1760923854501371,-0.2622756850924513,-0.2283609899324473,-0.2894618910826474,-0.15004751709325817,-0.1760923854501371,-0.26236859422569575,-0.2283609899324473,-0.2894618910826474,-0.15004751709325817,-0.1760923854501371,-0.26236859422569575,-0.11241029968085267,-0.2894618910826474,-0.10555539692792432,-0.1760923854501371,-0.26236859422569575,-0.22825969333743665,-0.2894618910826474,-0.2148407949110298,0.011541950615536003
0.10929181281220271,0.04796044069233536,0.049660568379708815,0.06777415439822987,0.06871675610321296,0.10929181281220271,0.04796044069233536,0.049451550143750356,0.06777415439822987,0.06871675610321296,0.10929181281220271,0.04796044069233536,0.049660568379708815,0.06777415439822987,0.06871675610321296,0.10929181281220271,0.04796044069233536,0.049660568379708815,0.007106532289766741,0.06871675610321296,0.027262035072931092,0.04796044069233536,0.049660568379708815,0.06815300886626488,0.06871675610321296,0.06297964393251161,0.004844918171133293
0.12824717884253808,0.10403552956822519,0.09612547693073428,0.10400531501585819,0.11019784661833562,0.12824717884253808,0.10403552956822519,0.0960405698429842,0.10400531501585819,0.11019784661833562,0.12824717884253808,0.10403552956822519,0.09612547693073428,0.10400531501585819,0.11019784661833562,0.12824717884253808,0.10403552956822519,0.09612547693073428,0.03419860388959796,0.11019784661833562,0.05183729615478269,0.10403552956822519,0.09612547693073428,0.10417754930269901,0.11019784661833562,0.10267709873054129,0.004000888943712587
-0.16334751380872164,-0.15575049996864476,-0.09519573031119176,-0.15985930898976214,-0.24213689810693,-0.16334751380872164,-0.15575049996864476,-0.09511006193191099,-0.15985930898976214,-0.24213689810693,-0.16334751380872164,-0.15575049996864476,-0.09519573031119176,-0.15985930898976214,-0.24213689810693,-0.16334751380872164,-0.15575049996864476,-0.09519573031119176,-0.07666851407283375,-0.24213689810693,-0.10946443648747367,-0.15575049996864476,-0.09519573031119176,-0.16018283039814682,-0.24213689810693,-0.1577845494686872,0.009942288031927652
-0.12460765092040774,-0.1486021528482285,-0.10265657574189152,-0.14050415462248758,-0.17307308870461321,-0.12460765092040774,-0.1486021528482285,-0.10259987033837709,-0.14050415462248758,-0.17307308870461321,-0.12460765092040774,-0.1486021528482285,-0.10265657574189152,-0.14050415462248758,-0.17307308870461321,-0.12460765092040774,-0.1486021528482285,-0.10265657574189152,-0.050413795294916144,-0.17307308870461321,-0.060756159009973186,-0.1486021528482285,-0.10265657574189152,-0.1409045349191428,-0.17307308870461321,-0.1317447975137311,0.006369019938653955
-0.22856009090996296,-0.317654215219869,-0.20962786702568276,-0.2392978380320616,-0.19809451296424493,-0.22856009090996296,-0.317654215219869,-0.20974366495312888,-0.2392978380320616,-0.19809451296424493,-0.22856009090996296,-0.317654215219869,-0.20962786702568276,-0.2392978380320616,-0.19809451296424493,-0.22856009090996296,-0.317654215219869,-0.20962786702568276,-0.1079563076303495,-0.19809451296424493,-0.1304641851995763,-0.317654215219869,-0.20962786702568276,-0.23930079557633885,-0.19809451296424493,-0.22947415760474918,0.010431151430515448
0.0988801196546126,0.12882833839675498,0.17279431718431215,0.16150768576186722,0.15372671616652703,0.0988801196546126,0.12882833839675498,0.1726817684280131,0.16150768576186722,0.15372671616652703,0.0988801196546126,0.12882833839675498,0.17279431718431215,0.16150768576186722,0.15372671616652703,0.0988801196546126,0.12882833839675498,0.17279431718431215,0.08118448169780705,0.15372671616652703,0.08455451788529553,0.12882833839675498,0.17279431718431215,0.1613141610880222,0.15372671616652703,0.13934924026227397,0.0058262540492854285
-0.10147239598541595,-0.16704608291657388,-0.11498378944627871,-0.18325824889781733,-0.04568354916046096,-0.10147239598541595,-0.16704608291657388,-0.11515954793020101,-0.18325824889781733,-0.04568354916046096,-0.10147239598541595,-0.16704608291657388,-0.11498378944627871,-0.18325824889781733,-0.04568354916046096,-0.10147239598541595,-0.16704608291657388,-0.11498378944627871,-0.07207521447060132,-0.04568354916046096,-0.06347415804184234,-0.16704608291657388,-0.11498378944627871,-0.1830632911895976,-0.04568354916046096,-0.1165207944175059,0.009715146204529571
-0.16596732835663539,-0.26335552253310945,-0.22499696238460803,-0.26935610823500317,-0.20395847936220013,-0.16596732835663539,-0.26335552253310945,-0.22533481644759987,-0.26935610823500317,-0.20395847936220013,-0.16596732835663539,-0.26335552253310945,-0.22499696238460803,-0.26935610823500317,-0.20395847936220013,-0.16596732835663539,-0.26335552253310945,-0.22499696238460803,-0.12641417456039,-0.20395847936220013,-0.1398923593193424,-0.26335552253310945,-0.22499696238460803,-0.26900668512175224,-0.20395847936220013,-0.2187657413038246,0.008533986642857585
-0.14946453221662043,-0.29623461623126124,-0.2062559470551648,-0.2802776127813294,-0.2769324282505081,-0.14946453221662043,-0.29623461623126124,-0.2062204235780231,-0.2802776127813294,-0.2769324282505081,-0.14946453221662043,-0.29623461623126124,-0.2062559470551648,-0.2802776127813294,-0.2769324282505081,-0.14946453221662043,-0.29623461623126124,-0.2062559470551648,-0.1048725675554984,-0.2769324282505081,-0.08076650767278523,-0.29623461623126124,-0.2062559470551648,-0.28028660207867667,-0.2769324282505081,-0.23206784314899842,0.012987904928094965
-0.040236130525770825,-0.09346491044559108,-0.0738916786519022,-0.057631368766494266,-0.17675962027479358,-0.040236130525770825,-0.09346491044559108,-0.0738416685278573,-0.057631368766494266,-0.17675962027479358,-0.040236130525770825,-0.09346491044559108,-0.0738916786519022,-0.057631368766494266,-0.17675962027479358,-0.040236130525770825,-0.09346491044559108,-0.0738916786519022,-0.026155327726265273,-0.17675962027479358,-0.03283586704872226,-0.09346491044559108,-0.0738916786519022,-0.057521718243955744,-0.17675962027479358,-0.08683530312635596,0.009623087814190958
-0.29498638518398357,-0.2362244864859343,-0.28061826491558706,-0.2386718106863285,-0.31374074654041073,-0.29498638518398357,-0.2362244864859343,-0.28066712965718504,-0.2386718106863285,-0.31374074654041073,-0.29498638518398357,-0.2362244864859343,-0.28061826491558706,-0.2386718106863285,-0.31374074654041073,-0.29498638518398357,-0.2362244864859343,-0.28061826491558706,-0.1107912544302658,-0.31374074654041073,-0.16733776206253312,-0.2362244864859343,-0.28061826491558706,-0.2384574702582222,-0.31374074654041073,-0.2626205525598879,0.009347735053403887
-0.12094217094736003,-0.01954053526838223,-0.09229882333308757,0.08223840483787997,0.05470866772706059,-0.12094217094736003,-0.01954053526838223,-0.09233248009318482,0.08223840483787997,0.05470866772706059,-0.12094217094736003,-0.01954053526838223,-0.09229882333308757,0.08223840483787997,0.05470866772706059,-0.12094217094736003,-0.01954053526838223,-0.09229882333308757,0.028977392864959484,0.05470866772706059,-0.06692949335979763,-0.01954053526838223,-0.09229882333308757,0.08233969585785787,0.05470866772706059,-0.019134119401796955,0.014739775676996202
-0.12974458381860754,-0.10585860355862371,-0.1733648719960613,-0.03930579598097363,-0.10130132704133847,-0.12974458381860754,-0.10585860355862371,-0.17334928655249968,-0.03930579598097363,-0.10130132704133847,-0.12974458381860754,-0.10585860355862371,-0.1733648719960613,-0.03930579598097363,-0.10130132704133847,-0.12974458381860754,-0.10585860355862371,-0.1733648719960613,-0.010556275989130965,-0.10130132704133847,-0.06318066901390193,-0.10585860355862371,-0.1733648719960613,-0.03947434380432794,-0.10130132704133847,-0.1061086175824507,0.009094923102559717
-0.13337581783271366,-0.1567699191851842,-0.18481943715393917,-0.1406403751748273,-0.08040458730057287,-0.13337581783271366,-0.1567699191851842,-0.18473943200959028,-0.1406403751748273,-0.08040458730057287,-0.13337581783271366,-0.1567699191851842,-0.18481943715393917,-0.1406403751748273,-0.08040458730057287,-0.13337581783271366,-0.1567699191851842,-0.18481943715393917,-0.06537564145374541,-0.08040458730057287,-0.08938430680934688,-0.1567699191851842,-0.18481943715393917,-0.14071300221982228,-0.08040458730057287,-0.1344314824156953,0.00751754388485114
0.012214632332342098,0.05095558227090072,-0.10065873369728436,-0.059952960457875855,-0.00555843955214658,0.012214632332342098,0.05095558227090072,-0.10065141227758455,-0.059952960457875855,-0.00555843955214658,0.012214632332342098,0.05095558227090072,-0.10065873369728436,-0.059952960457875855,-0.00555843955214658,0.012214632332342098,0.05095558227090072,-0.10065873369728436,-0.02307290296757439,-0.00555843955214658,0.001992208549600523,0.05095558227090072,-0.10065873369728436,-0.059985978263385115,-0.00555843955214658,-0.019534706327942776,0.010360476338343041
0.03777962740338593,-0.017579736437253336,0.0170888389813405,-0.09925201779263652,-0.045659035190051746,0.03777962740338593,-0.017579736437253336,0.01692807223305071,-0.09925201779263652,-0.045659035190051746,0.03777962740338593,-0.017579736437253336,0.0170888389813405,-0.09925201779263652,-0.045659035190051746,0.03777962740338593,-0.017579736437253336,0.0170888389813405,-0.05048864387234858,-0.045659035190051746,0.0031422568160654582,-0.017579736437253336,0.0170888389813405,-0.09926496115260536,-0.045659035190051746,-0.02096637287805468,0.008780093410457651
-0.09167536384367213,-0.10489377700587263,-0.1624545245907602,-0.08214331996980424,-0.12799905452996613,-0.09167536384367213,-0.10489377700587263,-0.1625448802182929,-0.08214331996980424,-0.12799905452996613,-0.09167536384367213,-0.10489377700587263,-0.1624545245907602,-0.08214331996980424,-0.12799905452996613,-0.09167536384367213,-0.10489377700587263,-0.1624545245907602,-0.035569114989409026,-0.12799905452996613,-0.04959685510216786,-0.10489377700587263,-0.1624545245907602,-0.08190717895646664,-0.12799905452996613,-0.1102812680237069,0.0066983291613704
-0.09777150071035674,0.0021792699968162634,-0.11301804496943692,-3.842289438099257e-05,-0.18852448157102347,-0.09777150071035674,0.0021792699968162634,-0.11315005465198812,-3.842289438099257e-05,-0.18852448157102347,-0.09777150071035674,0.0021792699968162634,-0.11301804496943692,-3.842289438099257e-05,-0.18852448157102347,-0.09777150071035674,0.0021792699968162634,-0.11301804496943692,-0.003475077932534201,-0.18852448157102347,-0.058505331607037095,0.0021792699968162634,-0.11301804496943692,0.00021446846473917384,-0.18852448157102347,-0.07799662020000696,0.014207887431721033
-0.13470389387443676,0.018224549201095685,-0.07433228896575785,0.022385201404647025,-0.19240474801729215,-0.13470389387443676,0.018224549201095685,-0.07422710386797027,0.022385201404647025,-0.19240474801729215,-0.13470389387443676,0.018224549201095685,-0.07433228896575785,0.022385201404647025,-0.19240474801729215,-0.13470389387443676,0.018224549201095685,-0.07433228896575785,-0.025793197943135907,-0.19240474801729215,-0.13532214101314177,0.018224549201095685,-0.07433228896575785,0.022457487438932913,-0.19240474801729215,-0.07411100306452537,0.016201802560752317
-0.22253652817288141,-0.20360053316972077,-0.15017455434132873,-0.20541373784099023,-0.21184217493944393,-0.22253652817288141,-0.20360053316972077,-0.1502308837390479,-0.20541373784099023,-0.21184217493944393,-0.22253652817288141,-0.20360053316972077,-0.15017455434132873,-0.20541373784099023,-0.21184217493944393,-0.22253652817288141,-0.20360053316972077,-0.15017455434132873,-0.10654342334005927,-0.21184217493944393,-0.16220719592416513,-0.20360053316972077,-0.15017455434132873,-0.20548645455812767,-0.21184217493944393,-0.1923506816674814,0.006079284251526093
-0.14663640746136708,-0.06464216966718234,-0.08406447699988792,-0.03654789743460918,-0.12265727756498303,-0.14663640746136708,-0.06464216966718234,-0.0840237982106585,-0.03654789743460918,-0.12265727756498303,-0.14663640746136708,-0.06464216966718234,-0.08406447699988792,-0.03654789743460918,-0.12265727756498303,-0.14663640746136708,-0.06464216966718234,-0.08406447699988792,-0.034682695350005614,-0.12265727756498303,-0.11201249285914303,-0.06464216966718234,-0.08406447699988792,-0.03678035576181906,-0.12265727756498303,-0.08945775233965202,0.007493162993280551
-0.00559807446959389,-0.03758948736782458,-0.1184859789723644,-0.09140808707937491,-0.10250798479451737,-0.00559807446959389,-0.03758948736782458,-0.11844992558475179,-0.09140808707937491,-0.10250798479451737,-0.00559807446959389,-0.03758948736782458,-0.1184859789723644,-0.09140808707937491,-0.10250798479451737,-0.00559807446959389,-0.03758948736782458,-0.1184859789723644,-0.03234583827541839,-0.10250798479451737,-0.009748294668715329,-0.03758948736782458,-0.1184859789723644,-0.09149184723655783,-0.10250798479451737,-0.06892334966332445,0.008388030167030523
-0.21096548715494007,-0.2476237390033767,-0.3427738347151355,-0.3098320686974633,-0.2293300573592837,-0.21096548715494007,-0.2476237390033767,-0.3425396683871945,-0.3098320686974633,-0.2293300573592837,-0.21096548715494007,-0.2476237390033767,-0.3427738347151355,-0.3098320686974633,-0.2293300573592837,-0.21096548715494007,-0.2476237390033767,-0.3427738347151355,-0.12519379900560937,-0.2293300573592837,-0.12500304779045351,-0.2476237390033767,-0.3427738347151355,-0.3099716644532855,-0.2293300573592837,-0.2572772262009015,0.012118889995114533
-0.16279555064741652,-0.14016627418249702,-0.2052490953631273,-0.22231846807715516,-0.20720949171021497,-0.16279555064741652,-0.14016627418249702,-0.20506677476521584,-0.22231846807715516,-0.20720949171021497,-0.16279555064741652,-0.14016627418249702,-0.2052490953631273,-0.22231846807715516,-0.20720949171021497,-0.16279555064741652,-0.14016627418249702,-0.2052490953631273,-0.10305681936522348,-0.20720949171021497,-0.11303222199095338,-0.14016627418249702,-0.2052490953631273,-0.22240405148027684,-0.20720949171021497,-0.18078290741355482,0.007185248571511195
0.04123503839520416,0.13700965472477927,-0.0582077409933388,-0.01926481165197008,-0.14155239382450582,0.04123503839520416,0.13700965472477927,-0.058344990121242224,-0.01926481165197008,-0.14155239382450582,0.04123503839520416,0.13700965472477927,-0.0582077409933388,-0.01926481165197008,-0.14155239382450582,0.04123503839520416,0.13700965472477927,-0.0582077409933388,0.001707305322100394,-0.14155239382450582,0.03101376553754748,0.13700965472477927,-0.0582077409933388,-0.01936088746209771,-0.14155239382450582,-0.0077353499028309436,0.01834535215793355
-0.00454365988745578,0.06505044950059276,-0.040754640314070084,0.0924115557002851,-0.15850612213401907,-0.00454365988745578,0.06505044950059276,-0.041003191774285616,0.0924115557002851,-0.15850612213401907,-0.00454365988745578,0.06505044950059276,-0.040754640314070084,0.0924115557002851,-0.15850612213401907,-0.00454365988745578,0.06505044950059276,-0.040754640314070084,0.03405449364922712,-0.15850612213401907,-0.0030820016046744936,0.06505044950059276,-0.040754640314070084,0.09283826680487949,-0.15850612213401907,-0.011537173191889329,0.016973578627254588
0.5099532785539966,0.3845904351858152,0.3129947188743307,0.5093022960227591,0.34201453807359655,0.5099532785539966,0.3845904351858152,0.31297886023961385,0.5093022960227591,0.34201453807359655,0.5099532785539966,0.3845904351858152,0.3129947188743307,0.5093022960227591,0.34201453807359655,0.5099532785539966,0.3845904351858152,0.3129947188743307,0.22835715426229,0.34201453807359655,0.29556806481017706,0.3845904351858152,0.3129947188743307,0.5093424022892622,0.34201453807359655,0.3919588090271995,0.017131060601772954
0.15532401815748884,0.03888178433818843,0.0043941797701269785,0.04659079246999606,0.038898630445423056,0.15532401815748884,0.03888178433818843,0.00447637121768327,0.04659079246999606,0.038898630445423056,0.15532401815748884,0.03888178433818843,0.0043941797701269785,0.04659079246999606,0.038898630445423056,0.15532401815748884,0.03888178433818843,0.0043941797701269785,0.03736999185589682,0.038898630445423056,0.1174010206811709,0.03888178433818843,0.0043941797701269785,0.04659346993292687,0.038898630445423056,0.05493552386904747,0.009618790688163424
-0.3051028587169844,-0.24349968713046138,-0.3131911156746881,-0.27630487516504404,-0.3864648226568302,-0.3051028587169844,-0.24349968713046138,-0.3132253252642559,-0.27630487516504404,-0.3864648226568302,-0.3051028587169844,-0.24349968713046138,-0.3131911156746881,-0.27630487516504404,-0.3864648226568302,-0.3051028587169844,-0.24349968713046138,-0.3131911156746881,-0.11475590637750091,-0.3864648226568302,-0.17328077261057273,-0.24349968713046138,-0.3131911156746881,-0.2763842897748725,-0.3864648226568302,-0.2931823746410193,0.012756329204383961
-0.2873177946788865,-0.35170645956935437,-0.36033160904787886,-0.30770310168358994,-0.3745873787523131,-0.2873177946788865,-0.35170645956935437,-0.36031545953974803,-0.30770310168358994,-0.3745873787523131,-0.2873177946788865,-0.35170645956935437,-0.36033160904787886,-0.30770310168358994,-0.3745873787523131,-0.2873177946788865,-0.35170645956935437,-0.36033160904787886,-0.1392169969299071,-0.3745873787523131,-0.19128116750280771,-0.35170645956935437,-0.36033160904787886,-0.30772740880490795,-0.3745873787523131,-0.3257486857737416,0.011187830590012573
0.34239152890957164,0.2660781633570913,0.23016995084379663,0.2718611803841278,0.17624008495257823,0.34239152890957164,0.2660781633570913,0.23018319574293916,0.2718611803841278,0.17624008495257823,0.34239152890957164,0.2660781633570913,0.23016995084379663,0.2718611803841278,0.17624008495257823,0.34239152890957164,0.2660781633570913,0.23016995084379663,0.13263537284985671,0.17624008495257823,0.20169175133120354,0.2660781633570913,0.23016995084379663,0.2719118534067013,0.17624008495257823,0.24615371500179622,0.011249459983021296
0.32792153336421187,0.279162282812781,0.36419635702125286,0.3748445538885973,0.27216160657993943,0.32792153336421187,0.279162282812781,0.3642623592867157,0.3748445538885973,0.27216160657993943,0.32792153336421187,0.279162282812781,0.36419635702125286,0.3748445538885973,0.27216160657993943,0.32792153336421187,0.279162282812781,0.36419635702125286,0.14685627138157717,0.27216160657993943,0.15913357804485231,0.279162282812781,0.36419635702125286,0.3751647045624068,0.27216160657993943,0.30780166333787223,0.012026143137848826
0.38350234652215953,0.29763518015228924,0.4637606222838623,0.540778069964522,0.40753448670828424,0.38350234652215953,0.29763518015228924,0.463699644325991,0.540778069964522,0.40753448670828424,0.38350234652215953,0.29763518015228924,0.4637606222838623,0.540778069964522,0.40753448670828424,0.38350234652215953,0.29763518015228924,0.4637606222838623,0.21829784191662546,0.40753448670828424,0.2047404438596954,0.29763518015228924,0.4637606222838623,0.5411551604813456,0.40753448670828424,0.39860510040016706,0.01858693197341214
-0.23037789385778815,-0.3317549162513269,-0.22684630839754358,-0.1469850657426545,-0.22921567466985576,-0.23037789385778815,-0.3317549162513269,-0.22694821159624845,-0.1469850657426545,-0.22921567466985576,-0.23037789385778815,-0.3317549162513269,-0.22684630839754358,-0.1469850657426545,-0.22921567466985576,-0.23037789385778815,-0.3317549162513269,-0.22684630839754358,-0.06252299149465768,-0.22921567466985576,-0.14114904091967742,-0.3317549162513269,-0.22684630839754358,-0.1468842237454517,-0.22921567466985576,-0.22608837714444951,0.01329929148564265
-0.21447532544003034,-0.23410604139419203,-0.22998869939112215,-0.12762203531344846,-0.15392120052858246,-0.21447532544003034,-0.23410604139419203,-0.22996940168194038,-0.12762203531344846,-0.15392120052858246,-0.21447532544003034,-0.23410604139419203,-0.22998869939112215,-0.12762203531344846,-0.15392120052858246,-0.21447532544003034,-0.23410604139419203,-0.22998869939112215,-0.03940947284525126,-0.15392120052858246,-0.09728723043944465,-0.23410604139419203,-0.22998869939112215,-0.1278336337942345,-0.15392120052858246,-0.18381432614558796,0.010559684283395024
-0.19124995967970068,-0.232501077533936,-0.13712744592924575,-0.13887880183935472,-0.21457830906797337,-0.19124995967970068,-0.232501077533936,-0.13703367903216723,-0.13887880183935472,-0.21457830906797337,-0.19124995967970068,-0.232501077533936,-0.13712744592924575,-0.13887880183935472,-0.21457830906797337,-0.19124995967970068,-0.232501077533936,-0.13712744592924575,-0.05837219739400707,-0.21457830906797337,-0.08910753579659238,-0.232501077533936,-0.13712744592924575,-0.13877114684462485,-0.21457830906797337,-0.17555310080123154,0.009510945470323306
0.21625166983681698,0.2827939166763588,0.31322596209871967,0.26591633288604843,0.23641955244551463,0.21625166983681698,0.2827939166763588,0.31317467605956806,0.26591633288604843,0.23641955244551463,0.21625166983681698,0.2827939166763588,0.31322596209871967,0.26591633288604843,0.23641955244551463,0.21625166983681698,0.2827939166763588,0.31322596209871967,0.09398825220285095,0.23641955244551463,0.12023443486352871,0.2827939166763588,0.31322596209871967,0.2658326444413281,0.23641955244551463,0.2521982751830774,0.01059062678514713
0.09157262447977896,0.07723767835357558,-0.0022058674417093846,0.005608525269656354,-0.029961307977420106,0.09157262447977896,0.07723767835357558,-0.0022780031233299663,0.005608525269656354,-0.029961307977420106,0.09157262447977896,0.07723767835357558,-0.0022058674417093846,0.005608525269656354,-0.029961307977420106,0.09157262447977896,0.07723767835357558,-0.0022058674417093846,-0.026288244319069485,-0.029961307977420106,-0.02236163698375403,0.07723767835357558,-0.0022058674417093846,0.005736340991865939,-0.029961307977420106,0.02261931649630948,0.009315915206640392
-0.25098218290317864,-0.34616908548977765,-0.3663867798308769,-0.2871352447192193,-0.25591546662758596,-0.25098218290317864,-0.34616908548977765,-0.36653436995491034,-0.2871352447192193,-0.25591546662758596,-0.25098218290317864,-0.34616908548977765,-0.3663867798308769,-0.2871352447192193,-0.25591546662758596,-0.25098218290317864,-0.34616908548977765,-0.3663867798308769,-0.14469518523520927,-0.25591546662758596,-0.19447860603417427,-0.34616908548977765,-0.3663867798308769,-0.2868999727725893,-0.25591546662758596,-0.29335649918710327,0.011559933642771641
0.06886612263135193,-0.0023553504556610796,0.09460616022002745,0.08420181235878733,0.10127287901801663,0.06886612263135193,-0.0023553504556610796,0.09445863931914991,0.08420181235878733,0.10127287901801663,0.06886612263135193,-0.0023553504556610796,0.09460616022002745,0.08420181235878733,0.10127287901801663,0.06886612263135193,-0.0023553504556610796,0.09460616022002745,0.045338786388442895,0.10127287901801663,0.03057506380709135,-0.0023553504556610796,0.09460616022002745,0.08418019457709675,0.10127287901801663,0.06622539581541753,0.007514512237929267
-0.038830684773852646,0.04161109236691178,-0.08013208355079102,0.054557946698993935,-0.018047591033615584,-0.038830684773852646,0.04161109236691178,-0.08019634204744025,0.054557946698993935,-0.018047591033615584,-0.038830684773852646,0.04161109236691178,-0.08013208355079102,0.054557946698993935,-0.018047591033615584,-0.038830684773852646,0.04161109236691178,-0.08013208355079102,0.011686044965162633,-0.018047591033615584,-0.04545567120500047,0.04161109236691178,-0.08013208355079102,0.05438489619896506,-0.018047591033615584,-0.010157631944936995,0.009603213220825014
-0.3912094717831202,-0.2124619989908511,-0.368548216626077,-0.29618736114813915,-0.39760493641653205,-0.3912094717831202,-0.2124619989908511,-0.36853878329517953,-0.29618736114813915,-0.39760493641653205,-0.3912094717831202,-0.2124619989908511,-0.368548216626077,-0.29618736114813915,-0.39760493641653205,-0.3912094717831202,-0.2124619989908511,-0.368548216626077,-0.1304080053021271,-0.39760493641653205,-0.2151774423441496,-0.2124619989908511,-0.368548216626077,-0.29626611961084603,-0.39760493641653205,-0.3195327145868169,0.01613374304169661
-0.2738078435144597,-0.19333838753274765,-0.2827569788331577,-0.252784294301204,-0.346594737238408,-0.2738078435144597,-0.19333838753274765,-0.28283536657073816,-0.252784294301204,-0.346594737238408,-0.2738078435144597,-0.19333838753274765,-0.2827569788331577,-0.252784294301204,-0.346594737238408,-0.2738078435144597,-0.19333838753274765,-0.2827569788331577,-0.11558724869353602,-0.346594737238408,-0.1708726056358392,-0.19333838753274765,-0.2827569788331577,-0.2530831532061452,-0.346594737238408,-0.2602662468102447,0.011901435008969966
0.14979642004981306,0.08109259728675429,0.0166248244021633,0.09791742347646192,0.02712117437784432,0.14979642004981306,0.08109259728675429,0.016540365860110828,0.09791742347646192,0.02712117437784432,0.14979642004981306,0.08109259728675429,0.0166248244021633,0.09791742347646192,0.02712117437784432,0.14979642004981306,0.08109259728675429,0.0166248244021633,0.02095750150890242,0.02712117437784432,0.039332973437886734,0.08109259728675429,0.0166248244021633,0.09814511090548242,0.02712117437784432,0.06701928233090668,0.009264112119003652
-0.19302260641962835,-0.17554939215764903,-0.2701449038202689,-0.21950498091595103,-0.2460662028554554,-0.19302260641962835,-0.17554939215764903,-0.27029904660601506,-0.21950498091595103,-0.2460662028554554,-0.19302260641962835,-0.17554939215764903,-0.2701449038202689,-0.21950498091595103,-0.2460662028554554,-0.19302260641962835,-0.17554939215764903,-0.2701449038202689,-0.08442565922162346,-0.2460662028554554,-0.10152976628483165,-0.17554939215764903,-0.2701449038202689,-0.21960753096403174,-0.2460662028554554,-0.21180499847397857,0.009568635629392197
-0.3070969652988406,-0.27310582651816373,-0.40909785551162997,-0.35104308685280267,-0.14488921679457806,-0.3070969652988406,-0.27310582651816373,-0.40916298504192394,-0.35104308685280267,-0.14488921679457806,-0.3070969652988406,-0.27310582651816373,-0.40909785551162997,-0.35104308685280267,-0.14488921679457806,-0.3070969652988406,-0.27310582651816373,-0.40909785551162997,-0.11971716680809028,-0.14488921679457806,-0.13003931192449567,-0.27310582651816373,-0.40909785551162997,-0.35107381255135284,-0.14488921679457806,-0.28071508146759444,0.019460263627238555
-0.010641662347682742,-0.01939385828254003,-0.12094578995482017,0.04992778965828822,0.10199670844949497,-0.010641662347682742,-0.01939385828254003,-0.12106006172405193,0.04992778965828822,0.10199670844949497,-0.010641662347682742,-0.01939385828254003,-0.12094578995482017,0.04992778965828822,0.10199670844949497,-0.010641662347682742,-0.01939385828254003,-0.12094578995482017,0.013336887168492519,0.10199670844949497,-0.023606352365128154,-0.01939385828254003,-0.12094578995482017,0.05026823581106257,0.10199670844949497,-0.0017845392203998894,0.014580180026936495
0.3892232163002878,0.24430090205434277,0.29661019450969006,0.35364341048158743,0.49892780371737666,0.3892232163002878,0.24430090205434277,0.29669199144407443,0.35364341048158743,0.49892780371737666,0.3892232163002878,0.24430090205434277,0.29661019450969006,0.35364341048158743,0.49892780371737666,0.3892232163002878,0.24430090205434277,0.29661019450969006,0.1683105405305691,0.49892780371737666,0.22208695403339027,0.24430090205434277,0.29661019450969006,0.35350332368574044,0.49892780371737666,0.3424400085294819,0.019020332798581414
0.038769351883870214,0.04206483271996379,-0.0844765366616915,0.027424194452668044,0.050925103952340435,0.038769351883870214,0.04206483271996379,-0.0842297711156683,0.027424194452668044,0.050925103952340435,0.038769351883870214,0.04206483271996379,-0.0844765366616915,0.027424194452668044,0.050925103952340435,0.038769351883870214,0.04206483271996379,-0.0844765366616915,0.01873301312000488,0.050925103952340435,0.01374890148506648,0.04206483271996379,-0.0844765366616915,0.02739665876224383,0.050925103952340435,0.013601693194395484,0.009796998802253255
-0.2585882741401727,-0.09112431792925314,-0.23930734970931813,-0.09253515317652401,-0.21127373469672908,-0.2585882741401727,-0.09112431792925314,-0.23925853511581407,-0.09253515317652401,-0.21127373469672908,-0.2585882741401727,-0.09112431792925314,-0.23930734970931813,-0.09253515317652401,-0.21127373469672908,-0.2585882741401727,-0.09112431792925314,-0.23930734970931813,-0.04634662415064047,-0.21127373469672908,-0.14081772209467175,-0.09112431792925314,-0.23930734970931813,-0.09268221712499415,-0.21127373469672908,-0.1720113326617427,0.01441408787830075
-0.25794157110821764,-0.3451601999146259,-0.42163270122310864,-0.3064876415449557,-0.3059898824960333,-0.25794157110821764,-0.3451601999146259,-0.42166438685958413,-0.3064876415449557,-0.3059898824960333,-0.25794157110821764,-0.3451601999146259,-0.42163270122310864,-0.3064876415449557,-0.3059898824960333,-0.25794157110821764,-0.3451601999146259,-0.42163270122310864,-0.12909910930823001,-0.3059898824960333,-0.16163496775330946,-0.3451601999146259,-0.42163270122310864,-0.30643067748159203,-0.3059898824960333,-0.31649358269664735,0.01431251192750619
-0.10133639680606189,-0.082500052831716,-0.15008157311713496,-0.09651470104874195,-0.019527914525845905,-0.10133639680606189,-0.082500052831716,-0.14993845978397013,-0.09651470104874195,-0.019527914525845905,-0.10133639680606189,-0.082500052831716,-0.15008157311713496,-0.09651470104874195,-0.019527914525845905,-0.10133639680606189,-0.082500052831716,-0.15008157311713496,-0.009943993274243895,-0.019527914525845905,-0.029424533387808108,-0.082500052831716,-0.15008157311713496,-0.09662305068839196,-0.019527914525845905,-0.08365143427044947,0.009021394180559533
-0.029940930663051958,-0.03707914351399094,-0.0336258549075376,0.07200299355983217,0.09873462214162418,-0.029940930663051958,-0.03707914351399094,-0.03379906293706607,0.07200299355983217,0.09873462214162418,-0.029940930663051958,-0.03707914351399094,-0.0336258549075376,0.07200299355983217,0.09873462214162418,-0.029940930663051958,-0.03707914351399094,-0.0336258549075376,0.04536098600889417,0.09873462214162418,-0.00566923688529302,-0.03707914351399094,-0.0336258549075376,0.07179955540936292,0.09873462214162418,0.013908458925248099,0.011288526978148245
0.31990295838325494,0.31501941192886895,0.36445673154665453,0.5334865614776547,0.3854736909066585,0.31990295838325494,0.31501941192886895,0.3644860928365295,0.5334865614776547,0.3854736909066585,0.31990295838325494,0.31501941192886895,0.36445673154665453,0.5334865614776547,0.3854736909066585,0.31990295838325494,0.31501941192886895,0.36445673154665453,0.23113156097345733,0.3854736909066585,0.2048541593748289,0.31501941192886895,0.36445673154665453,0.5335930045166366,0.3854736909066585,0.36697715104126777,0.016630789785507104
-0.12221409690578733,-0.1045670058162257,-0.062262766014734926,-0.08120131450078777,-0.11243192227031668,-0.12221409690578733,-0.1045670058162257,-0.06229307192782063,-0.08120131450078777,-0.11243192227031668,-0.12221409690578733,-0.1045670058162257,-0.062262766014734926,-0.08120131450078777,-0.11243192227031668,-0.12221409690578733,-0.1045670058162257,-0.062262766014734926,-0.034648462422044245,-0.11243192227031668,-0.048395836721436374,-0.1045670058162257,-0.062262766014734926,-0.08090387293043001,-0.11243192227031668,-0.0917098911847558,0.005055023797944139
0.13612139072183901,0.29399454064592245,0.20219512266087464,0.26724956219037205,0.1783446861024912,0.13612139072183901,0.29399454064592245,0.20210503805131383,0.26724956219037205,0.1783446861024912,0.13612139072183901,0.29399454064592245,0.20219512266087464,0.26724956219037205,0.1783446861024912,0.13612139072183901,0.29399454064592245,0.20219512266087464,0.11240202528968153,0.1783446861024912,0.08582077650561533,0.29399454064592245,0.20219512266087464,0.267641940871171,0.1783446861024912,0.2073872261824728,0.012425421168047296
0.1906260815909919,0.07104568754418689,0.1711077734034501,0.34198766655736373,0.10131114225326963,0.1906260815909919,0.07104568754418689,0.17113316607063966,0.34198766655736373,0.10131114225326963,0.1906260815909919,0.07104568754418689,0.1711077734034501,0.34198766655736373,0.10131114225326963,0.1906260815909919,0.07104568754418689,0.1711077734034501,0.15094720578521373,0.10131114225326963,0.12477953257125401,0.07104568754418689,0.1711077734034501,0.3420067213485491,0.10131114225326963,0.1649419677765119,0.01729172328761738
0.6223484527810048,0.3779461362771508,0.4978688331550432,0.5717181549050198,0.44922807235045015,0.6223484527810048,0.3779461362771508,0.4977814729158745,0.5717181549050198,0.44922807235045015,0.6223484527810048,0.3779461362771508,0.4978688331550432,0.5717181549050198,0.44922807235045015,0.6223484527810048,0.3779461362771508,0.4978688331550432,0.2561676006570321,0.44922807235045015,0.37037185355796975,0.3779461362771508,0.4978688331550432,0.5716810230679806,0.44922807235045015,0.4811158640718447,0.01902166446044321
0.01672755870942137,-0.05163056701095564,-0.032198348282595365,0.12132163291185712,0.07017931778377136,0.01672755870942137,-0.05163056701095564,-0.03210867900156318,0.12132163291185712,0.07017931778377136,0.01672755870942137,-0.05163056701095564,-0.032198348282595365,0.12132163291185712,0.07017931778377136,0.01672755870942137,-0.05163056701095564,-0.032198348282595365,0.04890301841943456,0.07017931778377136,0.026250815671342208,-0.05163056701095564,-0.032198348282595365,0.12160610805219897,0.07017931778377136,0.022379070297934657,0.012010015650494582
0.09174392568540968,0.07102326696946504,0.03277844561064971,0.13726762171500334,-0.07461101976606964,0.09174392568540968,0.07102326696946504,0.032883313248185365,0.13726762171500334,-0.07461101976606964,0.09174392568540968,0.07102326696946504,0.03277844561064971,0.13726762171500334,-0.07461101976606964,0.09174392568540968,0.07102326696946504,0.03277844561064971,0.05099784335498744,-0.07461101976606964,0.04394804249783319,0.07102326696946504,0.03277844561064971,0.13723875391684875,-0.07461101976606964,0.04628086157456317,0.013499190046351587
0.08928787110291803,0.01694190576462612,-0.004128372148102398,-0.0010034868714550087,-0.046578194523641744,0.08928787110291803,0.01694190576462612,-0.003957721439960362,-0.0010034868714550087,-0.046578194523641744,0.08928787110291803,0.01694190576462612,-0.004128372148102398,-0.0010034868714550087,-0.046578194523641744,0.08928787110291803,0.01694190576462612,-0.004128372148102398,0.017847778962070016,-0.046578194523641744,0.0690987938367599,0.01694190576462612,-0.004128372148102398,-0.001052141740485765,-0.046578194523641744,0.010855312041128122,0.008449604857906844
-0.04444777975748091,-0.10709550319131059,-0.04114115287544647,-0.08106437731054937,-0.0900555611967659,-0.04444777975748091,-0.10709550319131059,-0.04108892779841162,-0.08106437731054937,-0.0900555611967659,-0.04444777975748091,-0.10709550319131059,-0.04114115287544647,-0.08106437731054937,-0.0900555611967659,-0.04444777975748091,-0.10709550319131059,-0.04114115287544647,-0.021510139219766283,-0.0900555611967659,0.00047220993842938673,-0.10709550319131059,-0.04114115287544647,-0.08101191392704954,-0.0900555611967659,-0.06857771821642153,0.006003320368657387
-0.10667061538497828,-0.17116484147422056,-0.12224790737612574,-0.10082851651682695,-0.12643057064773974,-0.10667061538497828,-0.17116484147422056,-0.12236280566534793,-0.10082851651682695,-0.12643057064773974,-0.10667061538497828,-0.17116484147422056,-0.12224790737612574,-0.10082851651682695,-0.12643057064773974,-0.10667061538497828,-0.17116484147422056,-0.12224790737612574,-0.05613394121457889,-0.12643057064773974,-0.08475378263615992,-0.17116484147422056,-0.12224790737612574,-0.10074274337839913,-0.12643057064773974,-0.12280519896396737,0.0056337405840484805
-0.017215262576305526,-0.09728825667663206,-0.14381313580546706,-0.1644184342808622,0.009083605344077615,-0.017215262576305526,-0.09728825667663206,-0.1436747430448333,-0.1644184342808622,0.009083605344077615,-0.017215262576305526,-0.09728825667663206,-0.14381313580546706,-0.1644184342808622,0.009083605344077615,-0.017215262576305526,-0.09728825667663206,-0.14381313580546706,-0.05230665390558621,0.009083605344077615,-0.03398085927577295,-0.09728825667663206,-0.14381313580546706,-0.1642924690223306,0.009083605344077615,-0.07890587513123888,0.01292724525322286
-0.06946511775215043,-0.08066212027756821,-0.21220264503472125,-0.1912043582692278,-0.1413155699914405,-0.06946511775215043,-0.08066212027756821,-0.21200961870205462,-0.1912043582692278,-0.1413155699914405,-0.06946511775215043,-0.08066212027756821,-0.21220264503472125,-0.1912043582692278,-0.1413155699914405,-0.06946511775215043,-0.08066212027756821,-0.21220264503472125,-0.07300277496023896,-0.1413155699914405,-0.07809155549917066,-0.08066212027756821,-0.21220264503472125,-0.1913541456860053,-0.1413155699914405,-0.13458522688590732,0.011207396017833035
-0.3894382445992809,-0.3584610313559538,-0.36856906371556014,-0.3441473971180227,-0.37841589344266086,-0.3894382445992809,-0.3584610313559538,-0.36863953306536396,-0.3441473971180227,-0.37841589344266086,-0.3894382445992809,-0.3584610313559538,-0.36856906371556014,-0.3441473971180227,-0.37841589344266086,-0.3894382445992809,-0.3584610313559538,-0.36856906371556014,-0.14161234302819803,-0.37841589344266086,-0.22089799827593198,-0.3584610313559538,-0.36856906371556014,-0.3444552951268455,-0.37841589344266086,-0.35297844872411377,0.010550092937975495
0.29290423926593945,0.26752079442900634,0.4467110858617293,0.38352194619147945,0.12761405872848056,0.29290423926593945,0.26752079442900634,0.44683763799321835,0.38352194619147945,0.12761405872848056,0.29290423926593945,0.26752079442900634,0.4467110858617293,0.38352194619147945,0.12761405872848056,0.29290423926593945,0.26752079442900634,0.4467110858617293,0.16416921246853292,0.12761405872848056,0.17300159460102052,0.26752079442900634,0.4467110858617293,0.3831194606351693,0.12761405872848056,0.29007317242281944,0.02224582799882384
0.2592363210001477,0.25690165243671903,0.3543936018235859,0.2669475607509671,0.25632689442027967,0.2592363210001477,0.25690165243671903,0.35436509268817673,0.2669475607509671,0.25632689442027967,0.2592363210001477,0.25690165243671903,0.3543936018235859,0.2669475607509671,0.25632689442027967,0.2592363210001477,0.25690165243671903,0.3543936018235859,0.14468244927031887,0.25632689442027967,0.16998839298085683,0.25690165243671903,0.3543936018235859,0.2665956047856416,0.25632689442027967,0.2702854659023129,0.009892260657858764
0.8047932637418435,0.7753294334116715,0.9844168322506907,0.8347132260482939,0.7150193268188353,0.8047932637418435,0.7753294334116715,0.9844575980681363,0.8347132260482939,0.7150193268188353,0.8047932637418435,0.7753294334116715,0.9844168322506907,0.8347132260482939,0.7150193268188353,0.8047932637418435,0.7753294334116715,0.9844168322506907,0.3564964536731978,0.7150193268188353,0.44799135744323526,0.7753294334116715,0.9844168322506907,0.8347107323312243,0.7150193268188353,0.7894552001913339,0.02860747768047689
-0.03479143606172999,0.12610681947034982,0.1557482326657876,0.12296495887659907,0.046774697439831835,-0.03479143606172999,0.12610681947034982,0.1555915176556901,0.12296495887659907,0.046774697439831835,-0.03479143606172999,0.12610681947034982,0.1557482326657876,0.12296495887659907,0.046774697439831835,-0.03479143606172999,0.12610681947034982,0.1557482326657876,0.02647927858267957,0.046774697439831835,-0.04743700512128468,0.12610681947034982,0.1557482326657876,0.12334684034524294,0.046774697439831835,0.07900441116237053,0.013812989371214297
-0.041664341901116196,-0.1345072321460157,-0.0989443960356315,-0.13837551284326605,-0.11684146576407706,-0.041664341901116196,-0.1345072321460157,-0.09930772243063594,-0.13837551284326605,-0.11684146576407706,-0.041664341901116196,-0.1345072321460157,-0.0989443960356315,-0.13837551284326605,-0.11684146576407706,-0.041664341901116196,-0.1345072321460157,-0.0989443960356315,-0.05494098141156219,-0.11684146576407706,-0.03863253359954691,-0.1345072321460157,-0.0989443960356315,-0.1383040596869281,-0.11684146576407706,-0.10261961107823706,0.007070960727648198
0.47409081852434176,0.36659844631647703,0.3037406016291973,0.30149033627844946,0.35546083982372984,0.47409081852434176,0.36659844631647703,0.3034501120242799,0.30149033627844946,0.35546083982372984,0.47409081852434176,0.36659844631647703,0.3037406016291973,0.30149033627844946,0.35546083982372984,0.47409081852434176,0.36659844631647703,0.3037406016291973,0.14311439640556084,0.35546083982372984,0.26497387218309715,0.36659844631647703,0.3037406016291973,0.30125628698629175,0.35546083982372984,0.3455555115099907,0.014294709143163139
0.1681700427237761,0.43826394599899254,0.29113632022343855,0.322195443150199,0.21514031419670246,0.1681700427237761,0.43826394599899254,0.2909663733818875,0.322195443150199,0.21514031419670246,0.1681700427237761,0.43826394599899254,0.29113632022343855,0.322195443150199,0.21514031419670246,0.1681700427237761,0.43826394599899254,0.29113632022343855,0.13330036850171767,0.21514031419670246,0.09364153338933531,0.43826394599899254,0.29113632022343855,0.3218988554987785,0.21514031419670246,0.2764256085195859,0.01999765755211071
-0.35596317935570015,-0.21561720209896942,-0.3724713395429152,-0.2662322543231553,-0.22570586885607408,-0.35596317935570015,-0.21561720209896942,-0.37246892330002634,-0.2662322543231553,-0.22570586885607408,-0.35596317935570015,-0.21561720209896942,-0.3724713395429152,-0.2662322543231553,-0.22570586885607408,-0.35596317935570015,-0.21561720209896942,-0.3724713395429152,-0.13209753311517097,-0.22570586885607408,-0.2295680957123274,-0.21561720209896942,-0.3724713395429152,-0.26633367975618405,-0.22570586885607408,-0.27678073700891415,0.013934779267597786
-0.021650966781008384,0.0924116060426784,-0.09539035945550602,-0.05416799101567739,0.0726454828199258,-0.021650966781008384,0.0924116060426784,-0.09554826854612009,-0.05416799101567739,0.0726454828199258,-0.021650966781008384,0.0924116060426784,-0.09539035945550602,-0.05416799101567739,0.0726454828199258,-0.021650966781008384,0.0924116060426784,-0.09539035945550602,0.006315588665108406,0.0726454828199258,0.01466594978987962,0.0924116060426784,-0.09539035945550602,-0.05443304782737697,0.0726454828199258,0.002624655536056888,0.014051356029955222
0.035736209586406664,-0.06577371627605569,0.02068852851126492,-0.08260900519941143,-0.04977825023536565,0.035736209586406664,-0.06577371627605569,0.020519571740434697,-0.08260900519941143,-0.04977825023536565,0.035736209586406664,-0.06577371627605569,0.02068852851126492,-0.08260900519941143,-0.04977825023536565,0.035736209586406664,-0.06577371627605569,0.02068852851126492,-0.02909366927066165,-0.04977825023536565,-0.016369569279059037,-0.06577371627605569,0.02068852851126492,-0.08279776954477193,-0.04977825023536565,-0.02830517328474851,0.008742007119093197
0.07720132785911818,0.187098179289405,0.08301275438972594,0.03724845006699616,0.011069364852400265,0.07720132785911818,0.187098179289405,0.0830578594225747,0.03724845006699616,0.011069364852400265,0.07720132785911818,0.187098179289405,0.08301275438972594,0.03724845006699616,0.011069364852400265,0.07720132785911818,0.187098179289405,0.08301275438972594,0.0048508023260252905,0.011069364852400265,-0.014923231322411619,0.187098179289405,0.08301275438972594,0.03741420335635973,0.011069364852400265,0.07415356134751758,0.012544332808188625
0.19916958364203494,0.3058347704776015,0.3799180241064127,0.4842109844065126,0.2888701189382928,0.19916958364203494,0.3058347704776015,0.37994056053254294,0.4842109844065126,0.2888701189382928,0.19916958364203494,0.3058347704776015,0.3799180241064127,0.4842109844065126,0.2888701189382928,0.19916958364203494,0.3058347704776015,0.3799180241064127,0.1993939235992116,0.2888701189382928,0.10307918800454346,0.3058347704776015,0.3799180241064127,0.4843546699181947,0.2888701189382928,0.3163710469338918,0.01966572789963906
0.0994615292644953,0.21792728811044648,0.09808923159486022,0.15662958119838025,0.16948708506831656,0.0994615292644953,0.21792728811044648,0.09825651706805891,0.15662958119838025,0.16948708506831656,0.0994615292644953,0.21792728811044648,0.09808923159486022,0.15662958119838025,0.16948708506831656,0.0994615292644953,0.21792728811044648,0.09808923159486022,0.08525625129550557,0.16948708506831656,0.08336967012258444,0.21792728811044648,0.09808923159486022,0.15653778281980432,0.16948708506831656,0.14482335496929324,0.009346177462762256
0.11490989933233406,0.025461327623258003,0.19434736868233857,0.1503783592064583,0.26808636157741933,0.11490989933233406,0.025461327623258003,0.19449704373240573,0.1503783592064583,0.26808636157741933,0.11490989933233406,0.025461327623258003,0.19434736868233857,0.1503783592064583,0.26808636157741933,0.11490989933233406,0.025461327623258003,0.19434736868233857,0.06798185154478412,0.26808636157741933,0.06741241875974772,0.025461327623258003,0.19434736868233857,0.15019600443003636,0.26808636157741933,0.14543959656593702,0.01641160816595088
0.1734579565209548,0.17536518178533234,0.22905589858606767,0.3565939647830022,0.17606419087136146,0.1734579565209548,0.17536518178533234,0.2292758932955933,0.3565939647830022,0.17606419087136146,0.1734579565209548,0.17536518178533234,0.22905589858606767,0.3565939647830022,0.17606419087136146,0.1734579565209548,0.17536518178533234,0.22905589858606767,0.15343642944426247,0.17606419087136146,0.11229614794562619,0.17536518178533234,0.22905589858606767,0.3560044887140527,0.17606419087136146,0.211519885498404,0.013439082670248095
0.19652113646267036,0.2672001642470898,0.20287630051884759,0.3155414717893423,0.1599983543832896,0.19652113646267036,0.2672001642470898,0.20307383273357607,0.3155414717893423,0.1599983543832896,0.19652113646267036,0.2672001642470898,0.20287630051884759,0.3155414717893423,0.1599983543832896,0.19652113646267036,0.2672001642470898,0.20287630051884759,0.16361214779694838,0.1599983543832896,0.16635196161232946,0.2672001642470898,0.20287630051884759,0.3149578985185742,0.1599983543832896,0.22112810388429696,0.01075832986323543
-0.26601897306803596,-0.2333132243539515,-0.19411292826172746,-0.1464942404796879,-0.129871244259398,-0.26601897306803596,-0.2333132243539515,-0.19390547993282126,-0.1464942404796879,-0.129871244259398,-0.26601897306803596,-0.2333132243539515,-0.19411292826172746,-0.1464942404796879,-0.129871244259398,-0.26601897306803596,-0.2333132243539515,-0.19411292826172746,-0.03248564075588016,-0.129871244259398,-0.11445169092145298,-0.2333132243539515,-0.19411292826172746,-0.1466181958453432,-0.129871244259398,-0.1833357470912145,0.011610619534023843
-0.03809941991988761,0.10152039377969417,0.14942138212870115,0.2693282968052117,0.14429611947144338,-0.03809941991988761,0.10152039377969417,0.14929534372139502,0.2693282968052117,0.14429611947144338,-0.03809941991988761,0.10152039377969417,0.14942138212870115,0.2693282968052117,0.14429611947144338,-0.03809941991988761,0.10152039377969417,0.14942138212870115,0.13395763693265586,0.14429611947144338,0.014801442446527164,0.10152039377969417,0.14942138212870115,0.26918379926143554,0.14429611947144338,0.12198374111474361,0.017943380128551262
0.12741757187648603,0.3366424772160997,0.19798080191853357,0.18094379350501552,0.09565404015535295,0.12741757187648603,0.3366424772160997,0.19801706513104045,0.18094379350501552,0.09565404015535295,0.12741757187648603,0.3366424772160997,0.19798080191853357,0.18094379350501552,0.09565404015535295,0.12741757187648603,0.3366424772160997,0.19798080191853357,0.09511480431227297,0.09565404015535295,0.09843632425927563,0.3366424772160997,0.19798080191853357,0.1807349763463143,0.09565404015535295,0.1831284253040517,0.016850003313510744
-0.40317334492888884,-0.15363174068913327,-0.36054775153612084,-0.3944881972476519,-0.39964520828256456,-0.40317334492888884,-0.15363174068913327,-0.3607494896482144,-0.3944881972476519,-0.39964520828256456,-0.40317334492888884,-0.15363174068913327,-0.36054775153612084,-0.3944881972476519,-0.39964520828256456,-0.40317334492888884,-0.15363174068913327,-0.36054775153612084,-0.15700448830113747,-0.39964520828256456,-0.19559421420733292,-0.15363174068913327,-0.36054775153612084,-0.39395926630672357,-0.39964520828256456,-0.3244816472369957,0.020368703832416773
-0.4821056388902846,-0.1622156925192377,-0.3779366219974157,-0.3159027302096418,-0.4528474596318355,-0.4821056388902846,-0.1622156925192377,-0.37814580456624075,-0.3159027302096418,-0.4528474596318355,-0.4821056388902846,-0.1622156925192377,-0.3779366219974157,-0.3159027302096418,-0.4528474596318355,-0.4821056388902846,-0.1622156925192377,-0.3779366219974157,-0.07891645927338733,-0.4528474596318355,-0.1711072286987218,-0.1622156925192377,-0.3779366219974157,-0.3162885502401143,-0.4528474596318355,-0.33630604150854215,0.025064515705961465
-0.27397583521376684,-0.30796434006990975,-0.3372891667629387,-0.3694771638708227,-0.3971675522374591,-0.27397583521376684,-0.30796434006990975,-0.33718356581229014,-0.3694771638708227,-0.3971675522374591,-0.27397583521376684,-0.30796434006990975,-0.3372891667629387,-0.3694771638708227,-0.3971675522374591,-0.27397583521376684,-0.30796434006990975,-0.3372891667629387,-0.13876706088138935,-0.3971675522374591,-0.12321448356333149,-0.30796434006990975,-0.3372891667629387,-0.36962465662916394,-0.3971675522374591,-0.3219176291176924,0.013685862056351117
0.22032073605776917,0.09929716331651116,0.20292802012041522,0.22770410211356854,0.04463619498621989,0.22032073605776917,0.09929716331651116,0.20283288169183775,0.22770410211356854,0.04463619498621989,0.22032073605776917,0.09929716331651116,0.20292802012041522,0.22770410211356854,0.04463619498621989,0.22032073605776917,0.09929716331651116,0.20292802012041522,0.09676304014559535,0.04463619498621989,0.10637254250548184,0.09929716331651116,0.20292802012041522,0.22780705358895653,0.04463619498621989,0.14918198561995877,0.014197881959789686
0.09478550491683833,0.20881618351358244,0.09424569981019988,0.13155230235997425,-0.016404888995235817,0.09478550491683833,0.20881618351358244,0.0944100375634238,0.13155230235997425,-0.016404888995235817,0.09478550491683833,0.20881618351358244,0.09424569981019988,0.13155230235997425,-0.016404888995235817,0.09478550491683833,0.20881618351358244,0.09424569981019988,0.07220291265017383,-0.016404888995235817,0.073878506307347,0.20881618351358244,0.09424569981019988,0.13175191193449876,-0.016404888995235817,0.09940326268141009,0.01428655606113821
-0.4611011937568541,-0.3424858316711067,-0.4044157271401087,-0.48121198363687057,-0.36651520300460005,-0.4611011937568541,-0.3424858316711067,-0.40455704436197687,-0.48121198363687057,-0.36651520300460005,-0.4611011937568541,-0.3424858316711067,-0.4044157271401087,-0.48121198363687057,-0.36651520300460005,-0.4611011937568541,-0.3424858316711067,-0.4044157271401087,-0.18041985036721442,-0.36651520300460005,-0.25300993869205013,-0.3424858316711067,-0.4044157271401087,-0.48069607755923177,-0.36651520300460005,-0.3907756687542988,0.01420563645171931
-0.1706216715498087,0.09772849477006755,-0.11943156487217152,-0.08525101393998145,-0.02717836064459342,-0.1706216715498087,0.09772849477006755,-0.1194956786575114,-0.08525101393998145,-0.02717836064459342,-0.1706216715498087,0.09772849477006755,-0.11943156487217152,-0.08525101393998145,-0.02717836064459342,-0.1706216715498087,0.09772849477006755,-0.11943156487217152,-0.028532422177876722,-0.02717836064459342,-0.120944650241631,0.09772849477006755,-0.11943156487217152,-0.08479734864716368,-0.02717836064459342,-0.056679416664187084,0.0176875026823246
-0.12612062024226078,0.12468193918007515,-0.2188511612645528,0.03827028663940285,0.17530489099881053,-0.12612062024226078,0.12468193918007515,-0.21853347003091972,0.03827028663940285,0.17530489099881053,-0.12612062024226078,0.12468193918007515,-0.2188511612645528,0.03827028663940285,0.17530489099881053,-0.12612062024226078,0.12468193918007515,-0.2188511612645528,0.03125141260495534,0.17530489099881053,-0.042079693747061504,0.12468193918007515,-0.2188511612645528,0.03867240553555088,0.17530489099881053,0.0017667415659163043,0.028900665799923606
0.2964554719690824,0.31617592918168735,0.18606383680614733,0.3658411741485185,0.3096393126998452,0.2964554719690824,0.31617592918168735,0.18608842059151434,0.3658411741485185,0.3096393126998452,0.2964554719690824,0.31617592918168735,0.18606383680614733,0.3658411741485185,0.3096393126998452,0.2964554719690824,0.31617592918168735,0.18606383680614733,0.14355248748826754,0.3096393126998452,0.13166722399083836,0.31617592918168735,0.18606383680614733,0.3664694712216517,0.3096393126998452,0.2793781828098563,0.01394099765949502
0.035955797328544516,-0.06003700678936704,-0.128955381932786,-0.04010396401165014,-0.1407651456590191,0.035955797328544516,-0.06003700678936704,-0.12908556695369788,-0.04010396401165014,-0.1407651456590191,0.035955797328544516,-0.06003700678936704,-0.128955381932786,-0.04010396401165014,-0.1407651456590191,0.035955797328544516,-0.06003700678936704,-0.128955381932786,-0.04585060567113552,-0.1407651456590191,-0.01950550569005572,-0.06003700678936704,-0.128955381932786,-0.039428610005816614,-0.1407651456590191,-0.0692076512405821,0.012061925624732775
-0.3612658727039834,-0.1662762265341695,-0.3065622487854411,-0.24902728878229646,-0.41791947623195136,-0.3612658727039834,-0.1662762265341695,-0.3065801311621702,-0.24902728878229646,-0.41791947623195136,-0.3612658727039834,-0.1662762265341695,-0.3065622487854411,-0.24902728878229646,-0.41791947623195136,-0.3612658727039834,-0.1662762265341695,-0.3065622487854411,-0.09575310161324871,-0.41791947623195136,-0.16272339618820678,-0.1662762265341695,-0.3065622487854411,-0.24942569693522745,-0.41791947623195136,-0.28615420768136174,0.01922683444674651
0.3942388451470886,0.5016705121632375,0.32814815376437373,0.515453023729217,0.42637829007419464,0.3942388451470886,0.5016705121632375,0.32840033239910843,0.515453023729217,0.42637829007419464,0.3942388451470886,0.5016705121632375,0.32814815376437373,0.515453023729217,0.42637829007419464,0.3942388451470886,0.5016705121632375,0.32814815376437373,0.25924927756605515,0.42637829007419464,0.2950998456910584,0.5016705121632375,0.32814815376437373,0.5153625411857322,0.42637829007419464,0.4189705229945047,0.01550126898285988
0.5600637207893245,0.6656670534343254,0.6115869248427576,0.750725793060388,0.6479508630503968,0.5600637207893245,0.6656670534343254,0.6118617210556397,0.750725793060388,0.6479508630503968,0.5600637207893245,0.6656670534343254,0.6115869248427576,0.750725793060388,0.6479508630503968,0.5600637207893245,0.6656670534343254,0.6115869248427576,0.33060879140360816,0.6479508630503968,0.32066082681554126,0.6656670534343254,0.6115869248427576,0.7505790215329122,0.6479508630503968,0.6208231961976322,0.020407588499932516
0.14785999725968343,0.23473713263724916,0.3162478659729103,0.3647256069839895,0.4123323785547699,0.14785999725968343,0.23473713263724916,0.31616188983037985,0.3647256069839895,0.4123323785547699,0.14785999725968343,0.23473713263724916,0.3162478659729103,0.3647256069839895,0.4123323785547699,0.14785999725968343,0.23473713263724916,0.3162478659729103,0.17387857332826442,0.4123323785547699,0.11257022239057676,0.23473713263724916,0.3162478659729103,0.36545012084640566,0.4123323785547699,0.28616066544952257,0.019271054972972226
0.5225520136540915,0.7939600283517774,0.6172830650833323,0.5809283870713532,0.6318500308862328,0.5225520136540915,0.7939600283517774,0.6171890744928653,0.5809283870713532,0.6318500308862328,0.5225520136540915,0.7939600283517774,0.6172830650833323,0.5809283870713532,0.6318500308862328,0.5225520136540915,0.7939600283517774,0.6172830650833323,0.31861563645334795,0.6318500308862328,0.3917236948784743,0.7939600283517774,0.6172830650833323,0.5810193283974355,0.6318500308862328,0.6135889402630371,0.02280515364701415
0.7326034969154082,0.9174805657908703,0.8692867049105014,0.7586909311550357,0.7794558748474107,0.7326034969154082,0.9174805657908703,0.8691046671830644,0.7586909311550357,0.7794558748474107,0.7326034969154082,0.9174805657908703,0.8692867049105014,0.7586909311550357,0.7794558748474107,0.7326034969154082,0.9174805657908703,0.8692867049105014,0.3978463324916396,0.7794558748474107,0.5202085274907716,0.9174805657908703,0.8692867049105014,0.7586573719168831,0.7794558748474107,0.7885653081217003,0.023430305420249663
-0.1200362180588668,0.05249391628712312,-0.019546427744830126,-0.04659746895100715,-0.16563964371813097,-0.1200362180588668,0.05249391628712312,-0.019545096419784524,-0.04659746895100715,-0.16563964371813097,-0.1200362180588668,0.05249391628712312,-0.019546427744830126,-0.04659746895100715,-0.16563964371813097,-0.1200362180588668,0.05249391628712312,-0.019546427744830126,0.01383173626545607,-0.16563964371813097,0.01213465616229957,0.05249391628712312,-0.019546427744830126,-0.04671887090686756,-0.16563964371813097,-0.052165968084869785,0.015267287160576494
-0.19764504215691975,-0.03237422645585066,-0.05202925809901605,-0.1288354844879296,-0.09727438746242058,-0.19764504215691975,-0.03237422645585066,-0.05200171887055558,-0.1288354844879296,-0.09727438746242058,-0.19764504215691975,-0.03237422645585066,-0.05202925809901605,-0.1288354844879296,-0.09727438746242058,-0.19764504215691975,-0.03237422645585066,-0.05202925809901605,-0.010081348255179017,-0.09727438746242058,-0.02767916223568353,-0.03237422645585066,-0.05202925809901605,-0.12867578185384826,-0.09727438746242058,-0.09007538941176618,0.01155056891557802
0.3104609050955371,0.27548636046285213,0.4241432887750277,0.33012388083374594,0.5064583384286762,0.3104609050955371,0.27548636046285213,0.42420173130307287,0.33012388083374594,0.5064583384286762,0.3104609050955371,0.27548636046285213,0.4241432887750277,0.33012388083374594,0.5064583384286762,0.3104609050955371,0.27548636046285213,0.4241432887750277,0.16611726626851253,0.5064583384286762,0.19507231745925172,0.27548636046285213,0.4241432887750277,0.33019501536348905,0.5064583384286762,0.35816392971341865,0.0192806103257478
0.05748329755717279,-0.08537844597785664,0.11834400053834956,-0.032025316262126194,-0.011887784228193646,0.05748329755717279,-0.08537844597785664,0.11825508763223243,-0.032025316262126194,-0.011887784228193646,0.05748329755717279,-0.08537844597785664,0.11834400053834956,-0.032025316262126194,-0.011887784228193646,0.05748329755717279,-0.08537844597785664,0.11834400053834956,0.008971267818431869,-0.011887784228193646,0.04989570671615897,-0.08537844597785664,0.11834400053834956,-0.031747601487640636,-0.011887784228193646,0.01065106212978568,0.013822807005479276
-0.1784049221803362,-0.004952728610269342,0.060453280412354295,-0.24364055548995572,-0.11892564935708687,-0.1784049221803362,-0.004952728610269342,0.0603569727860827,-0.24364055548995572,-0.11892564935708687,-0.1784049221803362,-0.004952728610269342,0.060453280412354295,-0.24364055548995572,-0.11892564935708687,-0.1784049221803362,-0.004952728610269342,0.060453280412354295,-0.07533365205041988,-0.11892564935708687,-0.06750952594843575,-0.004952728610269342,0.060453280412354295,-0.2432829665432153,-0.11892564935708687,-0.08591557180538255,0.020731920558657843
0.4494665010700575,0.5660157474713563,0.5401537729879801,0.4301107809828967,0.48338496525201796,0.4494665010700575,0.5660157474713563,0.5401838694722647,0.4301107809828967,0.48338496525201796,0.4494665010700575,0.5660157474713563,0.5401537729879801,0.4301107809828967,0.48338496525201796,0.4494665010700575,0.5660157474713563,0.5401537729879801,0.2339318051419198,0.48338496525201796,0.3047206739010253,0.5660157474713563,0.5401537729879801,0.4306702060123378,0.48338496525201796,0.48021294229301026,0.01569162011394788
0.4162252802072561,0.5725327005364229,0.49638456274225534,0.5090292340423295,0.4972594614632428,0.4162252802072561,0.5725327005364229,0.4964399548548983,0.5090292340423295,0.4972594614632428,0.4162252802072561,0.5725327005364229,0.49638456274225534,0.5090292340423295,0.4972594614632428,0.4162252802072561,0.5725327005364229,0.49638456274225534,0.2407756190091267,0.4972594614632428,0.2678342678303335,0.5725327005364229,0.49638456274225534,0.5092748546923745,0.4972594614632428,0.4816325032124037,0.016051598421995345
0.43460026914494176,0.24040546938793436,0.22696369723233245,0.27577009797731683,0.34423603619311194,0.43460026914494176,0.24040546938793436,0.227139701645925,0.27577009797731683,0.34423603619311194,0.43460026914494176,0.24040546938793436,0.22696369723233245,0.27577009797731683,0.34423603619311194,0.43460026914494176,0.24040546938793436,0.22696369723233245,0.17943246660561854,0.34423603619311194,0.2811092701601319,0.24040546938793436,0.22696369723233245,0.27547051492755137,0.34423603619311194,0.2943970256274203,0.01483903120908052
0.10553743788400981,0.1799331735087545,-0.017958765515126315,0.0670818876306451,0.13418460064688406,0.10553743788400981,0.1799331735087545,-0.017879874834843577,0.0670818876306451,0.13418460064688406,0.10553743788400981,0.1799331735087545,-0.017958765515126315,0.0670818876306451,0.13418460064688406,0.10553743788400981,0.1799331735087545,-0.017958765515126315,0.08641653558685744,0.13418460064688406,0.1359511028108959,0.1799331735087545,-0.017958765515126315,0.06671601146401251,0.13418460064688406,0.0957341199269034,0.013176060704181744
0.20168735723782455,0.4751768288659682,0.17180610660226597,0.28720880418675615,0.4405428939233641,0.20168735723782455,0.4751768288659682,0.17185002894924475,0.28720880418675615,0.4405428939233641,0.20168735723782455,0.4751768288659682,0.17180610660226597,0.28720880418675615,0.4405428939233641,0.20168735723782455,0.4751768288659682,0.17180610660226597,0.1751945825051503,0.4405428939233641,0.17620700303194992,0.4751768288659682,0.17180610660226597,0.28732160023343667,0.4405428939233641,0.30979088386348297,0.02487417246495164
0.6069801805458338,0.8185417253487699,0.5533519548737363,0.6256245885234628,0.6713776211936511,0.6069801805458338,0.8185417253487699,0.553552022810746,0.6256245885234628,0.6713776211936511,0.6069801805458338,0.8185417253487699,0.5533519548737363,0.6256245885234628,0.6713776211936511,0.6069801805458338,0.8185417253487699,0.5533519548737363,0.32757662202535176,0.6713776211936511,0.4211209009262542,0.8185417253487699,0.5533519548737363,0.6254828565071295,0.6713776211936511,0.6358212576892102,0.02327379246904733
0.0216920001274537,-0.01794609936696524,0.11787265996370021,0.13812335950208784,0.19952459140195383,0.0216920001274537,-0.01794609936696524,0.11789453016917992,0.13812335950208784,0.19952459140195383,0.0216920001274537,-0.01794609936696524,0.11787265996370021,0.13812335950208784,0.19952459140195383,0.0216920001274537,-0.01794609936696524,0.11787265996370021,0.10675321280050157,0.19952459140195383,0.07735994213699927,-0.01794609936696524,0.11787265996370021,0.13839681597307518,0.19952459140195383,0.09283702720502313,0.015207215263640638
-0.2301433155563757,-0.1283878818727376,-0.02845708152148519,-0.133593135669897,-0.16747165436557956,-0.2301433155563757,-0.1283878818727376,-0.028535259839211746,-0.133593135669897,-0.16747165436557956,-0.2301433155563757,-0.1283878818727376,-0.02845708152148519,-0.133593135669897,-0.16747165436557956,-0.2301433155563757,-0.1283878818727376,-0.02845708152148519,-0.023472906069578817,-0.16747165436557956,-0.04734743894512574,-0.1283878818727376,-0.02845708152148519,-0.1332896327780878,-0.16747165436557956,-0.12588495656578894,0.01338730661047554
0.3616455058766503,0.42194176343154405,0.34810227759603585,0.2903366905387788,0.3459184569858476,0.3616455058766503,0.42194176343154405,0.34811639340740724,0.2903366905387788,0.3459184569858476,0.3616455058766503,0.42194176343154405,0.34810227759603585,0.2903366905387788,0.3459184569858476,0.3616455058766503,0.42194176343154405,0.34810227759603585,0.17455419637151082,0.3459184569858476,0.30076621174446144,0.42194176343154405,0.34810227759603585,0.29018317461544174,0.3459184569858476,0.3465168913493144,0.010646840272000519
0.299315872404783,0.15248407045750967,0.26152155825948953,0.19638244539219785,0.3844510125787533,0.299315872404783,0.15248407045750967,0.2613681820659729,0.19638244539219785,0.3844510125787533,0.299315872404783,0.15248407045750967,0.26152155825948953,0.19638244539219785,0.3844510125787533,0.299315872404783,0.15248407045750967,0.26152155825948953,0.10990399695971788,0.3844510125787533,0.20181614725741506,0.15248407045750967,0.26152155825948953,0.19627192238178814,0.3844510125787533,0.2514613089071957,0.01672064680876946
0.11985172303023554,-0.09506641246695559,-0.01994230882055024,0.02981226400883869,0.18292960865952018,0.11985172303023554,-0.09506641246695559,-0.019829991587540636,0.02981226400883869,0.18292960865952018,0.11985172303023554,-0.09506641246695559,-0.01994230882055024,0.02981226400883869,0.18292960865952018,0.11985172303023554,-0.09506641246695559,-0.01994230882055024,0.04981304592727726,0.18292960865952018,0.11818521576037101,-0.09506641246695559,-0.01994230882055024,0.029515888572092974,0.18292960865952018,0.04424298354001124,0.019334967197853686
0.18548105380982155,0.1929118181577433,0.22472611612118973,0.18239777721576958,0.212570453743013,0.18548105380982155,0.1929118181577433,0.2246291167967876,0.18239777721576958,0.212570453743013,0.18548105380982155,0.1929118181577433,0.22472611612118973,0.18239777721576958,0.212570453743013,0.18548105380982155,0.1929118181577433,0.22472611612118973,0.12398736482941186,0.212570453743013,0.15396925527073996,0.1929118181577433,0.22472611612118973,0.1820755303142086,0.212570453743013,0.19600378552345135,0.004588433162136248
0.1534539831167917,0.16085492939717322,0.1109739991465031,0.07550695211174743,0.051430492641356164,0.1534539831167917,0.16085492939717322,0.1105880172336481,0.07550695211174743,0.051430492641356164,0.1534539831167917,0.16085492939717322,0.1109739991465031,0.07550695211174743,0.051430492641356164,0.1534539831167917,0.16085492939717322,0.1109739991465031,0.07185063372388492,0.051430492641356164,0.13149598053742198,0.16085492939717322,0.1109739991465031,0.07524212173424988,0.051430492641356164,0.10939346595241094,0.008257944020039194
-0.0005522331020127468,0.05636213378668342,0.006277482377376212,0.06220961613065183,-0.06272486975469264,-0.0005522331020127468,0.05636213378668342,0.006233683474922421,0.06220961613065183,-0.06272486975469264,-0.0005522331020127468,0.05636213378668342,0.006277482377376212,0.06220961613065183,-0.06272486975469264,-0.0005522331020127468,0.05636213378668342,0.006277482377376212,0.0367049200219541,-0.06272486975469264,0.01643160406811854,0.05636213378668342,0.006277482377376212,0.06225269159757753,-0.06272486975469264,0.01197356259263743,0.008706478862097404
0.1933561476804912,0.15207214545989994,0.18745437785818586,0.3127697137300526,0.18689385878002465,0.1933561476804912,0.15207214545989994,0.18730472621261843,0.3127697137300526,0.18689385878002465,0.1933561476804912,0.15207214545989994,0.18745437785818586,0.3127697137300526,0.18689385878002465,0.1933561476804912,0.15207214545989994,0.18745437785818586,0.132222189286015,0.18689385878002465,0.109504664678366,0.15207214545989994,0.18745437785818586,0.3127721577878521,0.18689385878002465,0.19592740010037363,0.010852062878782561
0.04088782575027646,-0.0817096529526309,0.11585666289074538,0.1760635024213543,0.14197371464383485,0.04088782575027646,-0.0817096529526309,0.11587547784886879,0.1760635024213543,0.14197371464383485,0.04088782575027646,-0.0817096529526309,0.11585666289074538,0.1760635024213543,0.14197371464383485,0.04088782575027646,-0.0817096529526309,0.11585666289074538,0.07815507913587603,0.14197371464383485,0.013766861262871534,-0.0817096529526309,0.11585666289074538,0.1758563754060669,0.14197371464383485,0.07360570255751414,0.017661072192015206
0.09711922777741289,0.1252918649064249,0.05301293205140959,0.1846349011138664,0.2760965003833974,0.09711922777741289,0.1252918649064249,0.053182681565383805,0.1846349011138664,0.2760965003833974,0.09711922777741289,0.1252918649064249,0.05301293205140959,0.1846349011138664,0.2760965003833974,0.09711922777741289,0.1252918649064249,0.05301293205140959,0.09848428488232357,0.2760965003833974,0.08306236487763137,0.1252918649064249,0.05301293205140959,0.18431458007774557,0.2760965003833974,0.14321676322036336,0.015266836228300088
0.11874932697820385,0.12135615362965287,0.05092931986438938,0.19772668043824448,0.08287091248435034,0.11874932697820385,0.12135615362965287,0.0512100585617219,0.19772668043824448,0.08287091248435034,0.11874932697820385,0.12135615362965287,0.05092931986438938,0.19772668043824448,0.08287091248435034,0.11874932697820385,0.12135615362965287,0.05092931986438938,0.10641419367310087,0.08287091248435034,0.07886973410466087,0.12135615362965287,0.05092931986438938,0.19739091280388718,0.08287091248435034,0.10907659433593972,0.009091865063709285
-0.16096901998593516,-0.25798123282834856,-0.2981615126129415,-0.23782921458954337,-0.2481280498447734,-0.16096901998593516,-0.25798123282834856,-0.29810838157816416,-0.23782921458954337,-0.2481280498447734,-0.16096901998593516,-0.25798123282834856,-0.2981615126129415,-0.23782921458954337,-0.2481280498447734,-0.16096901998593516,-0.25798123282834856,-0.2981615126129415,-0.05596169572837027,-0.2481280498447734,-0.054607791591025,-0.25798123282834856,-0.2981615126129415,-0.23785678024834883,-0.2481280498447734,-0.22908363346702618,0.012956619056651948
-0.312774393964221,-0.2941400046882566,-0.33120086239905955,-0.3044912989581196,-0.19681309445674028,-0.312774393964221,-0.2941400046882566,-0.3314492027244283,-0.3044912989581196,-0.19681309445674028,-0.312774393964221,-0.2941400046882566,-0.33120086239905955,-0.3044912989581196,-0.19681309445674028,-0.312774393964221,-0.2941400046882566,-0.33120086239905955,-0.09726375872634596,-0.19681309445674028,-0.10961925876214491,-0.2941400046882566,-0.33120086239905955,-0.3038789305734049,-0.19681309445674028,-0.27145406275355155,0.013358705689670817
0.3958906623814866,0.29099955178096687,0.4615453720541842,0.47440045717854884,0.4800728417376675,0.3958906623814866,0.29099955178096687,0.46162175387030246,0.47440045717854884,0.4800728417376675,0.3958906623814866,0.29099955178096687,0.4615453720541842,0.47440045717854884,0.4800728417376675,0.3958906623814866,0.29099955178096687,0.4615453720541842,0.22962114786412444,0.4800728417376675,0.2736299105533051,0.29099955178096687,0.4615453720541842,0.47467380976789264,0.4800728417376675,0.4059141639570851,0.016491782954729483
0.20039938887539038,0.2600949743592359,0.30910664250878733,0.3691488249009479,0.29811789159055685,0.20039938887539038,0.2600949743592359,0.3093083943192611,0.3691488249009479,0.29811789159055685,0.20039938887539038,0.2600949743592359,0.30910664250878733,0.3691488249009479,0.29811789159055685,0.20039938887539038,0.2600949743592359,0.30910664250878733,0.18324223321746344,0.29811789159055685,0.16924322911319434,0.2600949743592359,0.30910664250878733,0.3694253910065287,0.29811789159055685,0.27871016710579855,0.011545369595374017
-0.14892582751205183,-0.024208119457082785,-0.1320398484240016,0.0021583508611205207,-0.14594241645746647,-0.14892582751205183,-0.024208119457082785,-0.13203484173736282,0.0021583508611205207,-0.14594241645746647,-0.14892582751205183,-0.024208119457082785,-0.1320398484240016,0.0021583508611205207,-0.14594241645746647,-0.14892582751205183,-0.024208119457082785,-0.1320398484240016,0.010845819859906835,-0.14594241645746647,-0.04415030861612132,-0.024208119457082785,-0.1320398484240016,0.001914264109318745,-0.14594241645746647,-0.08526261588471425,0.012749339873114975
-0.012432108306924997,0.134884473411853,-0.01077021919418966,0.026368055211366117,0.05238781709384355,-0.012432108306924997,0.134884473411853,-0.010825335759330477,0.026368055211366117,0.05238781709384355,-0.012432108306924997,0.134884473411853,-0.01077021919418966,0.026368055211366117,0.05238781709384355,-0.012432108306924997,0.134884473411853,-0.01077021919418966,0.03695114776265832,0.05238781709384355,0.02671181051332741,0.134884473411853,-0.01077021919418966,0.026153577998966726,0.05238781709384355,0.04006590034694978,0.010422443380362668
0.17235431342172333,0.1354228848699857,0.13121125352763757,0.2097532195922892,0.10644578446906805,0.17235431342172333,0.1354228848699857,0.13099834922899253,0.2097532195922892,0.10644578446906805,0.17235431342172333,0.1354228848699857,0.13121125352763757,0.2097532195922892,0.10644578446906805,0.17235431342172333,0.1354228848699857,0.13121125352763757,0.10074026424613573,0.10644578446906805,0.11548846360134873,0.1354228848699857,0.13121125352763757,0.20993260578980297,0.10644578446906805,0.14440099824543437,0.00695661368649539
0.5595581783500212,0.43737827314465233,0.47055879285778346,0.59432967077567,0.5785113319960392,0.5595581783500212,0.43737827314465233,0.4705840289154026,0.59432967077567,0.5785113319960392,0.5595581783500212,0.43737827314465233,0.47055879285778346,0.59432967077567,0.5785113319960392,0.5595581783500212,0.43737827314465233,0.47055879285778346,0.24948492883010687,0.5785113319960392,0.3059690010167325,0.43737827314465233,0.47055879285778346,0.5944641896684201,0.5785113319960392,0.5041362828516939,0.01773933249028691
0.33209564950104575,0.22756031767104473,0.4008305214968142,0.5196683862194059,0.4473069957320763,0.33209564950104575,0.22756031767104473,0.4007125972948791,0.5196683862194059,0.4473069957320763,0.33209564950104575,0.22756031767104473,0.4008305214968142,0.5196683862194059,0.4473069957320763,0.33209564950104575,0.22756031767104473,0.4008305214968142,0.20274686224129682,0.4473069957320763,0.16592661754463528,0.22756031767104473,0.4008305214968142,0.5195660151362799,0.4473069957320763,0.36615994007529407,0.021506430410593167
0.26477859674119614,0.13842374661604157,0.25456269559388234,0.3930378574321367,0.4069799096176138,0.26477859674119614,0.13842374661604157,0.25433166479636615,0.3930378574321367,0.4069799096176138,0.26477859674119614,0.13842374661604157,0.25456269559388234,0.3930378574321367,0.4069799096176138,0.26477859674119614,0.13842374661604157,0.25456269559388234,0.15284475935501446,0.4069799096176138,0.1197524302772698,0.13842374661604157,0.25456269559388234,0.39287797916790107,0.4069799096176138,0.276132154256062,0.020664364028029576
-0.3264476636456195,-0.3523330723547695,-0.4000530006106577,-0.30518918446723897,-0.3279591553135963,-0.3264476636456195,-0.3523330723547695,-0.4000731714103101,-0.30518918446723897,-0.3279591553135963,-0.3264476636456195,-0.3523330723547695,-0.4000530006106577,-0.30518918446723897,-0.3279591553135963,-0.3264476636456195,-0.3523330723547695,-0.4000530006106577,-0.14249892811959639,-0.3279591553135963,-0.22359879334055704,-0.3523330723547695,-0.4000530006106577,-0.3053327510193584,-0.3279591553135963,-0.33178139970633913,0.01081016687622769
-0.15815153847842073,-0.2558240039187635,-0.21740870461266518,-0.13289173029466644,-0.2614433333588738,-0.15815153847842073,-0.2558240039187635,-0.21719368975535328,-0.13289173029466644,-0.2614433333588738,-0.15815153847842073,-0.2558240039187635,-0.21740870461266518,-0.13289173029466644,-0.2614433333588738,-0.15815153847842073,-0.2558240039187635,-0.21740870461266518,-0.053323729439049485,-0.2614433333588738,-0.10789838656079609,-0.2558240039187635,-0.21740870461266518,-0.13346291995143453,-0.2614433333588738,-0.19996526301372655,0.011826008560376107
-0.27312937682782484,-0.4418313251824774,-0.3917023459653325,-0.2773681921735545,-0.319055964180725,-0.27312937682782484,-0.4418313251824774,-0.39165214860348946,-0.2773681921735545,-0.319055964180725,-0.27312937682782484,-0.4418313251824774,-0.3917023459653325,-0.2773681921735545,-0.319055964180725,-0.27312937682782484,-0.4418313251824774,-0.3917023459653325,-0.11878491370940637,-0.319055964180725,-0.20012984083003177,-0.4418313251824774,-0.3917023459653325,-0.277692607651672,-0.319055964180725,-0.33136509701215616,0.016056378131259416
-0.039490023985988006,-0.03692366037911829,-0.02763933368500797,0.05053583234120842,0.030151584324553126,-0.039490023985988006,-0.03692366037911829,-0.027601542067423334,0.05053583234120842,0.030151584324553126,-0.039490023985988006,-0.03692366037911829,-0.02763933368500797,0.05053583234120842,0.030151584324553126,-0.039490023985988006,-0.03692366037911829,-0.02763933368500797,0.026208869209729632,0.030151584324553126,-0.04187013121511475,-0.03692366037911829,-0.02763933368500797,0.050335320659585216,0.030151584324553126,-0.005747911893856306,0.0071497287550077995
-0.14144015144502356,-0.0873233388178686,-0.06930930023625728,-0.008568151160443647,-0.023153236534753437,-0.14144015144502356,-0.0873233388178686,-0.0693070220293913,-0.008568151160443647,-0.023153236534753437,-0.14144015144502356,-0.0873233388178686,-0.06930930023625728,-0.008568151160443647,-0.023153236534753437,-0.14144015144502356,-0.0873233388178686,-0.06930930023625728,-0.02202472726384668,-0.023153236534753437,-0.10855334178748208,-0.0873233388178686,-0.06930930023625728,-0.00850075478633094,-0.023153236534753437,-0.06517883931346463,0.008875326778578243
-0.03663795898253838,-0.012055666124459057,-0.06480285755291086,-0.04505366084608133,-0.019268968523589426,-0.03663795898253838,-0.012055666124459057,-0.0648291485338989,-0.04505366084608133,-0.019268968523589426,-0.03663795898253838,-0.012055666124459057,-0.06480285755291086,-0.04505366084608133,-0.019268968523589426,-0.03663795898253838,-0.012055666124459057,-0.06480285755291086,-0.035360404931269136,-0.019268968523589426,-0.04920943390952217,-0.012055666124459057,-0.06480285755291086,-0.044841721266228554,-0.019268968523589426,-0.035671525222448076,0.0037031674743300633
-0.005799879646884997,0.06359262272045602,0.0924471798392827,0.018619285460314352,0.029748811372368636,-0.005799879646884997,0.06359262272045602,0.09239522990423148,0.018619285460314352,0.029748811372368636,-0.005799879646884997,0.06359262272045602,0.0924471798392827,0.018619285460314352,0.029748811372368636,-0.005799879646884997,0.06359262272045602,0.0924471798392827,-0.01810804418479178,0.029748811372368636,-0.036039985501896035,0.06359262272045602,0.0924471798392827,0.018817063716802678,0.029748811372368636,0.03704873966196014,0.007463562120690513
-0.1753332410772201,-0.11082060073451809,-0.08086416398185176,-0.13590319765834713,-0.06415056758150013,-0.1753332410772201,-0.11082060073451809,-0.08082894151972528,-0.13590319765834713,-0.06415056758150013,-0.1753332410772201,-0.11082060073451809,-0.08086416398185176,-0.13590319765834713,-0.06415056758150013,-0.1753332410772201,-0.11082060073451809,-0.08086416398185176,-0.08655955356825165,-0.06415056758150013,-0.12189159998723337,-0.11082060073451809,-0.08086416398185176,-0.13542935973249265,-0.06415056758150013,-0.1092825803839649,0.007356008936334168
-0.4516247032774187,-0.39974853244845265,-0.39014412571163576,-0.4826884862963071,-0.31355853168216546,-0.4516247032774187,-0.39974853244845265,-0.3902546709269413,-0.4826884862963071,-0.31355853168216546,-0.4516247032774187,-0.39974853244845265,-0.39014412571163576,-0.4826884862963071,-0.31355853168216546,-0.4516247032774187,-0.39974853244845265,-0.39014412571163576,-0.23571124508952532,-0.31355853168216546,-0.290216262690084,-0.39974853244845265,-0.39014412571163576,-0.4824952028565267,-0.31355853168216546,-0.39121413908245223,0.013181339595016736
-0.07371051327686019,-0.03225454945572475,-0.05374886307927889,-0.05875496114792886,-0.07415917096874795,-0.07371051327686019,-0.03225454945572475,-0.053916293600613924,-0.05875496114792886,-0.07415917096874795,-0.07371051327686019,-0.03225454945572475,-0.05374886307927889,-0.05875496114792886,-0.07415917096874795,-0.07371051327686019,-0.03225454945572475,-0.05374886307927889,-0.07624391113735653,-0.07415917096874795,-0.10138670454055047,-0.03225454945572475,-0.05374886307927889,-0.05834030046311341,-0.07415917096874795,-0.06032232802929362,0.0034592625536357317
-0.10263007591618513,-0.0691658468926945,0.009354993857940714,-0.04525901331564966,0.0007028037082761024,-0.10263007591618513,-0.0691658468926945,0.009150412686605198,-0.04525901331564966,0.0007028037082761024,-0.10263007591618513,-0.0691658468926945,0.009354993857940714,-0.04525901331564966,0.0007028037082761024,-0.10263007591618513,-0.0691658468926945,0.009354993857940714,-0.05856460868450683,0.0007028037082761024,-0.08776918592923368,-0.0691658468926945,0.009354993857940714,-0.044717174879450976,0.0007028037082761024,-0.041323725636344205,0.008140526503059846
0.27019438527481476,0.20788796434159945,0.18924618049644146,0.2041787617113845,0.2248814172314049,0.27019438527481476,0.20788796434159945,0.18912666334635958,0.2041787617113845,0.2248814172314049,0.27019438527481476,0.20788796434159945,0.18924618049644146,0.2041787617113845,0.2248814172314049,0.27019438527481476,0.20788796434159945,0.18924618049644146,0.08909016516918211,0.2248814172314049,0.18204006978941117,0.20788796434159945,0.18924618049644146,0.20439467725400046,0.2248814172314049,0.21115188126572615,0.007155683905851884
0.21041142674562607,0.23820225291522676,0.2512935410335938,0.17788910412490505,0.12984336956053852,0.21041142674562607,0.23820225291522676,0.2512752279860671,0.17788910412490505,0.12984336956053852,0.21041142674562607,0.23820225291522676,0.2512935410335938,0.17788910412490505,0.12984336956053852,0.21041142674562607,0.23820225291522676,0.2512935410335938,0.0652889350470155,0.12984336956053852,0.1319320468513798,0.23820225291522676,0.2512935410335938,0.17788356406007214,0.12984336956053852,0.1938838027925982,0.010325070809903502
0.11643746667331015,0.19714179898465115,0.19847362824073927,0.10905172398002531,0.1557590703593188,0.11643746667331015,0.19714179898465115,0.1983754522350023,0.10905172398002531,0.1557590703593188,0.11643746667331015,0.19714179898465115,0.19847362824073927,0.10905172398002531,0.1557590703593188,0.11643746667331015,0.19714179898465115,0.19847362824073927,0.03363750384648657,0.1557590703593188,0.06297405292105628,0.19714179898465115,0.19847362824073927,0.10913484969637031,0.1557590703593188,0.15021703028060152,0.009226643932310706
0.15930143988133225,0.15392527148747548,0.26108281164648883,0.15393119218884554,0.13568370501113308,0.15930143988133225,0.15392527148747548,0.26111877881620776,0.15393119218884554,0.13568370501113308,0.15930143988133225,0.15392527148747548,0.26108281164648883,0.15393119218884554,0.13568370501113308,0.15930143988133225,0.15392527148747548,0.26108281164648883,0.064124621039887,0.13568370501113308,0.09926168800479086,0.15392527148747548,0.26108281164648883,0.1537581387538718,0.13568370501113308,0.16678554767142484,0.010085664829115288
0.2698205489232203,0.15025488780030474,0.30439386436486815,0.2410379555542916,0.2444578018077235,0.2698205489232203,0.15025488780030474,0.3043931024367995,0.2410379555542916,0.2444578018077235,0.2698205489232203,0.15025488780030474,0.30439386436486815,0.2410379555542916,0.2444578018077235,0.2698205489232203,0.15025488780030474,0.30439386436486815,0.10280104829034994,0.2444578018077235,0.17642936668070652,0.15025488780030474,0.30439386436486815,0.24080316309759642,0.2444578018077235,0.23271846593443293,0.011516091317863766
0.21469240542943477,0.18054220260415033,0.259502880003483,0.19891562877860802,0.32767357953169857,0.21469240542943477,0.18054220260415033,0.25953380723973496,0.19891562877860802,0.32767357953169857,0.21469240542943477,0.18054220260415033,0.259502880003483,0.19891562877860802,0.32767357953169857,0.21469240542943477,0.18054220260415033,0.259502880003483,0.07394458044661188,0.32767357953169857,0.1319318487564373,0.18054220260415033,0.259502880003483,0.19890762097071554,0.32767357953169857,0.2279569918464096,0.012585338492923634
0.06208300310700123,0.0011453565987746292,0.060774143566905664,0.17288995106100932,0.16575173923229053,0.06208300310700123,0.0011453565987746292,0.06074240566254882,0.17288995106100932,0.16575173923229053,0.06208300310700123,0.0011453565987746292,0.060774143566905664,0.17288995106100932,0.16575173923229053,0.06208300310700123,0.0011453565987746292,0.060774143566905664,0.03395470194974992,0.16575173923229053,0.025852535026005274,0.0011453565987746292,0.060774143566905664,0.172679283007147,0.16575173923229053,0.0855125137871773,0.01299455760998665
-0.07331030415509535,-0.15992844699451117,0.008814111014191918,0.03744054830277352,-0.03220964737804747,-0.07331030415509535,-0.15992844699451117,0.008550121490844026,0.03744054830277352,-0.03220964737804747,-0.07331030415509535,-0.15992844699451117,0.008814111014191918,0.03744054830277352,-0.03220964737804747,-0.07331030415509535,-0.15992844699451117,0.008814111014191918,-0.006804328964431627,-0.03220964737804747,-0.011665652971993831,-0.15992844699451117,0.008814111014191918,0.03733509683043608,-0.03220964737804747,-0.043157534525329264,0.013253253266992551
-0.03358437016612729,-0.18250497090126697,-0.06952334200524106,-0.04051326451680729,-0.17437254046934517,-0.03358437016612729,-0.18250497090126697,-0.06955415538723898,-0.04051326451680729,-0.17437254046934517,-0.03358437016612729,-0.18250497090126697,-0.06952334200524106,-0.04051326451680729,-0.17437254046934517,-0.03358437016612729,-0.18250497090126697,-0.06952334200524106,-0.03072784551623688,-0.17437254046934517,0.0037653741916998593,-0.18250497090126697,-0.06952334200524106,-0.040331808259087346,-0.17437254046934517,-0.09820826536239279,0.013222362140258218
-0.155374381652001,-0.2593274186238471,-0.18656739900330285,-0.22781189527125315,-0.19228205201527376,-0.155374381652001,-0.2593274186238471,-0.1864970444320371,-0.22781189527125315,-0.19228205201527376,-0.155374381652001,-0.2593274186238471,-0.18656739900330285,-0.22781189527125315,-0.19228205201527376,-0.155374381652001,-0.2593274186238471,-0.18656739900330285,-0.094777988546282,-0.19228205201527376,-0.054004808175391585,-0.2593274186238471,-0.18656739900330285,-0.22791531980119628,-0.19228205201527376,-0.19489781290341945,0.009735077597075299
-0.10819678851261526,-0.1776774461015397,-0.13050294328482212,-0.20895304002694629,-0.24051008530345114,-0.10819678851261526,-0.1776774461015397,-0.13046446220128607,-0.20895304002694629,-0.24051008530345114,-0.10819678851261526,-0.1776774461015397,-0.13050294328482212,-0.20895304002694629,-0.24051008530345114,-0.10819678851261526,-0.1776774461015397,-0.13050294328482212,-0.08346393452338279,-0.24051008530345114,-0.04316544938017207,-0.1776774461015397,-0.13050294328482212,-0.20932371957117327,-0.24051008530345114,-0.16556053079886227,0.010913357915125061
0.126759233721396,0.13673950209232127,0.13663758273347884,0.15730317168176508,0.024666754268133632,0.126759233721396,0.13673950209232127,0.13662818770622917,0.15730317168176508,0.024666754268133632,0.126759233721396,0.13673950209232127,0.13663758273347884,0.15730317168176508,0.024666754268133632,0.126759233721396,0.13673950209232127,0.13663758273347884,0.06591794018652908,0.024666754268133632,0.08474299413104759,0.13673950209232127,0.13663758273347884,0.15708221937833122,0.024666754268133632,0.11107597616276822,0.009293199916937582
-0.08309632282712683,-0.1034032986688471,-0.10033747553883164,-0.09136329897474219,-0.1060971852727901,-0.08309632282712683,-0.1034032986688471,-0.10032568010780792,-0.09136329897474219,-0.1060971852727901,-0.08309632282712683,-0.1034032986688471,-0.10033747553883164,-0.09136329897474219,-0.1060971852727901,-0.08309632282712683,-0.1034032986688471,-0.10033747553883164,-0.03750150044697766,-0.1060971852727901,-0.026184663059582697,-0.1034032986688471,-0.10033747553883164,-0.09146895988184772,-0.1060971852727901,-0.0924323325436985,0.0038444510441020315
0.12062668279158562,0.033138698613264336,0.04697842714045856,0.03219467939982471,0.04728264721607192,0.12062668279158562,0.033138698613264336,0.046901386751618354,0.03219467939982471,0.04728264721607192,0.12062668279158562,0.033138698613264336,0.04697842714045856,0.03219467939982471,0.04728264721607192,0.12062668279158562,0.033138698613264336,0.04697842714045856,0.008391909747631612,0.04728264721607192,0.07143488760726792,0.033138698613264336,0.04697842714045856,0.031777488618603376,0.04728264721607192,0.053104675191978125,0.006163157580071455
0.2733928524856611,0.16565833525014123,0.19058138745644498,0.17190069270511493,0.21152674484350797,0.2733928524856611,0.16565833525014123,0.19054596188533418,0.17190069270511493,0.21152674484350797,0.2733928524856611,0.16565833525014123,0.19058138745644498,0.17190069270511493,0.21152674484350797,0.2733928524856611,0.16565833525014123,0.19058138745644498,0.0595931130513207,0.21152674484350797,0.15629478609692413,0.16565833525014123,0.19058138745644498,0.1716522665873361,0.21152674484350797,0.19342442263891718,0.008967199492261956
0.14321460338632214,0.025592112860874625,0.11052051377135834,0.14286057519142245,0.19895971573416044,0.14321460338632214,0.025592112860874625,0.11053205670929496,0.14286057519142245,0.19895971573416044,0.14321460338632214,0.025592112860874625,0.11052051377135834,0.14286057519142245,0.19895971573416044,0.14321460338632214,0.025592112860874625,0.11052051377135834,0.03953301440867684,0.19895971573416044,0.08340466655730296,0.025592112860874625,0.11052051377135834,0.14306007494709985,0.19895971573416044,0.11771244599210157,0.011643757093235002
0.1447988377674189,0.08252630598961556,0.03966622215769853,0.06339409823876045,0.08276745497707216,0.1447988377674189,0.08252630598961556,0.039727093231277516,0.06339409823876045,0.08276745497707216,0.1447988377674189,0.08252630598961556,0.03966622215769853,0.06339409823876045,0.08276745497707216,0.1447988377674189,0.08252630598961556,0.03966622215769853,0.024486566929990152,0.08276745497707216,0.0754788397286678,0.08252630598961556,0.03966622215769853,0.06306281662502768,0.08276745497707216,0.0782906662306061,0.006695371179738489
0.12838083426340624,-0.01748408508779241,-0.04753596369493467,0.02736065028816783,-0.031140793299842987,0.12838083426340624,-0.01748408508779241,-0.04744325959928799,0.02736065028816783,-0.031140793299842987,0.12838083426340624,-0.01748408508779241,-0.04753596369493467,0.02736065028816783,-0.031140793299842987,0.12838083426340624,-0.01748408508779241,-0.04753596369493467,0.018748373359097473,-0.031140793299842987,0.09534980033893362,-0.01748408508779241,-0.04753596369493467,0.02690976486909442,-0.031140793299842987,0.01023606880672201,0.011986332549262319
-0.1545369502441646,-0.2567891566047546,-0.18878386370105635,-0.16532734331211066,-0.2252169609574548,-0.1545369502441646,-0.2567891566047546,-0.18865729758687672,-0.16532734331211066,-0.2252169609574548,-0.1545369502441646,-0.2567891566047546,-0.18878386370105635,-0.16532734331211066,-0.2252169609574548,-0.1545369502441646,-0.2567891566047546,-0.18878386370105635,-0.08084597756008405,-0.2252169609574548,-0.0763581214607312,-0.2567891566047546,-0.18878386370105635,-0.16516151457626438,-0.2252169609574548,-0.19161275138848877,0.009667597156397319
-0.367038889449284,-0.3440436648768897,-0.37249135077603296,-0.3338718214830963,-0.2526578816236177,-0.367038889449284,-0.3440436648768897,-0.37259637308663646,-0.3338718214830963,-0.2526578816236177,-0.367038889449284,-0.3440436648768897,-0.37249135077603296,-0.3338718214830963,-0.2526578816236177,-0.367038889449284,-0.3440436648768897,-0.37249135077603296,-0.15743218486946203,-0.2526578816236177,-0.20138283880041302,-0.3440436648768897,-0.37249135077603296,-0.33377390623690556,-0.2526578816236177,-0.32033717843386045,0.011732017612036651
-0.010582557270488357,-0.058492805534593115,-0.045478322931475794,0.042590353503307636,0.037909854000927876,-0.010582557270488357,-0.058492805534593115,-0.04548225045362133,0.042590353503307636,0.037909854000927876,-0.010582557270488357,-0.058492805534593115,-0.045478322931475794,0.042590353503307636,0.037909854000927876,-0.010582557270488357,-0.058492805534593115,-0.045478322931475794,0.006298812055410969,0.037909854000927876,-0.0012082091093047463,-0.058492805534593115,-0.045478322931475794,0.04297431023536502,0.037909854000927876,-0.0078721822095364,0.007928817422130991
0.12593876131716114,0.07562749279307604,0.06347875463973592,0.03135899730447609,0.13465579398447253,0.12593876131716114,0.07562749279307604,0.06350682243985666,0.03135899730447609,0.13465579398447253,0.12593876131716114,0.07562749279307604,0.06347875463973592,0.03135899730447609,0.13465579398447253,0.12593876131716114,0.07562749279307604,0.06347875463973592,0.011982373297787358,0.13465579398447253,0.08234195852844839,0.07562749279307604,0.06347875463973592,0.03177426000737965,0.13465579398447253,0.08371075615608925,0.007700987588956559
-0.04439256864796288,-0.16740210908992378,-0.10675537827388155,-0.07572150141076597,-0.13855599961356824,-0.04439256864796288,-0.16740210908992378,-0.10663483539570094,-0.07572150141076597,-0.13855599961356824,-0.04439256864796288,-0.16740210908992378,-0.10675537827388155,-0.07572150141076597,-0.13855599961356824,-0.04439256864796288,-0.16740210908992378,-0.10675537827388155,-0.055136858326259294,-0.13855599961356824,-0.03409112665223555,-0.16740210908992378,-0.10675537827388155,-0.07530172923178523,-0.13855599961356824,-0.10530845540172468,0.008838193690111643
-0.05044349038608233,-0.2131506831568192,-0.12182975421321991,-0.046276051456209395,-0.0927590050143657,-0.05044349038608233,-0.2131506831568192,-0.12177632387691038,-0.046276051456209395,-0.0927590050143657,-0.05044349038608233,-0.2131506831568192,-0.12182975421321991,-0.046276051456209395,-0.0927590050143657,-0.05044349038608233,-0.2131506831568192,-0.12182975421321991,-0.059406982246301324,-0.0927590050143657,-0.07184661737369263,-0.2131506831568192,-0.12182975421321991,-0.04608920306358294,-0.0927590050143657,-0.10626354800728999,0.011734634093122932
0.1721298592087321,0.1552931356456603,0.19483141172741453,0.2741392603371183,0.2263763719319146,0.1721298592087321,0.1552931356456603,0.195031227552915,0.2741392603371183,0.2263763719319146,0.1721298592087321,0.1552931356456603,0.19483141172741453,0.2741392603371183,0.2263763719319146,0.1721298592087321,0.1552931356456603,0.19483141172741453,0.1098796895242234,0.2263763719319146,0.08709385279418053,0.1552931356456603,0.19483141172741453,0.2737536453906471,0.2263763719319146,0.19457475271623131,0.009509002552737008
0.14759407397167695,0.11556721169135521,0.15695383884802108,0.11130004539780462,0.17062267534016123,0.14759407397167695,0.11556721169135521,0.15713495988006054,0.11130004539780462,0.17062267534016123,0.14759407397167695,0.11556721169135521,0.15695383884802108,0.11130004539780462,0.17062267534016123,0.14759407397167695,0.11556721169135521,0.15695383884802108,0.057036132846922154,0.17062267534016123,0.09351814687652517,0.11556721169135521,0.15695383884802108,0.11098465870506714,0.17062267534016123,0.13606860483753452,0.005726817572421083
0.32970401966068547,0.3327873707060895,0.30800344981071737,0.30300078496879396,0.31054437838799465,0.32970401966068547,0.3327873707060895,0.3079730340270393,0.30300078496879396,0.31054437838799465,0.32970401966068547,0.3327873707060895,0.30800344981071737,0.30300078496879396,0.31054437838799465,0.32970401966068547,0.3327873707060895,0.30800344981071737,0.14256120024340127,0.31054437838799465,0.21026283813448166,0.3327873707060895,0.30800344981071737,0.30286915915637186,0.31054437838799465,0.30560628839294834,0.008025852608965092
-0.16559906053947848,-0.19821300231865402,-0.17812632210842674,-0.15737647262488821,-0.17372428292231423,-0.16559906053947848,-0.19821300231865402,-0.17787101756686735,-0.15737647262488821,-0.17372428292231423,-0.16559906053947848,-0.19821300231865402,-0.17812632210842674,-0.15737647262488821,-0.17372428292231423,-0.16559906053947848,-0.19821300231865402,-0.17812632210842674,-0.07003575810590569,-0.17372428292231423,-0.10001480579777959,-0.19821300231865402,-0.17812632210842674,-0.15801692074885731,-0.17372428292231423,-0.1685062350756215,0.005534429522677949
-0.31003778325767717,-0.34909234883249274,-0.3622004303864319,-0.3368652943611752,-0.3315975208088364,-0.31003778325767717,-0.34909234883249274,-0.3619211678095301,-0.3368652943611752,-0.3315975208088364,-0.31003778325767717,-0.34909234883249274,-0.3622004303864319,-0.3368652943611752,-0.3315975208088364,-0.31003778325767717,-0.34909234883249274,-0.3622004303864319,-0.18790308444750864,-0.3315975208088364,-0.2463359393906275,-0.34909234883249274,-0.3622004303864319,-0.3369903623111026,-0.3315975208088364,-0.32944594559301504,0.00743893473559958
-0.3132684710895304,-0.2824271025358365,-0.304689302955686,-0.3504251863609092,-0.37023518213843065,-0.3132684710895304,-0.2824271025358365,-0.30444059838489596,-0.3504251863609092,-0.37023518213843065,-0.3132684710895304,-0.2824271025358365,-0.304689302955686,-0.3504251863609092,-0.37023518213843065,-0.3132684710895304,-0.2824271025358365,-0.304689302955686,-0.19866844092950947,-0.37023518213843065,-0.23545305766825936,-0.2824271025358365,-0.304689302955686,-0.35059042292338505,-0.37023518213843065,-0.31502282394163916,0.008412497565504704
-0.1191686836824891,-0.14811829293978548,-0.2598708345821121,-0.24647950293767795,-0.06614493343164754,-0.1191686836824891,-0.14811829293978548,-0.25970768686095214,-0.24647950293767795,-0.06614493343164754,-0.1191686836824891,-0.14811829293978548,-0.2598708345821121,-0.24647950293767795,-0.06614493343164754,-0.1191686836824891,-0.14811829293978548,-0.2598708345821121,-0.17398606842058362,-0.06614493343164754,-0.17157544872343355,-0.14811829293978548,-0.2598708345821121,-0.24613039284952182,-0.06614493343164754,-0.16713249242332381,0.014151337690554967
-0.6286912233525253,-0.6150334209625713,-0.6911246902625838,-0.7222782990592435,-0.5313267732813628,-0.6286912233525253,-0.6150334209625713,-0.6909938493075483,-0.7222782990592435,-0.5313267732813628,-0.6286912233525253,-0.6150334209625713,-0.6911246902625838,-0.7222782990592435,-0.5313267732813628,-0.6286912233525253,-0.6150334209625713,-0.6911246902625838,-0.36475582991408206,-0.5313267732813628,-0.3998872341760773,-0.6150334209625713,-0.6911246902625838,-0.7217697800799642,-0.5313267732813628,-0.6142122486534204,0.018377101407250553
-0.31468025235644326,-0.1550003277808312,-0.17021128941126076,-0.2484996986679717,-0.2839654542066829,-0.31468025235644326,-0.1550003277808312,-0.17005574441548488,-0.2484996986679717,-0.2839654542066829,-0.31468025235644326,-0.1550003277808312,-0.17021128941126076,-0.2484996986679717,-0.2839654542066829,-0.31468025235644326,-0.1550003277808312,-0.17021128941126076,-0.15534703883403184,-0.2839654542066829,-0.2066846782447523,-0.1550003277808312,-0.17021128941126076,-0.24867049877192945,-0.2839654542066829,-0.22642608533114,0.012180300025225096
-0.5338884015449961,-0.4267415856221397,-0.5689533215736495,-0.5883567148269857,-0.5620144504137636,-0.5338884015449961,-0.4267415856221397,-0.568856120870453,-0.5883567148269857,-0.5620144504137636,-0.5338884015449961,-0.4267415856221397,-0.5689533215736495,-0.5883567148269857,-0.5620144504137636,-0.5338884015449961,-0.4267415856221397,-0.5689533215736495,-0.2965440807114613,-0.5620144504137636,-0.33593951265432365,-0.4267415856221397,-0.5689533215736495,-0.5878499147793973,-0.5620144504137636,-0.5163762738460277,0.016036495396698786
-0.5328830428001317,-0.7054542444061281,-0.5471870173856952,-0.6537406385416034,-0.6755758175811633,-0.5328830428001317,-0.7054542444061281,-0.5472878194552643,-0.6537406385416034,-0.6755758175811633,-0.5328830428001317,-0.7054542444061281,-0.5471870173856952,-0.6537406385416034,-0.6755758175811633,-0.5328830428001317,-0.7054542444061281,-0.5471870173856952,-0.34233546754066285,-0.6755758175811633,-0.36696328742456613,-0.7054542444061281,-0.5471870173856952,-0.6534506909248993,-0.6755758175811633,-0.6038675892659987,0.019531433489283368
-0.04125676940121138,-0.15976060732100994,0.0948117500284713,0.03457004936001019,-0.17791392868737674,-0.04125676940121138,-0.15976060732100994,0.09482154161292274,0.03457004936001019,-0.17791392868737674,-0.04125676940121138,-0.15976060732100994,0.0948117500284713,0.03457004936001019,-0.17791392868737674,-0.04125676940121138,-0.15976060732100994,0.0948117500284713,-0.022901949218659557,-0.17791392868737674,-0.05276921248446531,-0.15976060732100994,0.0948117500284713,0.03457595369200057,-0.17791392868737674,-0.052668651034042585,0.020620413690871513
0.01147185091119483,0.015734701081894818,0.13788997590534816,0.1306447712424363,0.09062583741991424,0.01147185091119483,0.015734701081894818,0.13807542822204458,0.1306447712424363,0.09062583741991424,0.01147185091119483,0.015734701081894818,0.13788997590534816,0.1306447712424363,0.09062583741991424,0.01147185091119483,0.015734701081894818,0.13788997590534816,0.005908805827313656,0.09062583741991424,-0.03703218043614714,0.015734701081894818,0.13788997590534816,0.13098486979409518,0.09062583741991424,0.0703648494763933,0.01136364889162787
-0.08336080881221725,-0.05389819224795845,0.05504534199582148,-0.15362788995553153,-0.06459521677469793,-0.08336080881221725,-0.05389819224795845,0.05513512796679824,-0.15362788995553153,-0.06459521677469793,-0.08336080881221725,-0.05389819224795845,0.05504534199582148,-0.15362788995553153,-0.06459521677469793,-0.08336080881221725,-0.05389819224795845,0.05504534199582148,-0.0888044008672285,-0.06459521677469793,-0.07927438255023314,-0.05389819224795845,0.05504534199582148,-0.15342254360607196,-0.06459521677469793,-0.057319151252087794,0.012692839231905562
-0.13212922018359,-0.02996555959199901,-0.110326155536013,-0.20415280022936189,0.08649161618222756,-0.13212922018359,-0.02996555959199901,-0.11053094044561661,-0.20415280022936189,0.08649161618222756,-0.13212922018359,-0.02996555959199901,-0.110326155536013,-0.20415280022936189,0.08649161618222756,-0.13212922018359,-0.02996555959199901,-0.110326155536013,-0.10705157992594498,0.08649161618222756,-0.07248711300276549,-0.02996555959199901,-0.110326155536013,-0.20358562072201866,0.08649161618222756,-0.07173219498846801,0.01869552214995533
0.04828578744888197,-0.09607074800849599,-0.02562336384703685,0.04786505064212208,0.06864779213901678,0.04828578744888197,-0.09607074800849599,-0.02595703016951245,0.04786505064212208,0.06864779213901678,0.04828578744888197,-0.09607074800849599,-0.02562336384703685,0.04786505064212208,0.06864779213901678,0.04828578744888197,-0.09607074800849599,-0.02562336384703685,-0.035004843032727904,0.06864779213901678,-0.043224064566371345,-0.09607074800849599,-0.02562336384703685,0.04784088333195373,0.06864779213901678,0.0016314005019877076,0.012059191513626624
-0.1671237908800823,-0.23737146957922473,-0.2581707300071148,-0.20114486221252376,-0.45315434715118225,-0.1671237908800823,-0.23737146957922473,-0.25819783330770374,-0.20114486221252376,-0.45315434715118225,-0.1671237908800823,-0.23737146957922473,-0.2581707300071148,-0.20114486221252376,-0.45315434715118225,-0.1671237908800823,-0.23737146957922473,-0.2581707300071148,-0.11440774794202463,-0.45315434715118225,-0.1399505710245347,-0.23737146957922473,-0.2581707300071148,-0.20184703608885288,-0.45315434715118225,-0.25886579768806045,0.020492933584783116
-0.3812126033214478,-0.3838528926064049,-0.3831813164844654,-0.3778612638632767,-0.5026161822367167,-0.3812126033214478,-0.3838528926064049,-0.38298572281940235,-0.3778612638632767,-0.5026161822367167,-0.3812126033214478,-0.3838528926064049,-0.3831813164844654,-0.3778612638632767,-0.5026161822367167,-0.3812126033214478,-0.3838528926064049,-0.3831813164844654,-0.19528139729810973,-0.5026161822367167,-0.2612801432191577,-0.3838528926064049,-0.3831813164844654,-0.378265994618196,-0.5026161822367167,-0.39365272411935837,0.013523501932544915
-0.1565741170253109,-0.28726653551593506,-0.0737339942017752,-0.1051865715487173,-0.25138457881859977,-0.1565741170253109,-0.28726653551593506,-0.07370742426873593,-0.1051865715487173,-0.25138457881859977,-0.1565741170253109,-0.28726653551593506,-0.0737339942017752,-0.1051865715487173,-0.25138457881859977,-0.1565741170253109,-0.28726653551593506,-0.0737339942017752,-0.11546153926446415,-0.25138457881859977,-0.18293405607045568,-0.28726653551593506,-0.0737339942017752,-0.10496787457214525,-0.25138457881859977,-0.17628474501611888,0.01607301153823145
0.25943059292843823,0.17836462643165088,0.23724816265055074,0.1963440779387839,0.12030204680511976,0.25943059292843823,0.17836462643165088,0.2370596314218177,0.1963440779387839,0.12030204680511976,0.25943059292843823,0.17836462643165088,0.23724816265055074,0.1963440779387839,0.12030204680511976,0.25943059292843823,0.17836462643165088,0.23724816265055074,0.039469738580018135,0.12030204680511976,0.09690614810000649,0.17836462643165088,0.23724816265055074,0.1962407491587322,0.12030204680511976,0.18555027558306944,0.011528095375114143
0.04478919335164802,0.004904171664833037,-0.256211205302545,-0.15319790564595973,-0.07169210411764847,0.04478919335164802,0.004904171664833037,-0.2561599427879071,-0.15319790564595973,-0.07169210411764847,0.04478919335164802,0.004904171664833037,-0.256211205302545,-0.15319790564595973,-0.07169210411764847,0.04478919335164802,0.004904171664833037,-0.256211205302545,-0.07207956873132061,-0.07169210411764847,-0.0035447327019638842,0.004904171664833037,-0.256211205302545,-0.15326206051938152,-0.07169210411764847,-0.08497070926984468,0.02077881767558756
-0.17119716104399202,-0.24963907834862226,-0.3328871463565647,-0.35424534560360244,-0.10949749746691119,-0.17119716104399202,-0.24963907834862226,-0.33319810650533277,-0.35424534560360244,-0.10949749746691119,-0.17119716104399202,-0.24963907834862226,-0.3328871463565647,-0.35424534560360244,-0.10949749746691119,-0.17119716104399202,-0.24963907834862226,-0.3328871463565647,-0.15037380169135767,-0.10949749746691119,-0.09944717282297538,-0.24963907834862226,-0.3328871463565647,-0.35402508592817455,-0.10949749746691119,-0.2324720124975417,0.018658109287875122
-0.16545223450642385,-0.14916778237314718,-0.03819666094780927,-0.2545199455192299,-0.3268967417450255,-0.16545223450642385,-0.14916778237314718,-0.038549267368754754,-0.2545199455192299,-0.3268967417450255,-0.16545223450642385,-0.14916778237314718,-0.03819666094780927,-0.2545199455192299,-0.3268967417450255,-0.16545223450642385,-0.14916778237314718,-0.03819666094780927,-0.09964189756708067,-0.3268967417450255,-0.10416544259584486,-0.14916778237314718,-0.03819666094780927,-0.25418038940817106,-0.3268967417450255,-0.17820060143621347,0.019541819272171898
0.029373464589194827,0.09925500469475064,0.12151962026340433,-0.08794097259120397,0.13885831729351003,0.029373464589194827,0.09925500469475064,0.12139895327064636,-0.08794097259120397,0.13885831729351003,0.029373464589194827,0.09925500469475064,0.12151962026340433,-0.08794097259120397,0.13885831729351003,0.029373464589194827,0.09925500469475064,0.12151962026340433,-0.03218081965106707,0.13885831729351003,0.03928442866401624,0.09925500469475064,0.12151962026340433,-0.08715085193882954,0.13885831729351003,0.06286670967691417,0.015565856520702338
-0.04444976294144047,-0.04556473191194352,-0.13898115587828624,-0.19034465948910434,-0.036353983472441245,-0.04444976294144047,-0.04556473191194352,-0.13912043848369318,-0.19034465948910434,-0.036353983472441245,-0.04444976294144047,-0.04556473191194352,-0.13898115587828624,-0.19034465948910434,-0.036353983472441245,-0.04444976294144047,-0.04556473191194352,-0.13898115587828624,-0.0848133003324994,-0.036353983472441245,-0.02263942679849176,-0.04556473191194352,-0.13898115587828624,-0.1898256285726063,-0.036353983472441245,-0.08603000099421737,0.011695712800275706
-0.04706904852290748,-0.15457130519051118,-0.10736291081127443,-0.08401331021002355,0.025838756798000257,-0.04706904852290748,-0.15457130519051118,-0.10739659656305232,-0.08401331021002355,0.025838756798000257,-0.04706904852290748,-0.15457130519051118,-0.10736291081127443,-0.08401331021002355,0.025838756798000257,-0.04706904852290748,-0.15457130519051118,-0.10736291081127443,-0.020869169571346293,0.025838756798000257,0.011307913541553177,-0.15457130519051118,-0.10736291081127443,-0.08387520105614982,0.025838756798000257,-0.06857054254313391,0.012436175779143969
-0.19028639697000654,-0.239630167012542,-0.1519448401745293,-0.15674036980934877,-0.14080229940054903,-0.19028639697000654,-0.239630167012542,-0.1519865227162659,-0.15674036980934877,-0.14080229940054903,-0.19028639697000654,-0.239630167012542,-0.1519448401745293,-0.15674036980934877,-0.14080229940054903,-0.19028639697000654,-0.239630167012542,-0.1519448401745293,-0.0788819366739637,-0.14080229940054903,-0.10041434575183862,-0.239630167012542,-0.1519448401745293,-0.15618100566748036,-0.14080229940054903,-0.16915088803524772,0.008377991267935998
0.3794506995819371,0.27098562968611134,0.34196374988099937,0.4444446157719352,0.48192475369757487,0.3794506995819371,0.27098562968611134,0.34182041860023654,0.4444446157719352,0.48192475369757487,0.3794506995819371,0.27098562968611134,0.34196374988099937,0.4444446157719352,0.48192475369757487,0.3794506995819371,0.27098562968611134,0.34196374988099937,0.16979303622289785,0.48192475369757487,0.20274373093884399,0.27098562968611134,0.34196374988099937,0.44525921687063164,0.48192475369757487,0.36572639858874373,0.01779547502604016
0.6835154703925505,0.5433892068761564,0.5349313979481837,0.5531467144133946,0.542752367600034,0.6835154703925505,0.5433892068761564,0.5348493146315165,0.5531467144133946,0.542752367600034,0.6835154703925505,0.5433892068761564,0.5349313979481837,0.5531467144133946,0.542752367600034,0.6835154703925505,0.5433892068761564,0.5349313979481837,0.254224105375762,0.542752367600034,0.3978771148556867,0.5433892068761564,0.5349313979481837,0.5532114793099497,0.542752367600034,0.5481639001262795,0.016802241653168203
-0.04646201418036885,-0.14958117881477323,-0.0710590873204253,-0.14133411314133798,-0.21002965735710633,-0.04646201418036885,-0.14958117881477323,-0.07117162500017872,-0.14133411314133798,-0.21002965735710633,-0.04646201418036885,-0.14958117881477323,-0.0710590873204253,-0.14133411314133798,-0.21002965735710633,-0.04646201418036885,-0.14958117881477323,-0.0710590873204253,-0.045998663009715106,-0.21002965735710633,0.004510305102486213,-0.14958117881477323,-0.0710590873204253,-0.1412226850954747,-0.21002965735710633,-0.11784094377157882,0.012476232263191408
0.062198877021255046,-0.10578359664851514,0.015793087573722515,-0.12752235219267619,-0.16390554317119968,0.062198877021255046,-0.10578359664851514,0.015618586398184612,-0.12752235219267619,-0.16390554317119968,0.062198877021255046,-0.10578359664851514,0.015793087573722515,-0.12752235219267619,-0.16390554317119968,0.062198877021255046,-0.10578359664851514,0.015793087573722515,-0.04276975438767372,-0.16390554317119968,0.05907038798542344,-0.10578359664851514,0.015793087573722515,-0.12765963007811504,-0.16390554317119968,-0.06059141229515493,0.016898376049881533
0.031622527473176315,0.10390462006314738,0.12940898407634582,0.0995350887991562,0.06455385700747333,0.031622527473176315,0.10390462006314738,0.12931496528552056,0.0995350887991562,0.06455385700747333,0.031622527473176315,0.10390462006314738,0.12940898407634582,0.0995350887991562,0.06455385700747333,0.031622527473176315,0.10390462006314738,0.12940898407634582,0.008555457283091965,0.06455385700747333,-0.016481859895134104,0.10390462006314738,0.12940898407634582,0.09923128699123081,0.06455385700747333,0.0802257419045348,0.007993752027677183
-0.06882766543068825,0.09808294001666155,0.07141355021475462,-0.16074868134726814,-0.14018863718664545,-0.06882766543068825,0.09808294001666155,0.07115649165128654,-0.16074868134726814,-0.14018863718664545,-0.06882766543068825,0.09808294001666155,0.07141355021475462,-0.16074868134726814,-0.14018863718664545,-0.06882766543068825,0.09808294001666155,0.07141355021475462,-0.08181451349396794,-0.14018863718664545,-0.03484814558249867,0.09808294001666155,0.07141355021475462,-0.16035692693417056,-0.14018863718664545,-0.03553176340459237,0.020394475681562683
-0.633855614150095,-0.47796419895223125,-0.48531681881759076,-0.8071812359559877,-0.6282502922018283,-0.633855614150095,-0.47796419895223125,-0.48549565524368443,-0.8071812359559877,-0.6282502922018283,-0.633855614150095,-0.47796419895223125,-0.48531681881759076,-0.8071812359559877,-0.6282502922018283,-0.633855614150095,-0.47796419895223125,-0.48531681881759076,-0.33414380198504134,-0.6282502922018283,-0.36206705047626775,-0.47796419895223125,-0.48531681881759076,-0.807284783535885,-0.6282502922018283,-0.5767318874699953,0.025847324437679682
0.034907932241423946,0.4050445771306574,0.22179888844013365,0.10103630183285418,0.06737376637797819,0.034907932241423946,0.4050445771306574,0.22196488605075687,0.10103630183285418,0.06737376637797819,0.034907932241423946,0.4050445771306574,0.22179888844013365,0.10103630183285418,0.06737376637797819,0.034907932241423946,0.4050445771306574,0.22179888844013365,0.05105794593269163,0.06737376637797819,0.009040048094367396,0.4050445771306574,0.22179888844013365,0.10046515123617865,0.06737376637797819,0.1629822374832786,0.026982899568594898
0.03698486367715075,0.3060811433393439,0.08485179883373686,-0.05750279515667871,0.020249419576953597,0.03698486367715075,0.3060811433393439,0.08489074984076904,-0.05750279515667871,0.020249419576953597,0.03698486367715075,0.3060811433393439,0.08485179883373686,-0.05750279515667871,0.020249419576953597,0.03698486367715075,0.3060811433393439,0.08485179883373686,-0.03162660238753341,0.020249419576953597,0.017646420198657246,0.3060811433393439,0.08485179883373686,-0.057534032779472374,0.020249419576953597,0.0783947045610969,0.023950399783543887
-0.038122923115000214,-0.06669066141343238,0.019556550996896176,-0.15266424944285956,0.09383626947799338,-0.038122923115000214,-0.06669066141343238,0.019621877784843793,-0.15266424944285956,0.09383626947799338,-0.038122923115000214,-0.06669066141343238,0.019556550996896176,-0.15266424944285956,0.09383626947799338,-0.038122923115000214,-0.06669066141343238,0.019556550996896176,-0.07042655278395624,0.09383626947799338,-0.04442214439228253,-0.06669066141343238,0.019556550996896176,-0.1530962648865112,0.09383626947799338,-0.025794131230243843,0.015573651933099517
0.23324185630034308,0.12456197234252056,0.24344710132482097,0.3329749280149161,0.4127580683842376,0.23324185630034308,0.12456197234252056,0.24353368198189176,0.3329749280149161,0.4127580683842376,0.23324185630034308,0.12456197234252056,0.24344710132482097,0.3329749280149161,0.4127580683842376,0.23324185630034308,0.12456197234252056,0.24344710132482097,0.15997983965108173,0.4127580683842376,0.15128203452046493,0.12456197234252056,0.24344710132482097,0.3328826529774568,0.4127580683842376,0.2591983610924037,0.019834663703790344
0.6878471775766242,0.6244261396820994,0.7134336393707232,0.7474168988089138,0.733764460128135,0.6878471775766242,0.6244261396820994,0.7134255474697777,0.7474168988089138,0.733764460128135,0.6878471775766242,0.6244261396820994,0.7134336393707232,0.7474168988089138,0.733764460128135,0.6878471775766242,0.6244261396820994,0.7134336393707232,0.2760326222698551,0.733764460128135,0.30770558585972607,0.6244261396820994,0.7134336393707232,0.7470618121947399,0.733764460128135,0.6673021012424563,0.023258560945953403
0.3830287937636323,0.39021214231367574,0.4361907382047933,0.2900687915934809,0.31166707159413704,0.3830287937636323,0.39021214231367574,0.436086534217248,0.2900687915934809,0.31166707159413704,0.3830287937636323,0.39021214231367574,0.4361907382047933,0.2900687915934809,0.31166707159413704,0.3830287937636323,0.39021214231367574,0.4361907382047933,0.09712452525287982,0.31166707159413704,0.1373689795111994,0.39021214231367574,0.4361907382047933,0.2891884829015064,0.31166707159413704,0.34464996376304163,0.016633501543803716
0.5097008142719214,0.3616942314130347,0.2682746859704275,0.17209801328945462,0.09399215854688059,0.5097008142719214,0.3616942314130347,0.26810322589138535,0.17209801328945462,0.09399215854688059,0.5097008142719214,0.3616942314130347,0.2682746859704275,0.17209801328945462,0.09399215854688059,0.5097008142719214,0.3616942314130347,0.2682746859704275,0.09052230920004024,0.09399215854688059,0.2639781041143831,0.3616942314130347,0.2682746859704275,0.1716547414412143,0.09399215854688059,0.26803545485137437,0.027661486509477574
0.7348644769334638,0.7478860697131876,0.7951801767316627,0.5932878385921515,0.5131135438760192,0.7348644769334638,0.7478860697131876,0.7951772608779594,0.5932878385921515,0.5131135438760192,0.7348644769334638,0.7478860697131876,0.7951801767316627,0.5932878385921515,0.5131135438760192,0.7348644769334638,0.7478860697131876,0.7951801767316627,0.24802136303388725,0.5131135438760192,0.37604379513071773,0.7478860697131876,0.7951801767316627,0.5933396441085447,0.5131135438760192,0.648704890461364,0.0284266264677897
0.08673259521714777,0.13824501758594046,0.17708136109248615,0.05159452063319481,-0.1265846432549588,0.08673259521714777,0.13824501758594046,0.17685504714293576,0.05159452063319481,-0.1265846432549588,0.08673259521714777,0.13824501758594046,0.17708136109248615,0.05159452063319481,-0.1265846432549588,0.08673259521714777,0.13824501758594046,0.17708136109248615,-0.05459662960148902,-0.1265846432549588,-0.08270248908826738,0.13824501758594046,0.17708136109248615,0.05211230848553097,-0.1265846432549588,0.05440037982926954,0.021803776477913643
0.06926525968367697,0.15923569289472153,0.09104859852319884,0.24759338555101498,-0.0069398005340250086,0.06926525968367697,0.15923569289472153,0.09048401794509717,0.24759338555101498,-0.0069398005340250086,0.06926525968367697,0.15923569289472153,0.09104859852319884,0.24759338555101498,-0.0069398005340250086,0.06926525968367697,0.15923569289472153,0.09104859852319884,0.09343484572621404,-0.0069398005340250086,0.028415724899397147,0.15923569289472153,0.09104859852319884,0.24815930467633104,-0.0069398005340250086,0.10424035778124281,0.016216563154289335
0.7300124335429967,0.5991262804097198,0.8166242026446977,0.6983715824931962,0.5039622671832896,0.7300124335429967,0.5991262804097198,0.8164725894394456,0.6983715824931962,0.5039622671832896,0.7300124335429967,0.5991262804097198,0.8166242026446977,0.6983715824931962,0.5039622671832896,0.7300124335429967,0.5991262804097198,0.8166242026446977,0.29247764992229486,0.5039622671832896,0.4274777592465813,0.5991262804097198,0.8166242026446977,0.6988483026675085,0.5039622671832896,0.64129521325885,0.026855768232611543
-0.2783958319321982,-0.10265372286602868,-0.040106947069742424,-0.14866497671200873,-0.046015305561519726,-0.2783958319321982,-0.10265372286602868,-0.04027012140967156,-0.14866497671200873,-0.046015305561519726,-0.2783958319321982,-0.10265372286602868,-0.040106947069742424,-0.14866497671200873,-0.046015305561519726,-0.2783958319321982,-0.10265372286602868,-0.040106947069742424,-0.07927455811150634,-0.046015305561519726,-0.15194833651004067,-0.10265372286602868,-0.040106947069742424,-0.14877340487239382,-0.046015305561519726,-0.1153447043674057,0.016007160323412935
-0.7812613507114764,-0.5882712978395902,-0.6367961752458444,-0.6229048355254697,-0.6751029228563091,-0.7812613507114764,-0.5882712978395902,-0.6369109118123109,-0.6229048355254697,-0.6751029228563091,-0.7812613507114764,-0.5882712978395902,-0.6367961752458444,-0.6229048355254697,-0.6751029228563091,-0.7812613507114764,-0.5882712978395902,-0.6367961752458444,-0.3152227052454808,-0.6751029228563091,-0.485541285949182,-0.5882712978395902,-0.6367961752458444,-0.6228933269475684,-0.6751029228563091,-0.6367353577535892,0.018796511823542972
-1.306425880952183,-0.9856883416468204,-1.2522614078224454,-1.3541866595296836,-1.2489059669689706,-1.306425880952183,-0.9856883416468204,-1.2522538988046361,-1.3541866595296836,-1.2489059669689706,-1.306425880952183,-0.9856883416468204,-1.2522614078224454,-1.3541866595296836,-1.2489059669689706,-1.306425880952183,-0.9856883416468204,-1.2522614078224454,-0.6111611524042397,-1.2489059669689706,-0.7717346615738322,-0.9856883416468204,-1.2522614078224454,-1.3547224733573633,-1.2489059669689706,-1.1784061145162634,0.03750512533186666
-0.28700219475988287,-0.15777091464713874,-0.17233066705120756,-0.39300931233380165,-0.08035668202926595,-0.28700219475988287,-0.15777091464713874,-0.1723884344703874,-0.39300931233380165,-0.08035668202926595,-0.28700219475988287,-0.15777091464713874,-0.17233066705120756,-0.39300931233380165,-0.08035668202926595,-0.28700219475988287,-0.15777091464713874,-0.17233066705120756,-0.16794713277292175,-0.08035668202926595,-0.1720348906605825,-0.15777091464713874,-0.17233066705120756,-0.3940010202532721,-0.08035668202926595,-0.20453475383139819,0.020202090661896408
-0.11666414478906309,-0.10163680339894067,-0.1023825790761534,-0.2665268318902913,-0.12654660879563273,-0.11666414478906309,-0.10163680339894067,-0.10267357867635227,-0.2665268318902913,-0.12654660879563273,-0.11666414478906309,-0.10163680339894067,-0.1023825790761534,-0.2665268318902913,-0.12654660879563273,-0.11666414478906309,-0.10163680339894067,-0.1023825790761534,-0.13467948627073853,-0.12654660879563273,-0.10982949813942527,-0.10163680339894067,-0.1023825790761534,-0.2673241689318681,-0.12654660879563273,-0.13724764736491965,0.01126486553807333
-0.25124045055239447,-0.4634285362476157,-0.3932508980225339,-0.5131237050874377,-0.31351472289791593,-0.25124045055239447,-0.4634285362476157,-0.39354269721242213,-0.5131237050874377,-0.31351472289791593,-0.25124045055239447,-0.4634285362476157,-0.3932508980225339,-0.5131237050874377,-0.31351472289791593,-0.25124045055239447,-0.4634285362476157,-0.3932508980225339,-0.23236676153453859,-0.31351472289791593,-0.21173240851444872,-0.4634285362476157,-0.3932508980225339,-0.5136051400513304,-0.31351472289791593,-0.37413199250409696,0.019389517923852653
0.31228759352341284,-0.02370061333719102,0.49285317307847193,0.20974466832204855,0.13233056864321216,0.31228759352341284,-0.02370061333719102,0.49306195667604036,0.20974466832204855,0.13233056864321216,0.31228759352341284,-0.02370061333719102,0.49285317307847193,0.20974466832204855,0.13233056864321216,0.31228759352341284,-0.02370061333719102,0.49285317307847193,0.0872207460128692,0.13233056864321216,0.1526345387523594,-0.02370061333719102,0.49285317307847193,0.2096217937744477,0.13233056864321216,0.21341943532478028,0.0342685076618373
0.8207930721124467,0.44439472471060076,0.7579699984142277,0.618467272184244,0.6985164236577678,0.8207930721124467,0.44439472471060076,0.7578934443252023,0.618467272184244,0.6985164236577678,0.8207930721124467,0.44439472471060076,0.7579699984142277,0.618467272184244,0.6985164236577678,0.8207930721124467,0.44439472471060076,0.7579699984142277,0.27251522926581745,0.6985164236577678,0.4368720994765165,0.44439472471060076,0.7579699984142277,0.6180788907782266,0.6985164236577678,0.6388147801738814,0.030048203734363586
0.23173912461520418,0.16286232430003922,0.21902005367209323,0.14775623367598537,0.16026948127135954,0.23173912461520418,0.16286232430003922,0.2191468709168152,0.14775623367598537,0.16026948127135954,0.23173912461520418,0.16286232430003922,0.21902005367209323,0.14775623367598537,0.16026948127135954,0.23173912461520418,0.16286232430003922,0.21902005367209323,0.07653466717132154,0.16026948127135954,0.11993655825356472,0.16286232430003922,0.21902005367209323,0.1470322567725586,0.16026948127135954,0.17698459180593598,0.007848241240537825
-0.18395710726790754,0.019269397899017465,-0.02606106404188179,-0.1868114804899243,-0.17532942712207322,-0.18395710726790754,0.019269397899017465,-0.025969538742936414,-0.1868114804899243,-0.17532942712207322,-0.18395710726790754,0.019269397899017465,-0.02606106404188179,-0.1868114804899243,-0.17532942712207322,-0.18395710726790754,0.019269397899017465,-0.02606106404188179,-0.05905671499931868,-0.17532942712207322,-0.08887786294467716,0.019269397899017465,-0.02606106404188179,-0.18720798953470985,-0.17532942712207322,-0.10167677516183407,0.016960851529205633
-1.0166387669550507,-0.7671631199020811,-0.9442187476053104,-1.141591649178641,-1.1126018753346518,-1.0166387669550507,-0.7671631199020811,-0.9440209985213122,-1.141591649178641,-1.1126018753346518,-1.0166387669550507,-0.7671631199020811,-0.9442187476053104,-1.141591649178641,-1.1126018753346518,-1.0166387669550507,-0.7671631199020811,-0.9442187476053104,-0.5178076639119961,-1.1126018753346518,-0.6493857357882759,-0.7671631199020811,-0.9442187476053104,-1.142033119510724,-1.1126018753346518,-0.9568110999877336,0.033747341483691184
-0.21501532828848724,-0.1477797084451807,-0.23634521803405853,-0.21206549807117944,0.024055047732444074,-0.21501532828848724,-0.1477797084451807,-0.23629010017565616,-0.21206549807117944,0.024055047732444074,-0.21501532828848724,-0.1477797084451807,-0.23634521803405853,-0.21206549807117944,0.024055047732444074,-0.21501532828848724,-0.1477797084451807,-0.23634521803405853,-0.09415899931420377,0.024055047732444074,-0.12860202740754556,-0.1477797084451807,-0.23634521803405853,-0.21235072490066986,0.024055047732444074,-0.14926655339461917,0.018592100037171037
0.3440015699100409,0.40288942054530497,0.2372331175732584,0.3803427606955086,0.41586912365330886,0.3440015699100409,0.40288942054530497,0.23724007199314737,0.3803427606955086,0.41586912365330886,0.3440015699100409,0.40288942054530497,0.2372331175732584,0.3803427606955086,0.41586912365330886,0.3440015699100409,0.40288942054530497,0.2372331175732584,0.19524034830545212,0.41586912365330886,0.26034306021775755,0.40288942054530497,0.2372331175732584,0.38009956201355927,0.41586912365330886,0.3453073118217083,0.014385397670404351
-0.12122033430527712,-0.02979846787711759,0.04569995170516876,-0.028459703436288224,0.139109430477729,-0.12122033430527712,-0.02979846787711759,0.04545936941285689,-0.028459703436288224,0.139109430477729,-0.12122033430527712,-0.02979846787711759,0.04569995170516876,-0.028459703436288224,0.139109430477729,-0.12122033430527712,-0.02979846787711759,0.04569995170516876,-0.02363986469693471,0.139109430477729,-0.03317072628542849,-0.02979846787711759,0.04569995170516876,-0.02770632469516338,0.139109430477729,0.004801465041163569,0.016393018180558896
-0.31523897170462317,-0.05144213275512992,-0.25703689968538046,-0.18225688525595127,-0.07772549611545758,-0.31523897170462317,-0.05144213275512992,-0.25729878814352364,-0.18225688525595127,-0.07772549611545758,-0.31523897170462317,-0.05144213275512992,-0.25703689968538046,-0.18225688525595127,-0.07772549611545758,-0.31523897170462317,-0.05144213275512992,-0.25703689968538046,-0.10362705677935671,-0.07772549611545758,-0.19319162919401822,-0.05144213275512992,-0.25703689968538046,-0.1816550075507738,-0.07772549611545758,-0.1686993906939391,0.01924099885307925
-0.33918994183514917,-0.2096530086131909,-0.19893163180837933,-0.13088323496644177,-0.3236660493836368,-0.33918994183514917,-0.2096530086131909,-0.19887187282743218,-0.13088323496644177,-0.3236660493836368,-0.33918994183514917,-0.2096530086131909,-0.19893163180837933,-0.13088323496644177,-0.3236660493836368,-0.33918994183514917,-0.2096530086131909,-0.19893163180837933,-0.07648436335173849,-0.3236660493836368,-0.24250933257634075,-0.2096530086131909,-0.19893163180837933,-0.13098350870478964,-0.3236660493836368,-0.23442321467671515,0.015736651510961232
0.0075894530556312,0.05353847501095422,0.008990868913652571,0.03937904332559534,-0.0518070663526881,0.0075894530556312,0.05353847501095422,0.008979363689498447,0.03937904332559534,-0.0518070663526881,0.0075894530556312,0.05353847501095422,0.008990868913652571,0.03937904332559534,-0.0518070663526881,0.0075894530556312,0.05353847501095422,0.008990868913652571,0.013112328466706543,-0.0518070663526881,-0.032918631258522395,0.05353847501095422,0.008990868913652571,0.03920196731426671,-0.0518070663526881,0.00885961957428804,0.007218378528652942
-0.08236176028464375,-0.10872262034961858,-0.14668606534742315,-0.05347255938919092,-0.21631037435018677,-0.08236176028464375,-0.10872262034961858,-0.14654330496925766,-0.05347255938919092,-0.21631037435018677,-0.08236176028464375,-0.10872262034961858,-0.14668606534742315,-0.05347255938919092,-0.21631037435018677,-0.08236176028464375,-0.10872262034961858,-0.14668606534742315,-0.018475879886948255,-0.21631037435018677,-0.0812527965113967,-0.10872262034961858,-0.14668606534742315,-0.053271733859723405,-0.21631037435018677,-0.12005270677688774,0.011487304235071607
-0.08658315876203394,0.11161717715800082,-0.0848281733266398,-0.04747691595142737,-0.128879696876363,-0.08658315876203394,0.11161717715800082,-0.08498220732908388,-0.04747691595142737,-0.128879696876363,-0.08658315876203394,0.11161717715800082,-0.0848281733266398,-0.04747691595142737,-0.128879696876363,-0.08658315876203394,0.11161717715800082,-0.0848281733266398,-0.007951365078409715,-0.128879696876363,-0.00967394259565865,0.11161717715800082,-0.0848281733266398,-0.0475239218529556,-0.128879696876363,-0.042580804466275844,0.016416832825138894
-0.4124039152311986,-0.1909497480249696,-0.15754660982146443,-0.3337908505796816,-0.39087344528736623,-0.4124039152311986,-0.1909497480249696,-0.1572210350561323,-0.3337908505796816,-0.39087344528736623,-0.4124039152311986,-0.1909497480249696,-0.15754660982146443,-0.3337908505796816,-0.39087344528736623,-0.4124039152311986,-0.1909497480249696,-0.15754660982146443,-0.15085022848417515,-0.39087344528736623,-0.22220620200105254,-0.1909497480249696,-0.15754660982146443,-0.3341499339801018,-0.39087344528736623,-0.28218872072131357,0.02067343668662881
-0.33550317248704414,-0.36312332314103507,-0.3435180744406143,-0.57799708020834,-0.375537691167346,-0.33550317248704414,-0.36312332314103507,-0.3434927838338396,-0.57799708020834,-0.375537691167346,-0.33550317248704414,-0.36312332314103507,-0.3435180744406143,-0.57799708020834,-0.375537691167346,-0.33550317248704414,-0.36312332314103507,-0.3435180744406143,-0.28036093987606747,-0.375537691167346,-0.300399120343426,-0.36312332314103507,-0.3435180744406143,-0.5776858407470966,-0.375537691167346,-0.3858127993871196,0.017016182005027043
-0.22078784144360486,-0.5865927356685496,-0.46093483351209746,-0.5398056489006119,-0.25833484710070626,-0.22078784144360486,-0.5865927356685496,-0.4610109449186083,-0.5398056489006119,-0.25833484710070626,-0.22078784144360486,-0.5865927356685496,-0.46093483351209746,-0.5398056489006119,-0.25833484710070626,-0.22078784144360486,-0.5865927356685496,-0.46093483351209746,-0.2285497259692902,-0.25833484710070626,-0.1513925145908422,-0.5865927356685496,-0.46093483351209746,-0.5397990889466275,-0.25833484710070626,-0.39806791339185166,0.030147332142547317
-0.3610409920510121,-0.6939885867261906,-0.5602004154356681,-0.6216167004709888,-0.49385023500173525,-0.3610409920510121,-0.6939885867261906,-0.5604653530746312,-0.6216167004709888,-0.49385023500173525,-0.3610409920510121,-0.6939885867261906,-0.5602004154356681,-0.6216167004709888,-0.49385023500173525,-0.3610409920510121,-0.6939885867261906,-0.5602004154356681,-0.2790937144273021,-0.49385023500173525,-0.25268280976438173,-0.6939885867261906,-0.5602004154356681,-0.6215720978960981,-0.49385023500173525,-0.5281129526064693,0.025812828265086327
-0.3993713626353405,-0.5401635965635142,-0.46864967745436686,-0.6181361875094619,-0.5673961053358219,-0.3993713626353405,-0.5401635965635142,-0.468888919349962,-0.6181361875094619,-0.5673961053358219,-0.3993713626353405,-0.5401635965635142,-0.46864967745436686,-0.6181361875094619,-0.5673961053358219,-0.3993713626353405,-0.5401635965635142,-0.46864967745436686,-0.28757030980680476,-0.5673961053358219,-0.2801001858109696,-0.5401635965635142,-0.46864967745436686,-0.6181781332895838,-0.5673961053358219,-0.5007611512256488,0.018625163860680465
-0.2024027440733628,-0.2735936508054556,-0.23967036985001003,-0.3142275333073922,-0.3263381320222502,-0.2024027440733628,-0.2735936508054556,-0.23975849680599082,-0.3142275333073922,-0.3263381320222502,-0.2024027440733628,-0.2735936508054556,-0.23967036985001003,-0.3142275333073922,-0.3263381320222502,-0.2024027440733628,-0.2735936508054556,-0.23967036985001003,-0.15506408484261502,-0.3263381320222502,-0.1696190534595327,-0.2735936508054556,-0.23967036985001003,-0.31470073680068406,-0.3263381320222502,-0.2635910536665208,0.010298040277483957
-0.3370599815155227,-0.40502832218876633,-0.3301620591612578,-0.2495457717891719,-0.3966263859903803,-0.3370599815155227,-0.40502832218876633,-0.3300929985062892,-0.2495457717891719,-0.3966263859903803,-0.3370599815155227,-0.40502832218876633,-0.3301620591612578,-0.2495457717891719,-0.3966263859903803,-0.3370599815155227,-0.40502832218876633,-0.3301620591612578,-0.17093847585592073,-0.3966263859903803,-0.27686464693722707,-0.40502832218876633,-0.3301620591612578,-0.24945632358470785,-0.3966263859903803,-0.33812605855418065,0.012583270646096541
0.06515647298572158,0.05279130570357793,0.15611387132528423,0.11304771127545847,-0.018654617123053427,0.06515647298572158,0.05279130570357793,0.15560790138488784,0.11304771127545847,-0.018654617123053427,0.06515647298572158,0.05279130570357793,0.15611387132528423,0.11304771127545847,-0.018654617123053427,0.06515647298572158,0.05279130570357793,0.15611387132528423,-0.021740115736512168,-0.018654617123053427,-0.04688996126685382,0.05279130570357793,0.15611387132528423,0.11358839655292072,-0.018654617123053427,0.06381896699629855,0.012797084759645984
-0.0660906848482941,-0.36820813939103947,-0.06301273533767118,-0.110756409869524,-0.20557776407621142,-0.0660906848482941,-0.36820813939103947,-0.06297023013823021,-0.110756409869524,-0.20557776407621142,-0.0660906848482941,-0.36820813939103947,-0.06301273533767118,-0.110756409869524,-0.20557776407621142,-0.0660906848482941,-0.36820813939103947,-0.06301273533767118,-0.14873384335209636,-0.20557776407621142,-0.17416024591052323,-0.36820813939103947,-0.06301273533767118,-0.11064659166931844,-0.20557776407621142,-0.1685649335503542,0.022106754299987444
0.44335367630002775,0.24618736668778854,0.5341114867645408,0.6023489701484676,0.4666685094193641,0.44335367630002775,0.24618736668778854,0.5340845555014585,0.6023489701484676,0.4666685094193641,0.44335367630002775,0.24618736668778854,0.5341114867645408,0.6023489701484676,0.4666685094193641,0.44335367630002775,0.24618736668778854,0.5341114867645408,0.1849512990626219,0.4666685094193641,0.19958941327137936,0.24618736668778854,0.5341114867645408,0.6025153052674244,0.4666685094193641,0.4320931006536929,0.026673652037384595
-0.5056001560576251,-0.4328104261388953,-0.4493402898105351,-0.29119633379645543,-0.44483246509612473,-0.5056001560576251,-0.4328104261388953,-0.4492458577968253,-0.29119633379645543,-0.44483246509612473,-0.5056001560576251,-0.4328104261388953,-0.4493402898105351,-0.29119633379645543,-0.44483246509612473,-0.5056001560576251,-0.4328104261388953,-0.4493402898105351,-0.13737998774127735,-0.44483246509612473,-0.2504234411724764,-0.4328104261388953,-0.4493402898105351,-0.2913116042717775,-0.44483246509612473,-0.4083970452807786,0.017936147101459292
-0.3804510669188172,-0.6434269253404449,-0.7855696364828276,-0.37014039295668977,-0.5629207301548447,-0.3804510669188172,-0.6434269253404449,-0.7856418075585782,-0.37014039295668977,-0.5629207301548447,-0.3804510669188172,-0.6434269253404449,-0.7855696364828276,-0.37014039295668977,-0.5629207301548447,-0.3804510669188172,-0.6434269253404449,-0.7855696364828276,-0.18129416216588912,-0.5629207301548447,-0.25244660421669557,-0.6434269253404449,-0.7855696364828276,-0.36993813095470585,-0.5629207301548447,-0.5358225189939586,0.03477160695147443
0.1605708961223705,0.02935002302613418,0.02034096562146403,0.15502075306488625,-0.06935969441224478,0.1605708961223705,0.02935002302613418,0.020220554266691858,0.15502075306488625,-0.06935969441224478,0.1605708961223705,0.02935002302613418,0.02034096562146403,0.15502075306488625,-0.06935969441224478,0.1605708961223705,0.02935002302613418,0.02034096562146403,0.027427698127477154,-0.06935969441224478,0.023130469482828514,0.02935002302613418,0.02034096562146403,0.15492840316972223,-0.06935969441224478,0.04857473897144654,0.01626481212330855
-0.4379020629748733,-0.4676815816940627,-0.4394820724889386,-0.3805479218946476,-0.5914175598689638,-0.4379020629748733,-0.4676815816940627,-0.43940992625507075,-0.3805479218946476,-0.5914175598689638,-0.4379020629748733,-0.4676815816940627,-0.4394820724889386,-0.3805479218946476,-0.5914175598689638,-0.4379020629748733,-0.4676815816940627,-0.4394820724889386,-0.1614639387075686,-0.5914175598689638,-0.2537130153666184,-0.4676815816940627,-0.4394820724889386,-0.3810862870295188,-0.5914175598689638,-0.4472939673085239,0.0193556339246478
0.2649672011400654,0.1763159612738592,0.09174236782064923,0.17146983668867474,0.05154260738444903,0.2649672011400654,0.1763159612738592,0.09166492113018987,0.17146983668867474,0.05154260738444903,0.2649672011400654,0.1763159612738592,0.09174236782064923,0.17146983668867474,0.05154260738444903,0.2649672011400654,0.1763159612738592,0.09174236782064923,0.06495556304834343,0.05154260738444903,0.11172025299627286,0.1763159612738592,0.09174236782064923,0.17092267927841562,0.05154260738444903,0.14079216182614582,0.014151893912995704
-0.37032992039590273,-0.5674774006369082,-0.2539425203997545,-0.3123963780970807,-0.47177020745557946,-0.37032992039590273,-0.5674774006369082,-0.2538751095195177,-0.3123963780970807,-0.47177020745557946,-0.37032992039590273,-0.5674774006369082,-0.2539425203997545,-0.3123963780970807,-0.47177020745557946,-0.37032992039590273,-0.5674774006369082,-0.2539425203997545,-0.17001526312710144,-0.47177020745557946,-0.24177545520717236,-0.5674774006369082,-0.2539425203997545,-0.3124200586745781,-0.47177020745557946,-0.3843441129785871,0.02413732650914377
-0.3224391936073135,-0.6118260467617909,-0.4959741971933765,-0.5731158311643875,-0.4682620797857571,-0.3224391936073135,-0.6118260467617909,-0.4959469465676084,-0.5731158311643875,-0.4682620797857571,-0.3224391936073135,-0.6118260467617909,-0.4959741971933765,-0.5731158311643875,-0.4682620797857571,-0.3224391936073135,-0.6118260467617909,-0.4959741971933765,-0.2275318633649649,-0.4682620797857571,-0.18198955393888921,-0.6118260467617909,-0.4959741971933765,-0.5729880237244942,-0.4682620797857571,-0.47487592308118487,0.024009885502543682
-0.6290440397584656,-0.6626174255016065,-0.596554802317847,-0.743827953848959,-0.8110451198412594,-0.6290440397584656,-0.6626174255016065,-0.596959083173513,-0.743827953848959,-0.8110451198412594,-0.6290440397584656,-0.6626174255016065,-0.596554802317847,-0.743827953848959,-0.8110451198412594,-0.6290440397584656,-0.6626174255016065,-0.596554802317847,-0.33632565756549326,-0.8110451198412594,-0.4001027395986096,-0.6626174255016065,-0.596554802317847,-0.7429452113793563,-0.8110451198412594,-0.6631409859313371,0.022804929223502836
-0.12332667849802453,-0.02989729995637819,-0.11592630247485226,-0.2034845628326471,-0.17307516001627146,-0.12332667849802453,-0.02989729995637819,-0.11609565328390493,-0.2034845628326471,-0.17307516001627146,-0.12332667849802453,-0.02989729995637819,-0.11592630247485226,-0.2034845628326471,-0.17307516001627146,-0.12332667849802453,-0.02989729995637819,-0.11592630247485226,-0.11399413476023826,-0.17307516001627146,-0.09627830606235645,-0.02989729995637819,-0.11592630247485226,-0.20359773534810116,-0.17307516001627146,-0.12449174966829192,0.011286154132122084
0.058778179305459706,-0.1602026195936133,0.10140713484231645,0.06212220614173275,-0.2615755585899782,0.058778179305459706,-0.1602026195936133,0.10141716888569086,0.06212220614173275,-0.2615755585899782,0.058778179305459706,-0.1602026195936133,0.10140713484231645,0.06212220614173275,-0.2615755585899782,0.058778179305459706,-0.1602026195936133,0.10140713484231645,-0.015017933327769503,-0.2615755585899782,-0.012081175154184049,-0.1602026195936133,0.10140713484231645,0.062019532881662856,-0.2615755585899782,-0.04581781690465018,0.027706856715299356
-0.32174046579791044,-0.30141487658525046,-0.48511071984291965,-0.31161339762687196,-0.37283463948388074,-0.32174046579791044,-0.30141487658525046,-0.4852852160647172,-0.31161339762687196,-0.37283463948388074,-0.32174046579791044,-0.30141487658525046,-0.48511071984291965,-0.31161339762687196,-0.37283463948388074,-0.32174046579791044,-0.30141487658525046,-0.48511071984291965,-0.17315754459012664,-0.37283463948388074,-0.2746859807477889,-0.30141487658525046,-0.48511071984291965,-0.3112667885375401,-0.37283463948388074,-0.35111552182919065,0.015280001879568525
-0.37879215573366165,-0.38261588335046137,-0.479545742600335,-0.4504058647074628,-0.5150233855833756,-0.37879215573366165,-0.38261588335046137,-0.47962992891741163,-0.4504058647074628,-0.5150233855833756,-0.37879215573366165,-0.38261588335046137,-0.479545742600335,-0.4504058647074628,-0.5150233855833756,-0.37879215573366165,-0.38261588335046137,-0.479545742600335,-0.1985277786664026,-0.5150233855833756,-0.2216442995305841,-0.38261588335046137,-0.479545742600335,-0.450535532208463,-0.5150233855833756,-0.42492412285801684,0.016084424312382137
-0.7667102269416481,-0.6542477405804538,-0.6721315722121324,-0.7785741600577697,-0.5079235960189014,-0.7667102269416481,-0.6542477405804538,-0.6720901473162009,-0.7785741600577697,-0.5079235960189014,-0.7667102269416481,-0.6542477405804538,-0.6721315722121324,-0.7785741600577697,-0.5079235960189014,-0.7667102269416481,-0.6542477405804538,-0.6721315722121324,-0.3375327820657728,-0.5079235960189014,-0.4699692183928461,-0.6542477405804538,-0.6721315722121324,-0.7789481508302807,-0.5079235960189014,-0.6464194663356123,0.023333665239400996
-0.5323632328766786,-0.6019248484513418,-0.39204605565740186,-0.638784270263602,-0.4939785400464361,-0.5323632328766786,-0.6019248484513418,-0.39209255852791025,-0.638784270263602,-0.4939785400464361,-0.5323632328766786,-0.6019248484513418,-0.39204605565740186,-0.638784270263602,-0.4939785400464361,-0.5323632328766786,-0.6019248484513418,-0.39204605565740186,-0.26094763252800696,-0.4939785400464361,-0.3160575846032264,-0.6019248484513418,-0.39204605565740186,-0.6391929057524666,-0.4939785400464361,-0.508071903553105,0.020795127135601662
0.25188608991993494,0.28582568449958107,0.3282445223330607,0.18571588279424697,0.16459927064042018,0.25188608991993494,0.28582568449958107,0.3282404258282698,0.18571588279424697,0.16459927064042018,0.25188608991993494,0.28582568449958107,0.3282445223330607,0.18571588279424697,0.16459927064042018,0.25188608991993494,0.28582568449958107,0.3282445223330607,0.08372638995699319,0.16459927064042018,0.14051746391306347,0.28582568449958107,0.3282445223330607,0.18546947234814543,0.16459927064042018,0.23470994500564812,0.013804049719913945
0.5717945372528942,0.5439906610529762,0.7292413992088344,0.5646403585849251,0.6289688098179368,0.5717945372528942,0.5439906610529762,0.7288885132140462,0.5646403585849251,0.6289688098179368,0.5717945372528942,0.5439906610529762,0.7292413992088344,0.5646403585849251,0.6289688098179368,0.5717945372528942,0.5439906610529762,0.7292413992088344,0.26189647683575523,0.6289688098179368,0.36497342098959634,0.5439906610529762,0.7292413992088344,0.5645735704045157,0.6289688098179368,0.5873277662960068,0.020644678232762993
-0.39044896867446394,-0.6514734629722794,-0.5233593046678602,-0.6434211691029743,-0.28614366842628075,-0.39044896867446394,-0.6514734629722794,-0.5231472602952096,-0.6434211691029743,-0.28614366842628075,-0.39044896867446394,-0.6514734629722794,-0.5233593046678602,-0.6434211691029743,-0.28614366842628075,-0.39044896867446394,-0.6514734629722794,-0.5233593046678602,-0.3310443948091399,-0.28614366842628075,-0.2904739358021598,-0.6514734629722794,-0.5233593046678602,-0.642908004380308,-0.28614366842628075,-0.4824462341183135,0.028849562970020944
-0.5699887118304461,-0.8267899605510223,-0.5344411297238216,-0.5790927211861868,-0.5921000206305806,-0.5699887118304461,-0.8267899605510223,-0.5346995895312204,-0.5790927211861868,-0.5921000206305806,-0.5699887118304461,-0.8267899605510223,-0.5344411297238216,-0.5790927211861868,-0.5921000206305806,-0.5699887118304461,-0.8267899605510223,-0.5344411297238216,-0.28158374035811323,-0.5921000206305806,-0.36221044862214646,-0.8267899605510223,-0.5344411297238216,-0.5790323129452389,-0.5921000206305806,-0.6002789410856145,0.026083328637786098
-0.1869532608264076,-0.2671511367497196,-0.20144933912859553,-0.3723090113729954,-0.49009779017138394,-0.1869532608264076,-0.2671511367497196,-0.20163572727664547,-0.3723090113729954,-0.49009779017138394,-0.1869532608264076,-0.2671511367497196,-0.20144933912859553,-0.3723090113729954,-0.49009779017138394,-0.1869532608264076,-0.2671511367497196,-0.20144933912859553,-0.13658363639545082,-0.49009779017138394,-0.08179997274344304,-0.2671511367497196,-0.20144933912859553,-0.3720107502631036,-0.49009779017138394,-0.28995248620892633,0.024127465496697312
0.6086794591457918,0.7451083255936591,0.4501847831776974,0.39558496109300223,0.2850859050529956,0.6086794591457918,0.7451083255936591,0.45003101360347286,0.39558496109300223,0.2850859050529956,0.6086794591457918,0.7451083255936591,0.4501847831776974,0.39558496109300223,0.2850859050529956,0.6086794591457918,0.7451083255936591,0.4501847831776974,0.16144096641115677,0.2850859050529956,0.30748908247985657,0.7451083255936591,0.4501847831776974,0.3959417181851648,0.2850859050529956,0.4755234314594354,0.03444593442900656
0.002025560504968276,-0.0006155422793172962,0.011997757122478511,0.009802253991309798,0.0037204426194304007,0.002025560504968276,-0.0006155422793172962,0.01227030138445028,0.009802253991309798,0.0037204426194304007,0.002025560504968276,-0.0006155422793172962,0.011997757122478511,0.009802253991309798,0.0037204426194304007,0.002025560504968276,-0.0006155422793172962,0.011997757122478511,0.020814351975557647,0.0037204426194304007,-0.0005677356626175451,-0.0006155422793172962,0.011997757122478511,0.0095025137625758,0.0037204426194304007,0.005721758625769929,0.0011145929610172055
0.06020445815258822,-0.08856276333758724,-0.18678696431193584,-0.12079267180965307,-0.12334727204498945,0.06020445815258822,-0.08856276333758724,-0.1866219807001103,-0.12079267180965307,-0.12334727204498945,0.06020445815258822,-0.08856276333758724,-0.18678696431193584,-0.12079267180965307,-0.12334727204498945,0.06020445815258822,-0.08856276333758724,-0.18678696431193584,-0.04446748283437737,-0.12334727204498945,0.008828526851869732,-0.08856276333758724,-0.18678696431193584,-0.12065741415046574,-0.12334727204498945,-0.09084706271249267,0.015602244114494193
-0.35629668902392797,-0.39240551465030427,-0.18942029259131377,-0.3701826377390517,-0.28689463738030785,-0.35629668902392797,-0.39240551465030427,-0.18934264805569012,-0.3701826377390517,-0.28689463738030785,-0.35629668902392797,-0.39240551465030427,-0.18942029259131377,-0.3701826377390517,-0.28689463738030785,-0.35629668902392797,-0.39240551465030427,-0.18942029259131377,-0.18058562157395472,-0.28689463738030785,-0.22032045141118967,-0.39240551465030427,-0.18942029259131377,-0.3701490739837837,-0.28689463738030785,-0.306012575794232,0.0155310607624651
0.012618624010754902,0.048792968341039154,0.08565839577061564,0.0692732596061787,0.1853073464352312,0.012618624010754902,0.048792968341039154,0.08528642913517086,0.0692732596061787,0.1853073464352312,0.012618624010754902,0.048792968341039154,0.08565839577061564,0.0692732596061787,0.1853073464352312,0.012618624010754902,0.048792968341039154,0.08565839577061564,0.06062545090198697,0.1853073464352312,0.029218531812070334,0.048792968341039154,0.08565839577061564,0.06906981113349835,0.1853073464352312,0.08062518619232385,0.011234809418968542
0.9848254436288048,0.9808096148339162,0.788405419058403,0.8958609968089944,0.8065563652912852,0.9848254436288048,0.9808096148339162,0.7883254084055443,0.8958609968089944,0.8065563652912852,0.9848254436288048,0.9808096148339162,0.788405419058403,0.8958609968089944,0.8065563652912852,0.9848254436288048,0.9808096148339162,0.788405419058403,0.4120485471014852,0.8065563652912852,0.5696324379871649,0.9808096148339162,0.788405419058403,0.8956764309011915,0.8065563652912852,0.8553207666478884,0.02674032276164092
0.5704102270546096,0.6453422402008199,0.5531756386100166,0.5599675730182566,0.4645276558317185,0.5704102270546096,0.6453422402008199,0.5535075262491461,0.5599675730182566,0.4645276558317185,0.5704102270546096,0.6453422402008199,0.5531756386100166,0.5599675730182566,0.4645276558317185,0.5704102270546096,0.6453422402008199,0.5531756386100166,0.2744550642005197,0.4645276558317185,0.3693245974186591,0.6453422402008199,0.5531756386100166,0.5594431327019025,0.4645276558317185,0.5392130392978477,0.01708549330058558
0.23534722543100586,0.05977950194616324,0.11110419486246707,0.1373409911045333,0.06946409803110867,0.23534722543100586,0.05977950194616324,0.11132853975713548,0.1373409911045333,0.06946409803110867,0.23534722543100586,0.05977950194616324,0.11110419486246707,0.1373409911045333,0.06946409803110867,0.23534722543100586,0.05977950194616324,0.11110419486246707,0.08022056864767504,0.06946409803110867,0.12807011701796675,0.05977950194616324,0.11110419486246707,0.1371286890554848,0.06946409803110867,0.11603178275408452,0.011566727966064281
-0.6418401091528354,-0.6072559326001779,-0.7318227370617258,-0.6473993990091991,-0.6365506012840382,-0.6418401091528354,-0.6072559326001779,-0.7319855383536568,-0.6473993990091991,-0.6365506012840382,-0.6418401091528354,-0.6072559326001779,-0.7318227370617258,-0.6473993990091991,-0.6365506012840382,-0.6418401091528354,-0.6072559326001779,-0.7318227370617258,-0.2680563982382634,-0.6365506012840382,-0.3646792103513662,-0.6072559326001779,-0.7318227370617258,-0.6476607494008394,-0.6365506012840382,-0.6267305659060419,0.019906917175050692
-0.3444312007183001,-0.24419498127586223,-0.2329836249991179,-0.13649907507051168,-0.26600660295859124,-0.3444312007183001,-0.24419498127586223,-0.23325923441211785,-0.13649907507051168,-0.26600660295859124,-0.3444312007183001,-0.24419498127586223,-0.2329836249991179,-0.13649907507051168,-0.26600660295859124,-0.3444312007183001,-0.24419498127586223,-0.2329836249991179,-0.08496975171075329,-0.26600660295859124,-0.23709517552548295,-0.24419498127586223,-0.2329836249991179,-0.13657246624515745,-0.26600660295859124,-0.2384824430858795,0.01325230810616607
0.06219696254143265,0.2390929231076015,0.2066397683626093,-0.08728789759420139,0.10806478732725179,0.06219696254143265,0.2390929231076015,0.2067913732571788,-0.08728789759420139,0.10806478732725179,0.06219696254143265,0.2390929231076015,0.2066397683626093,-0.08728789759420139,0.10806478732725179,0.06219696254143265,0.2390929231076015,0.2066397683626093,-0.030771496287955676,0.10806478732725179,-0.009059311661295994,0.2390929231076015,0.2066397683626093,-0.08725375798396937,0.10806478732725179,0.10515914361327154,0.02247364902363048
-0.0597144335687191,0.021047099822295027,0.3564646821335501,0.0166661169162916,0.1664957704026497,-0.0597144335687191,0.021047099822295027,0.35626394674252,0.0166661169162916,0.1664957704026497,-0.0597144335687191,0.021047099822295027,0.3564646821335501,0.0166661169162916,0.1664957704026497,-0.0597144335687191,0.021047099822295027,0.3564646821335501,0.012839159591034823,0.1664957704026497,-0.019360699245325914,0.021047099822295027,0.3564646821335501,0.01726969757793507,0.1664957704026497,0.10166903203196347,0.028649903799089018
-0.3625710583477424,-0.2904913649336641,-0.26807806221641556,-0.2825915438953251,-0.3369735583826749,-0.3625710583477424,-0.2904913649336641,-0.26817974014089163,-0.2825915438953251,-0.3369735583826749,-0.3625710583477424,-0.2904913649336641,-0.26807806221641556,-0.2825915438953251,-0.3369735583826749,-0.3625710583477424,-0.2904913649336641,-0.26807806221641556,-0.17413652197910384,-0.3369735583826749,-0.26772322306832763,-0.2904913649336641,-0.26807806221641556,-0.2815289077513628,-0.3369735583826749,-0.29997056493855945,0.00842798795280601
0.5214184801634791,0.6257820095172398,0.5471169660564794,0.6429737448869116,0.43745056742969074,0.5214184801634791,0.6257820095172398,0.5471036268140926,0.6429737448869116,0.43745056742969074,0.5214184801634791,0.6257820095172398,0.5471169660564794,0.6429737448869116,0.43745056742969074,0.5214184801634791,0.6257820095172398,0.5471169660564794,0.27971668207861156,0.43745056742969074,0.3374384307070085,0.6257820095172398,0.5471169660564794,0.6434143589020421,0.43745056742969074,0.5330759601110792,0.019259131580782775
0.21338342123326134,0.37340515383210454,0.07664233876707825,0.18336474623226065,-0.06852798910179547,0.21338342123326134,0.37340515383210454,0.07696264305551034,0.18336474623226065,-0.06852798910179547,0.21338342123326134,0.37340515383210454,0.07664233876707825,0.18336474623226065,-0.06852798910179547,0.21338342123326134,0.37340515383210454,0.07664233876707825,0.14441985490362555,-0.06852798910179547,0.2233784751053008,0.37340515383210454,0.07664233876707825,0.18352565500257872,-0.06852798910179547,0.154514789216668,0.028839634629228648
0.0830091780323908,0.4319042969371087,0.044527529814578276,0.1721654221940571,0.0688890054087858,0.0830091780323908,0.4319042969371087,0.04420046363246513,0.1721654221940571,0.0688890054087858,0.0830091780323908,0.4319042969371087,0.044527529814578276,0.1721654221940571,0.0688890054087858,0.0830091780323908,0.4319042969371087,0.044527529814578276,0.06276384799433851,0.0688890054087858,0.02792124022437328,0.4319042969371087,0.044527529814578276,0.17231915143751872,0.0688890054087858,0.15351257251952866,0.028502752878049
0.5202949978913763,0.7273430151808886,0.6682957735804193,0.4415855496102159,0.16348842936243735,0.5202949978913763,0.7273430151808886,0.667904041169165,0.4415855496102159,0.16348842936243735,0.5202949978913763,0.7273430151808886,0.6682957735804193,0.4415855496102159,0.16348842936243735,0.5202949978913763,0.7273430151808886,0.6682957735804193,0.18566902466974547,0.16348842936243735,0.29565957907415047,0.7273430151808886,0.6682957735804193,0.44111371592472404,0.16348842936243735,0.4849449327308899,0.04144235171064454
0.358530190024978,0.2848521702398114,0.301863285062327,0.2842859787605343,0.15769695390579544,0.358530190024978,0.2848521702398114,0.3014504803884301,0.2842859787605343,0.15769695390579544,0.358530190024978,0.2848521702398114,0.301863285062327,0.2842859787605343,0.15769695390579544,0.358530190024978,0.2848521702398114,0.301863285062327,0.147407963234572,0.15769695390579544,0.22054062217417608,0.2848521702398114,0.301863285062327,0.28468097380483076,0.15769695390579544,0.26645029987843466,0.013505054271698104
0.10333366615224128,0.16391325218802344,-0.009339704802325093,0.023631256489318426,0.038297688047177814,0.10333366615224128,0.16391325218802344,-0.008982235237625872,0.023631256489318426,0.038297688047177814,0.10333366615224128,0.16391325218802344,-0.009339704802325093,0.023631256489318426,0.038297688047177814,0.10333366615224128,0.16391325218802344,-0.009339704802325093,0.04152904994707982,0.038297688047177814,0.0837303973979943,0.16391325218802344,-0.009339704802325093,0.023706372207419262,0.038297688047177814,0.06391631601433975,0.01200337638063041
0.810429736495138,0.7799889738166517,0.670054392030943,0.5762385388545322,0.7218911960498546,0.810429736495138,0.7799889738166517,0.6702814324300673,0.5762385388545322,0.7218911960498546,0.810429736495138,0.7799889738166517,0.670054392030943,0.5762385388545322,0.7218911960498546,0.810429736495138,0.7799889738166517,0.670054392030943,0.27724150495378047,0.7218911960498546,0.48342365002475,0.7799889738166517,0.670054392030943,0.5755083985699873,0.7218911960498546,0.6866603186391614,0.02386715153161475
0.33691950218990857,0.1373649506259921,0.2045643813728347,0.19142078107910113,0.30479550121896354,0.33691950218990857,0.1373649506259921,0.20473207772146393,0.19142078107910113,0.30479550121896354,0.33691950218990857,0.1373649506259921,0.2045643813728347,0.19142078107910113,0.30479550121896354,0.33691950218990857,0.1373649506259921,0.2045643813728347,0.10903872484669765,0.30479550121896354,0.14451667716415467,0.1373649506259921,0.2045643813728347,0.19043865219065015,0.30479550121896354,0.22398905074544084,0.015033167268522609
0.7121016669973075,0.6120697880062557,0.7005993662949013,0.6568491644632707,0.6770612926028448,0.7121016669973075,0.6120697880062557,0.7002140105085933,0.6568491644632707,0.6770612926028448,0.7121016669973075,0.6120697880062557,0.7005993662949013,0.6568491644632707,0.6770612926028448,0.7121016669973075,0.6120697880062557,0.7005993662949013,0.32520920142664606,0.6770612926028448,0.42267508449412444,0.6120697880062557,0.7005993662949013,0.6570297874392315,0.6770612926028448,0.6468854045389096,0.017371837717725474
-0.044828001519882275,-0.2326837857853745,-0.07099539605563288,0.10870063856351092,0.08463670975964326,-0.044828001519882275,-0.2326837857853745,-0.07087417888859486,0.10870063856351092,0.08463670975964326,-0.044828001519882275,-0.2326837857853745,-0.07099539605563288,0.10870063856351092,0.08463670975964326,-0.044828001519882275,-0.2326837857853745,-0.07099539605563288,0.11211053387291374,0.08463670975964326,0.09739521482939717,-0.2326837857853745,-0.07099539605563288,0.10766639874586632,0.08463670975964326,-0.025245163447224068,0.02458609675348435
0.1848517372612257,0.02731623586556819,0.16013933687138732,0.35108697293659635,0.3767489641078873,0.1848517372612257,0.02731623586556819,0.16034299312583963,0.35108697293659635,0.3767489641078873,0.1848517372612257,0.02731623586556819,0.16013933687138732,0.35108697293659635,0.3767489641078873,0.1848517372612257,0.02731623586556819,0.16013933687138732,0.24179722660211211,0.3767489641078873,0.2316901120887506,0.02731623586556819,0.16013933687138732,0.3500746715319969,0.3767489641078873,0.21749824874224866,0.02481458076005471
0.9525195771656766,0.7366131193259576,1.0747231158473562,0.9943459499852425,0.9426217212323502,0.9525195771656766,0.7366131193259576,1.0748069838926528,0.9943459499852425,0.9426217212323502,0.9525195771656766,0.7366131193259576,1.0747231158473562,0.9943459499852425,0.9426217212323502,0.9525195771656766,0.7366131193259576,1.0747231158473562,0.44103366668768507,0.9426217212323502,0.509732148590242,0.7366131193259576,1.0747231158473562,0.9939664868958216,0.9426217212323502,0.9003088844346315,0.032927722131630706
0.33422932080710394,-0.15685103800946287,-0.050614212464871425,0.14006192289910582,0.30615237260453404,0.33422932080710394,-0.15685103800946287,-0.05048708607578869,0.14006192289910582,0.30615237260453404,0.33422932080710394,-0.15685103800946287,-0.050614212464871425,0.14006192289910582,0.30615237260453404,0.33422932080710394,-0.15685103800946287,-0.050614212464871425,0.0496216672707984,0.30615237260453404,0.18115683051808879,-0.15685103800946287,-0.050614212464871425,0.14072376292989094,0.30615237260453404,0.10488672198738369,0.03700718043360293
0.441716464916211,0.4705530345118323,0.24620067840348905,0.3903291684150755,0.6564633129697964,0.441716464916211,0.4705530345118323,0.24673807848192733,0.3903291684150755,0.6564633129697964,0.441716464916211,0.4705530345118323,0.24620067840348905,0.3903291684150755,0.6564633129697964,0.441716464916211,0.4705530345118323,0.24620067840348905,0.2579066374568467,0.6564633129697964,0.3328691724223257,0.4705530345118323,0.24620067840348905,0.3909230703178721,0.6564633129697964,0.43144699098444567,0.027150866533760632
-0.24292208865423234,-0.08212006132260286,-0.30485203725871496,-0.23571501843928333,0.1305174169696616,-0.24292208865423234,-0.08212006132260286,-0.30493814618333337,-0.23571501843928333,0.1305174169696616,-0.24292208865423234,-0.08212006132260286,-0.30485203725871496,-0.23571501843928333,0.1305174169696616,-0.24292208865423234,-0.08212006132260286,-0.30485203725871496,-0.04907596573425711,0.1305174169696616,-0.09669372994009336,-0.08212006132260286,-0.30485203725871496,-0.23550340648636273,0.1305174169696616,-0.1336986411631357,0.030550964354580615
0.2706636568168269,0.3977779611721145,0.27626602511785425,0.382059132366091,0.5318476030369307,0.2706636568168269,0.3977779611721145,0.2758247605852533,0.382059132366091,0.5318476030369307,0.2706636568168269,0.3977779611721145,0.27626602511785425,0.382059132366091,0.5318476030369307,0.2706636568168269,0.3977779611721145,0.27626602511785425,0.21195609828531,0.5318476030369307,0.20603506135838942,0.3977779611721145,0.27626602511785425,0.38264019747105577,0.5318476030369307,0.3623392025432894,0.020354798188353014
-0.3385766849540178,-0.6537280322869188,-0.29810299126896544,-0.44764884126641336,-0.3693637289627773,-0.3385766849540178,-0.6537280322869188,-0.2977935606467622,-0.44764884126641336,-0.3693637289627773,-0.3385766849540178,-0.6537280322869188,-0.29810299126896544,-0.44764884126641336,-0.3693637289627773,-0.3385766849540178,-0.6537280322869188,-0.29810299126896544,-0.25791295218376087,-0.3693637289627773,-0.31923413226782443,-0.6537280322869188,-0.29810299126896544,-0.4468845571969382,-0.3693637289627773,-0.4130779694893977,0.025573343994931434
-0.04088432853306484,0.3005982331686556,-0.009438795348813001,0.10332628862586506,0.02142405687016169,-0.04088432853306484,0.3005982331686556,-0.009147166465052719,0.10332628862586506,0.02142405687016169,-0.04088432853306484,0.3005982331686556,-0.009438795348813001,0.10332628862586506,0.02142405687016169,-0.04088432853306484,0.3005982331686556,-0.009438795348813001,0.05882468665902404,0.02142405687016169,-0.0191244027781682,0.3005982331686556,-0.009438795348813001,0.10272732414223563,0.02142405687016169,0.07408313048408836,0.023872023768447343
0.38113326939371467,0.6006496453344725,0.5892378183314797,0.7431652109014589,0.5467532031538138,0.38113326939371467,0.6006496453344725,0.5893168595398387,0.7431652109014589,0.5467532031538138,0.38113326939371467,0.6006496453344725,0.5892378183314797,0.7431652109014589,0.5467532031538138,0.38113326939371467,0.6006496453344725,0.5892378183314797,0.30524972386489646,0.5467532031538138,0.21385884831791446,0.6006496453344725,0.5892378183314797,0.7431420168269197,0.5467532031538138,0.5479824669838463,0.026506365518060532
-0.704210023306835,-0.6090307755832085,-0.6024655244780429,-0.48013619765857424,-0.2450162516608718,-0.704210023306835,-0.6090307755832085,-0.6020919027268135,-0.48013619765857424,-0.2450162516608718,-0.704210023306835,-0.6090307755832085,-0.6024655244780429,-0.48013619765857424,-0.2450162516608718,-0.704210023306835,-0.6090307755832085,-0.6024655244780429,-0.18244526100084119,-0.2450162516608718,-0.31983983242603414,-0.6090307755832085,-0.6024655244780429,-0.4801748584560993,-0.2450162516608718,-0.5008759109978169,0.03370927289721032
-0.3337408205454539,-0.269627484012226,-0.427150417381429,-0.20579291435682098,-0.25236394337429197,-0.3337408205454539,-0.269627484012226,-0.42696547696123976,-0.20579291435682098,-0.25236394337429197,-0.3337408205454539,-0.269627484012226,-0.427150417381429,-0.20579291435682098,-0.25236394337429197,-0.3337408205454539,-0.269627484012226,-0.427150417381429,-0.02911116188921228,-0.25236394337429197,-0.07162226540880968,-0.269627484012226,-0.427150417381429,-0.20570416081700385,-0.25236394337429197,-0.28017215587147404,0.019710463223707734
-0.1563603786722764,0.03962598748489232,-0.35011730169189437,-0.07525480937106566,-0.07722017587522978,-0.1563603786722764,0.03962598748489232,-0.349899728635238,-0.07525480937106566,-0.07722017587522978,-0.1563603786722764,0.03962598748489232,-0.35011730169189437,-0.07525480937106566,-0.07722017587522978,-0.1563603786722764,0.03962598748489232,-0.35011730169189437,0.026971334899926338,-0.07722017587522978,0.011687588418338772,0.03962598748489232,-0.35011730169189437,-0.07469665130428794,-0.07722017587522978,-0.11302334192571312,0.026378752231101327
0.8628463023786419,1.03130250016206,0.7650115103787514,0.8572670137021667,0.7909443714965452,0.8628463023786419,1.03130250016206,0.7653233496851256,0.8572670137021667,0.7909443714965452,0.8628463023786419,1.03130250016206,0.7650115103787514,0.8572670137021667,0.7909443714965452,0.8628463023786419,1.03130250016206,0.7650115103787514,0.4772240103429643,0.7909443714965452,0.6495000714632531,1.03130250016206,0.7650115103787514,0.8563125770910042,0.7909443714965452,0.8377130663604581,0.024623299037867412
0.4644339845256956,0.26050216781114466,0.21714760104426933,0.12614199255317796,0.3699783571267677,0.4644339845256956,0.26050216781114466,0.21733741675465068,0.12614199255317796,0.3699783571267677,0.4644339845256956,0.26050216781114466,0.21714760104426933,0.12614199255317796,0.3699783571267677,0.4644339845256956,0.26050216781114466,0.21714760104426933,0.15920664783810895,0.3699783571267677,0.4193648765599878,0.26050216781114466,0.21714760104426933,0.12514027902976577,0.3699783571267677,0.2871281665924587,0.022392132942753436
0.20853186497689416,-0.25778332283822836,0.20162845974184396,0.06385710450323422,0.13739668763177332,0.20853186497689416,-0.25778332283822836,0.2009560911424508,0.06385710450323422,0.13739668763177332,0.20853186497689416,-0.25778332283822836,0.20162845974184396,0.06385710450323422,0.13739668763177332,0.20853186497689416,-0.25778332283822836,0.20162845974184396,0.05845009584893406,0.13739668763177332,0.14661911492350918,-0.25778332283822836,0.20162845974184396,0.06450128238590079,0.13739668763177332,0.068032240826127,0.033493734055476385
0.6051095471472356,0.40490263186832914,0.6145336895937072,0.632506887866079,0.16838262143637792,0.6051095471472356,0.40490263186832914,0.6145596926402888,0.632506887866079,0.16838262143637792,0.6051095471472356,0.40490263186832914,0.6145336895937072,0.632506887866079,0.16838262143637792,0.6051095471472356,0.40490263186832914,0.6145336895937072,0.25197144990229,0.16838262143637792,0.31659654135331217,0.40490263186832914,0.6145336895937072,0.6328559900396072,0.16838262143637792,0.4583401420408417,0.03566828298490854
1.1675238970239266,1.3657006922796189,1.2300762476576885,1.2674960897527259,1.243962319524469,1.1675238970239266,1.3657006922796189,1.230048218941325,1.2674960897527259,1.243962319524469,1.1675238970239266,1.3657006922796189,1.2300762476576885,1.2674960897527259,1.243962319524469,1.1675238970239266,1.3657006922796189,1.2300762476576885,0.5637897526755659,1.243962319524469,0.6936750084909726,1.3657006922796189,1.2300762476576885,1.267651760958866,1.243962319524469,1.2078547459228723,0.03580968947425815
-0.02851341072428921,0.0667857800285665,0.22960563312455573,0.23066637617018823,0.20851961465475288,-0.02851341072428921,0.0667857800285665,0.22903328058476355,0.23066637617018823,0.20851961465475288,-0.02851341072428921,0.0667857800285665,0.22960563312455573,0.23066637617018823,0.20851961465475288,-0.02851341072428921,0.0667857800285665,0.22960563312455573,0.055073688551013286,0.20851961465475288,-0.09126743737146642,0.0667857800285665,0.22960563312455573,0.23103362083808276,0.20851961465475288,0.13187072576522485,0.02133614676739267
-1.1167203811178885,-1.1139409185011862,-0.9485796347804163,-0.9197598498667737,-0.9477017563343879,-1.1167203811178885,-1.1139409185011862,-0.9483356513902733,-0.9197598498667737,-0.9477017563343879,-1.1167203811178885,-1.1139409185011862,-0.9485796347804163,-0.9197598498667737,-0.9477017563343879,-1.1167203811178885,-1.1139409185011862,-0.9485796347804163,-0.43004266864091933,-0.9477017563343879,-0.6506131605126586,-1.1139409185011862,-0.9485796347804163,-0.9194514972572665,-0.9477017563343879,-0.971085438606901,0.03033538018836188
-0.6811063297924166,-0.868367427181296,-0.4252387344619885,-0.6450934067353775,-0.7306078072684616,-0.6811063297924166,-0.868367427181296,-0.42506173161371114,-0.6450934067353775,-0.7306078072684616,-0.6811063297924166,-0.868367427181296,-0.4252387344619885,-0.6450934067353775,-0.7306078072684616,-0.6811063297924166,-0.868367427181296,-0.4252387344619885,-0.32998372554879035,-0.7306078072684616,-0.39179563549787766,-0.868367427181296,-0.4252387344619885,-0.6446724029148501,-0.7306078072684616,-0.6458820058019107,0.03272741675611677
0.5970329129070208,0.1797124918539105,0.45527051641783456,0.26064971077498017,0.6078675311517755,0.5970329129070208,0.1797124918539105,0.45505824821405017,0.26064971077498017,0.6078675311517755,0.5970329129070208,0.1797124918539105,0.45527051641783456,0.26064971077498017,0.6078675311517755,0.5970329129070208,0.1797124918539105,0.45527051641783456,0.14434392434315704,0.6078675311517755,0.40357059854894944,0.1797124918539105,0.45527051641783456,0.2611123480689229,0.6078675311517755,0.40772592335311486,0.03443258540653776
0.09094227606371227,0.14620793610139435,0.061869792210740696,0.17075458205498592,0.5318575858889446,0.09094227606371227,0.14620793610139435,0.06159471872947824,0.17075458205498592,0.5318575858889446,0.09094227606371227,0.14620793610139435,0.061869792210740696,0.17075458205498592,0.5318575858889446,0.09094227606371227,0.14620793610139435,0.061869792210740696,0.11663369812809948,0.5318575858889446,0.1361833183221823,0.14620793610139435,0.061869792210740696,0.17110357778312613,0.5318575858889446,0.19997419768709399,0.03334179138018473
1.0076576731016627,0.829449253026028,0.8242928127318093,0.9913201438992947,1.2007571614742196,1.0076576731016627,0.829449253026028,0.824397393177008,0.9913201438992947,1.2007571614742196,1.0076576731016627,0.829449253026028,0.8242928127318093,0.9913201438992947,1.2007571614742196,1.0076576731016627,0.829449253026028,0.8242928127318093,0.5295066145209232,1.2007571614742196,0.7815151589195226,0.829449253026028,0.8242928127318093,0.9915868233064778,1.2007571614742196,0.9431920174982774,0.03258682260285521
-0.42188794489183434,-0.09670750826080723,-0.5442743348177081,-0.35491691555934823,-0.6056925545370897,-0.42188794489183434,-0.09670750826080723,-0.544257839734069,-0.35491691555934823,-0.6056925545370897,-0.42188794489183434,-0.09670750826080723,-0.5442743348177081,-0.35491691555934823,-0.6056925545370897,-0.42188794489183434,-0.09670750826080723,-0.5442743348177081,-0.15650335522416245,-0.6056925545370897,-0.17201429156496487,-0.09670750826080723,-0.5442743348177081,-0.3549469876108502,-0.6056925545370897,-0.3867649061455898,0.03705467756736701
-0.7280634949771418,-0.6702710869432503,-0.6386839556587243,-0.5102284098702212,-0.8299153669216218,-0.7280634949771418,-0.6702710869432503,-0.6381463716242768,-0.5102284098702212,-0.8299153669216218,-0.7280634949771418,-0.6702710869432503,-0.6386839556587243,-0.5102284098702212,-0.8299153669216218,-0.7280634949771418,-0.6702710869432503,-0.6386839556587243,-0.272956796365747,-0.8299153669216218,-0.4059842791429526,-0.6702710869432503,-0.6386839556587243,-0.5103386642995168,-0.8299153669216218,-0.6530413365164393,0.026847667859951466
-0.5407490251639594,-0.6860601872804861,-0.5944339088778188,-0.38047931148221287,-0.5746271362780797,-0.5407490251639594,-0.6860601872804861,-0.594253224585858,-0.38047931148221287,-0.5746271362780797,-0.5407490251639594,-0.6860601872804861,-0.5944339088778188,-0.38047931148221287,-0.5746271362780797,-0.5407490251639594,-0.6860601872804861,-0.5944339088778188,-0.2551467090407564,-0.5746271362780797,-0.41643378627652844,-0.6860601872804861,-0.5944339088778188,-0.38010781687836936,-0.5746271362780797,-0.5452619130075237,0.02236359735760655
0.5741786688625824,0.33898796624889627,0.5157811296012061,0.866554372252383,0.47087465339009077,0.5741786688625824,0.33898796624889627,0.5157663616002305,0.866554372252383,0.47087465339009077,0.5741786688625824,0.33898796624889627,0.5157811296012061,0.866554372252383,0.47087465339009077,0.5741786688625824,0.33898796624889627,0.5157811296012061,0.36234580569062297,0.47087465339009077,0.3271943978805047,0.33898796624889627,0.5157811296012061,0.8667066301441849,0.47087465339009077,0.5232331441649112,0.03351225981967503
1.5277169137121183,1.50442093556591,1.4774656924070297,1.7942411890467576,1.7315471205826896,1.5277169137121183,1.50442093556591,1.477489187512531,1.7942411890467576,1.7315471205826896,1.5277169137121183,1.50442093556591,1.4774656924070297,1.7942411890467576,1.7315471205826896,1.5277169137121183,1.50442093556591,1.4774656924070297,0.8417009834758294,1.7315471205826896,0.9603737373118567,1.50442093556591,1.4774656924070297,1.7940507944638808,1.7315471205826896,1.5462763590049584,0.04456619898487994
-0.5378839980198914,-0.854539521018224,-0.7274359105964723,-0.7890861591095234,-0.7169431274444968,-0.5378839980198914,-0.854539521018224,-0.7269522178877657,-0.7890861591095234,-0.7169431274444968,-0.5378839980198914,-0.854539521018224,-0.7274359105964723,-0.7890861591095234,-0.7169431274444968,-0.5378839980198914,-0.854539521018224,-0.7274359105964723,-0.3497674706109785,-0.7169431274444968,-0.38769058963091074,-0.854539521018224,-0.7274359105964723,-0.7886670677665844,-0.7169431274444968,-0.7015611480001546,0.027217679204579723
-0.48954823884804544,0.02862406571161979,-0.5262119529060412,-0.2705922022651203,-0.3356162233528803,-0.48954823884804544,0.02862406571161979,-0.5261659221871773,-0.2705922022651203,-0.3356162233528803,-0.48954823884804544,0.02862406571161979,-0.5262119529060412,-0.2705922022651203,-0.3356162233528803,-0.48954823884804544,0.02862406571161979,-0.5262119529060412,-0.10318049320250024,-0.3356162233528803,-0.19884029906043763,0.02862406571161979,-0.5262119529060412,-0.2703626350704541,-0.3356162233528803,-0.3003331004615431,0.039189976593697745
-0.6276810307360228,0.010383716827439026,-0.1328550133575237,-0.4863525484580364,-0.11850444851107693,-0.6276810307360228,0.010383716827439026,-0.132823594545833,-0.4863525484580364,-0.11850444851107693,-0.6276810307360228,0.010383716827439026,-0.1328550133575237,-0.4863525484580364,-0.11850444851107693,-0.6276810307360228,0.010383716827439026,-0.1328550133575237,-0.1735187796890412,-0.11850444851107693,-0.24231847860811287,0.010383716827439026,-0.1328550133575237,-0.4868769606062032,-0.11850444851107693,-0.243093731744627,0.044601862517063766
-0.19607171756528297,-0.21045853753173502,-0.019065435402675582,-0.32283942912689884,-0.06994431934831714,-0.19607171756528297,-0.21045853753173502,-0.01910285630414718,-0.32283942912689884,-0.06994431934831714,-0.19607171756528297,-0.21045853753173502,-0.019065435402675582,-0.32283942912689884,-0.06994431934831714,-0.19607171756528297,-0.21045853753173502,-0.019065435402675582,-0.12316579746326181,-0.06994431934831714,-0.1159660090556574,-0.21045853753173502,-0.019065435402675582,-0.3231370909555487,-0.06994431934831714,-0.15249811749725628,0.020223363440599555
0.3306209352778052,-0.3934848744517262,-0.285429899938525,0.08789181640154567,0.15087763066947382,0.3306209352778052,-0.3934848744517262,-0.2852045041840938,0.08789181640154567,0.15087763066947382,0.3306209352778052,-0.3934848744517262,-0.285429899938525,0.08789181640154567,0.15087763066947382,0.3306209352778052,-0.3934848744517262,-0.285429899938525,-0.014769308468618968,0.15087763066947382,0.04906329280458858,-0.3934848744517262,-0.285429899938525,0.08833895898817377,0.15087763066947382,-0.03724672756837819,0.05161032124187081
-1.6520232946164144,-1.105125889897544,-1.4511213221237926,-1.5053034210130494,-1.5166299406288242,-1.6520232946164144,-1.105125889897544,-1.4508177408011598,-1.5053034210130494,-1.5166299406288242,-1.6520232946164144,-1.105125889897544,-1.4511213221237926,-1.5053034210130494,-1.5166299406288242,-1.6520232946164144,-1.105125889897544,-1.4511213221237926,-0.6567724066107159,-1.5166299406288242,-0.9734928518192407,-1.105125889897544,-1.4511213221237926,-1.5048678177376245,-1.5166299406288242,-1.3849287479840222,0.04871812349895455
-0.42549118212289194,-0.07522004918562852,-0.22474847210537696,-0.31941392296983045,-0.29437202437755944,-0.42549118212289194,-0.07522004918562852,-0.224926546752731,-0.31941392296983045,-0.29437202437755944,-0.42549118212289194,-0.07522004918562852,-0.22474847210537696,-0.31941392296983045,-0.29437202437755944,-0.42549118212289194,-0.07522004918562852,-0.22474847210537696,-0.10510174653195749,-0.29437202437755944,-0.2129750022729759,-0.07522004918562852,-0.22474847210537696,-0.3198455402678371,-0.29437202437755944,-0.2508003835785604,0.022553731127550092
-0.19861186316219417,-0.16435291178944744,-0.11272174964108192,-0.2560350839429936,-0.49742093936644843,-0.19861186316219417,-0.16435291178944744,-0.1126797849817131,-0.2560350839429936,-0.49742093936644843,-0.19861186316219417,-0.16435291178944744,-0.11272174964108192,-0.2560350839429936,-0.49742093936644843,-0.19861186316219417,-0.16435291178944744,-0.11272174964108192,-0.1930026393800324,-0.49742093936644843,-0.17507209453770772,-0.16435291178944744,-0.11272174964108192,-0.2564303695968686,-0.49742093936644843,-0.24237975389271552,0.026461164678225627
-0.0706577942456336,-0.19703132258132652,-0.15763551861995787,0.2685752765924978,0.05364496662269497,-0.0706577942456336,-0.19703132258132652,-0.15764919091906984,0.2685752765924978,0.05364496662269497,-0.0706577942456336,-0.19703132258132652,-0.15763551861995787,0.2685752765924978,0.05364496662269497,-0.0706577942456336,-0.19703132258132652,-0.15763551861995787,0.027398575485459008,0.05364496662269497,-0.11212869075673614,-0.19703132258132652,-0.15763551861995787,0.26845199815513915,0.05364496662269497,-0.03193226038052952,0.031108028132468355
-0.6099780003500329,-0.8483101312324417,-0.7808700403803404,-0.597625175611629,-0.5400213481033472,-0.6099780003500329,-0.8483101312324417,-0.7806494438224162,-0.597625175611629,-0.5400213481033472,-0.6099780003500329,-0.8483101312324417,-0.7808700403803404,-0.597625175611629,-0.5400213481033472,-0.6099780003500329,-0.8483101312324417,-0.7808700403803404,-0.306623704713622,-0.5400213481033472,-0.4435978321882399,-0.8483101312324417,-0.7808700403803404,-0.5968211850993227,-0.5400213481033472,-0.6570246900903571,0.028268712802932465
-0.478586340259446,-0.13385926278708515,-0.3418344863082388,-0.0019273290481649514,-0.08182559300190993,-0.478586340259446,-0.13385926278708515,-0.3419776249951219,-0.0019273290481649514,-0.08182559300190993,-0.478586340259446,-0.13385926278708515,-0.3418344863082388,-0.0019273290481649514,-0.08182559300190993,-0.478586340259446,-0.13385926278708515,-0.3418344863082388,0.021256013788972617,-0.08182559300190993,-0.19171091072777272,-0.13385926278708515,-0.3418344863082388,-0.0010154049147841411,-0.08182559300190993,-0.19517349996835662,0.03301514428662452
1.9471215590633673,1.8778774638533988,2.2599060444770855,2.213755726079146,2.001019230451007,1.9471215590633673,1.8778774638533988,2.2603117672827784,2.213755726079146,2.001019230451007,1.9471215590633673,1.8778774638533988,2.2599060444770855,2.213755726079146,2.001019230451007,1.9471215590633673,1.8778774638533988,2.2599060444770855,1.0549361184344306,2.001019230451007,1.310857013155587,1.8778774638533988,2.2599060444770855,2.2130787738516196,2.001019230451007,1.9881217894658278,0.05506275720248018
0.7420989972193499,0.665551085452634,0.5670661130409472,0.7766048467359039,0.7780256087906415,0.7420989972193499,0.665551085452634,0.5673057253874767,0.7766048467359039,0.7780256087906415,0.7420989972193499,0.665551085452634,0.5670661130409472,0.7766048467359039,0.7780256087906415,0.7420989972193499,0.665551085452634,0.5670661130409472,0.37202317035278454,0.7780256087906415,0.4797983540562349,0.665551085452634,0.5670661130409472,0.7764718076656213,0.7780256087906415,0.6791983003970959,0.021499517192944264
-0.9677423308827111,-0.6146110817679821,-1.0162823071042402,-0.8730924657728961,-0.7468176930623717,-0.9677423308827111,-0.6146110817679821,-1.01621923455462,-0.8730924657728961,-0.7468176930623717,-0.9677423308827111,-0.6146110817679821,-1.0162823071042402,-0.8730924657728961,-0.7468176930623717,-0.9677423308827111,-0.6146110817679821,-1.0162823071042402,-0.32404287003434706,-0.7468176930623717,-0.4452380777520844,-0.6146110817679821,-1.0162823071042402,-0.8727022527160606,-0.7468176930623717,-0.800828890339015,0.037336043273932154
0.6534016827912792,0.8619104988400362,0.9538727797073371,0.7316890422489535,0.8621827715652691,0.6534016827912792,0.8619104988400362,0.9541418265304316,0.7316890422489535,0.8621827715652691,0.6534016827912792,0.8619104988400362,0.9538727797073371,0.7316890422489535,0.8621827715652691,0.6534016827912792,0.8619104988400362,0.9538727797073371,0.225844388839727,0.8621827715652691,0.3036579152455829,0.8619104988400362,0.9538727797073371,0.7319154043305692,0.8621827715652691,0.7784076345485664,0.03564608902885858
-0.07972588816053677,0.1947249718441355,-0.19465041965314112,-0.4812898203634677,-0.6119029525806802,-0.07972588816053677,0.1947249718441355,-0.19470465971185916,-0.4812898203634677,-0.6119029525806802,-0.07972588816053677,0.1947249718441355,-0.19465041965314112,-0.4812898203634677,-0.6119029525806802,-0.07972588816053677,0.1947249718441355,-0.19465041965314112,-0.2235831756984356,-0.6119029525806802,-0.09958642434780762,0.1947249718441355,-0.19465041965314112,-0.48183305264023424,-0.6119029525806802,-0.22507887633704693,0.055429542933314355
1.23438554870225,1.3683406940486444,1.244639577131503,1.0845575576806443,1.1525642022763878,1.23438554870225,1.3683406940486444,1.244162529113894,1.0845575576806443,1.1525642022763878,1.23438554870225,1.3683406940486444,1.244639577131503,1.0845575576806443,1.1525642022763878,1.23438554870225,1.3683406940486444,1.244639577131503,0.40075382474035554,1.1525642022763878,0.6247145078610901,1.3683406940486444,1.244639577131503,1.0854545762198662,1.1525642022763878,1.1651753238374924,0.04224697899178811
-0.7593378491935678,-0.6302179306417497,-0.7667135682237975,-0.947412778966441,-1.1752600892018512,-0.7593378491935678,-0.6302179306417497,-0.7670137474591127,-0.947412778966441,-1.1752600892018512,-0.7593378491935678,-0.6302179306417497,-0.7667135682237975,-0.947412778966441,-1.1752600892018512,-0.7593378491935678,-0.6302179306417497,-0.7667135682237975,-0.4622161866347287,-1.1752600892018512,-0.543159031057618,-0.6302179306417497,-0.7667135682237975,-0.948581546560485,-1.1752600892018512,-0.8277921846999494,0.04129420180928571
-1.0923059185534634,-1.0674376999987774,-1.180623217507749,-0.9923778862852489,-1.2005838673801952,-1.0923059185534634,-1.0674376999987774,-1.1807940894334656,-0.9923778862852489,-1.2005838673801952,-1.0923059185534634,-1.0674376999987774,-1.180623217507749,-0.9923778862852489,-1.2005838673801952,-1.0923059185534634,-1.0674376999987774,-1.180623217507749,-0.5012092819606876,-1.2005838673801952,-0.6624566668241294,-1.0674376999987774,-1.180623217507749,-0.9915855514174442,-1.2005838673801952,-1.0698001451852475,0.03192170576778032
-0.2800998300897442,-0.09955149211317948,-0.2721203405043815,-0.18709137806814813,-0.00795516687603827,-0.2800998300897442,-0.09955149211317948,-0.27186551203395576,-0.18709137806814813,-0.00795516687603827,-0.2800998300897442,-0.09955149211317948,-0.2721203405043815,-0.18709137806814813,-0.00795516687603827,-0.2800998300897442,-0.09955149211317948,-0.2721203405043815,-0.09823856578402253,-0.00795516687603827,-0.0954187150294951,-0.09955149211317948,-0.2721203405043815,-0.18646524411604937,-0.00795516687603827,-0.15838704593962233,0.020198032407115093
0.35278948069083277,0.3628729753840759,0.630931558979488,0.29112539443976987,0.7931455793155717,0.35278948069083277,0.3628729753840759,0.6306961672491007,0.29112539443976987,0.7931455793155717,0.35278948069083277,0.3628729753840759,0.630931558979488,0.29112539443976987,0.7931455793155717,0.35278948069083277,0.3628729753840759,0.630931558979488,0.15037193618250944,0.7931455793155717,0.26553316747892736,0.3628729753840759,0.630931558979488,0.2909453157991003,0.7931455793155717,0.4770359880883388,0.03989695925251051
1.8386362574217252,1.997244632933583,2.0391706128759184,1.6299508057214012,1.4469374461652773,1.8386362574217252,1.997244632933583,2.0389626066182385,1.6299508057214012,1.4469374461652773,1.8386362574217252,1.997244632933583,2.0391706128759184,1.6299508057214012,1.4469374461652773,1.8386362574217252,1.997244632933583,2.0391706128759184,0.8017864922415046,1.4469374461652773,1.2396141227035202,1.997244632933583,2.0391706128759184,1.6292477575742488,1.4469374461652773,1.733264050919464,0.06107630080032273
0.8429222810595203,1.1445732799092627,0.9027946589703694,0.5766031232662803,0.4891781061154732,0.8429222810595203,1.1445732799092627,0.9028486930372662,0.5766031232662803,0.4891781061154732,0.8429222810595203,1.1445732799092627,0.9027946589703694,0.5766031232662803,0.4891781061154732,0.8429222810595203,1.1445732799092627,0.9027946589703694,0.3646274958356729,0.4891781061154732,0.7189332542519442,1.1445732799092627,0.9027946589703694,0.5763847634281021,0.4891781061154732,0.7777691306638026,0.04836411731495931
-1.202000555148014,-1.1713302049666172,-1.436634450630868,-1.3876997497390355,-1.1855983863245212,-1.202000555148014,-1.1713302049666172,-1.436326747546103,-1.3876997497390355,-1.1855983863245212,-1.202000555148014,-1.1713302049666172,-1.436634450630868,-1.3876997497390355,-1.1855983863245212,-1.202000555148014,-1.1713302049666172,-1.436634450630868,-0.5872672625937183,-1.1855983863245212,-0.7006948398356645,-1.1713302049666172,-1.436634450630868,-1.3877173002171033,-1.1855983863245212,-1.2245715351592366,0.03991492927600585
-0.9922681498369906,-1.1169108356220905,-0.8577098561374125,-0.8703513156420606,-0.9624796014163958,-0.9922681498369906,-1.1169108356220905,-0.8580356362159761,-0.8703513156420606,-0.9624796014163958,-0.9922681498369906,-1.1169108356220905,-0.8577098561374125,-0.8703513156420606,-0.9624796014163958,-0.9922681498369906,-1.1169108356220905,-0.8577098561374125,-0.5843604936395977,-0.9624796014163958,-0.9267340517481469,-1.1169108356220905,-0.8577098561374125,-0.8692474289540602,-0.9624796014163958,-0.9458518306629601,0.02317507404392985
-0.8944662406741838,-0.8224635767368377,-0.8669543497559589,-0.8366603358122756,-0.9084355628107151,-0.8944662406741838,-0.8224635767368377,-0.8668803196865043,-0.8366603358122756,-0.9084355628107151,-0.8944662406741838,-0.8224635767368377,-0.8669543497559589,-0.8366603358122756,-0.9084355628107151,-0.8944662406741838,-0.8224635767368377,-0.8669543497559589,-0.39441612840569884,-0.9084355628107151,-0.5906563393196445,-0.8224635767368377,-0.8669543497559589,-0.8370133897583194,-0.9084355628107151,-0.835965009762613,0.02151215563189604
0.4928325491334498,0.36044689036551747,0.6978667530378826,0.7354331314901424,0.5338311993939685,0.4928325491334498,0.36044689036551747,0.6976967131760551,0.7354331314901424,0.5338311993939685,0.4928325491334498,0.36044689036551747,0.6978667530378826,0.7354331314901424,0.5338311993939685,0.4928325491334498,0.36044689036551747,0.6978667530378826,0.2844791762282306,0.5338311993939685,0.24104903382046416,0.36044689036551747,0.6978667530378826,0.7353491729277467,0.5338311993939685,0.5359624459242274,0.030428743794581003
0.49886533181528275,0.20922383470790418,0.4874216936030179,0.2540154142651088,0.2740390540082027,0.49886533181528275,0.20922383470790418,0.4870989859316712,0.2540154142651088,0.2740390540082027,0.49886533181528275,0.20922383470790418,0.4874216936030179,0.2540154142651088,0.2740390540082027,0.49886533181528275,0.20922383470790418,0.4874216936030179,0.04701183747289315,0.2740390540082027,0.11033162530003865,0.20922383470790418,0.4874216936030179,0.25330426267105327,0.2740390540082027,0.3208502199769888,0.02705856156116744
0.48510122028732705,0.7097881657206235,0.6209179186026007,0.7386754305725618,0.8633551702945682,0.48510122028732705,0.7097881657206235,0.6206103424117738,0.7386754305725618,0.8633551702945682,0.48510122028732705,0.7097881657206235,0.6209179186026007,0.7386754305725618,0.8633551702945682,0.48510122028732705,0.7097881657206235,0.6209179186026007,0.38333580661746824,0.8633551702945682,0.35511099591106376,0.7097881657206235,0.6209179186026007,0.7386984861783514,0.8633551702945682,0.6641430063388806,0.028903410438572863
-0.25255792111768466,0.1045799224157732,0.18286500884213874,0.1657857423440924,0.26878357598424046,-0.25255792111768466,0.1045799224157732,0.18273833488412916,0.1657857423440924,0.26878357598424046,-0.25255792111768466,0.1045799224157732,0.18286500884213874,0.1657857423440924,0.26878357598424046,-0.25255792111768466,0.1045799224157732,0.18286500884213874,0.0745755350238144,0.26878357598424046,-0.10923621683276406,0.1045799224157732,0.18286500884213874,0.16604814277420393,0.26878357598424046,0.0959811546311818,0.03363635502528815
0.1759026330871309,0.3359784253187585,0.2390861862169479,0.47902053939684314,0.032995076463028364,0.1759026330871309,0.3359784253187585,0.23878323288928602,0.47902053939684314,0.032995076463028364,0.1759026330871309,0.3359784253187585,0.2390861862169479,0.47902053939684314,0.032995076463028364,0.1759026330871309,0.3359784253187585,0.2390861862169479,0.1644669908252385,0.032995076463028364,0.05282591583592182,0.3359784253187585,0.2390861862169479,0.47868266033499113,0.032995076463028364,0.2350657281680487,0.028962728234261104
-0.8732469189312589,-1.0213585265022729,-1.0086511417146307,-1.1396380186278086,-1.2420963197341863,-0.8732469189312589,-1.0213585265022729,-1.0082529202605486,-1.1396380186278086,-1.2420963197341863,-0.8732469189312589,-1.0213585265022729,-1.0086511417146307,-1.1396380186278086,-1.2420963197341863,-0.8732469189312589,-1.0213585265022729,-1.0086511417146307,-0.4994745383293001,-1.2420963197341863,-0.5409653335765837,-1.0213585265022729,-1.0086511417146307,-1.140280438205258,-1.2420963197341863,-1.0181101504008387,0.03702766079391202
-0.572512364454938,-0.1640591043894415,-0.3727938335248746,-0.272790486437124,0.15906756864124913,-0.572512364454938,-0.1640591043894415,-0.3724636136809928,-0.272790486437124,0.15906756864124913,-0.572512364454938,-0.1640591043894415,-0.3727938335248746,-0.272790486437124,0.15906756864124913,-0.572512364454938,-0.1640591043894415,-0.3727938335248746,-0.12386334680925717,0.15906756864124913,-0.34439277460628925,-0.1640591043894415,-0.3727938335248746,-0.27262085676867187,0.15906756864124913,-0.2295157808734718,0.046099864814962165
0.28127770318604095,-0.10132971542776895,-0.19689539500571362,0.19474528012284606,0.6075194270298512,0.28127770318604095,-0.10132971542776895,-0.1963560726560238,0.19474528012284606,0.6075194270298512,0.28127770318604095,-0.10132971542776895,-0.19689539500571362,0.19474528012284606,0.6075194270298512,0.28127770318604095,-0.10132971542776895,-0.19689539500571362,0.13107044457334743,0.6075194270298512,0.2663839457103115,-0.10132971542776895,-0.19689539500571362,0.19551698409894766,0.6075194270298512,0.1539731573130737,0.0562177621555049
0.34968389139887485,0.03519678600190964,0.36165621336989484,0.33919042567694546,0.24789694543227456,0.34968389139887485,0.03519678600190964,0.3613890013328394,0.33919042567694546,0.24789694543227456,0.34968389139887485,0.03519678600190964,0.36165621336989484,0.33919042567694546,0.24789694543227456,0.34968389139887485,0.03519678600190964,0.36165621336989484,0.11558131082825933,0.24789694543227456,0.17915498150986728,0.03519678600190964,0.36165621336989484,0.3386417066330098,0.24789694543227456,0.25092669414323254,0.024417388511812285
0.49869269426837126,0.13068902882533673,0.12869833379650278,0.3352489014919658,-0.011728781466344287,0.49869269426837126,0.13068902882533673,0.12850031650234583,0.3352489014919658,-0.011728781466344287,0.49869269426837126,0.13068902882533673,0.12869833379650278,0.3352489014919658,-0.011728781466344287,0.49869269426837126,0.13068902882533673,0.12869833379650278,0.21844836837419607,-0.011728781466344287,0.38249135117050015,0.13068902882533673,0.12869833379650278,0.33466969952280756,-0.011728781466344287,0.2069688715640082,0.03364805825996174
0.13451267867130245,0.03139056047662816,-0.04140239987267205,0.25265248080210384,-0.3471226774098392,0.13451267867130245,0.03139056047662816,-0.04138170761458252,0.25265248080210384,-0.3471226774098392,0.13451267867130245,0.03139056047662816,-0.04140239987267205,0.25265248080210384,-0.3471226774098392,0.13451267867130245,0.03139056047662816,-0.04140239987267205,0.13798240718750582,-0.3471226774098392,0.06883071874476625,0.03139056047662816,-0.04140239987267205,0.2523703110807755,-0.3471226774098392,-0.0012184119066702848,0.03857603136272263
-0.39085774011223745,-0.28925625422514906,-0.5465302885981442,-0.3234992247393795,-0.734922035860074,-0.39085774011223745,-0.28925625422514906,-0.5464847096453324,-0.3234992247393795,-0.734922035860074,-0.39085774011223745,-0.28925625422514906,-0.5465302885981442,-0.3234992247393795,-0.734922035860074,-0.39085774011223745,-0.28925625422514906,-0.5465302885981442,-0.041759161118709094,-0.734922035860074,-0.12861114434233215,-0.28925625422514906,-0.5465302885981442,-0.3230403871094635,-0.734922035860074,-0.4352334656680646,0.037709307202499244
-0.5327001348222035,-0.3077298762728999,-0.6070868678479417,-0.46216863081847326,-0.40630565027072285,-0.5327001348222035,-0.3077298762728999,-0.6071392758134136,-0.46216863081847326,-0.40630565027072285,-0.5327001348222035,-0.3077298762728999,-0.6070868678479417,-0.46216863081847326,-0.40630565027072285,-0.5327001348222035,-0.3077298762728999,-0.6070868678479417,-0.10440411159474518,-0.40630565027072285,-0.16205520717902885,-0.3077298762728999,-0.6070868678479417,-0.46224363296842125,-0.40630565027072285,-0.43406695053638883,0.02654752957830088
0.28926495402369745,0.4354951467645358,0.17060268043687413,0.4971134669872311,0.48969010662901086,0.28926495402369745,0.4354951467645358,0.170640464184439,0.4971134669872311,0.48969010662901086,0.28926495402369745,0.4354951467645358,0.17060268043687413,0.4971134669872311,0.48969010662901086,0.28926495402369745,0.4354951467645358,0.17060268043687413,0.2889530005079294,0.48969010662901086,0.27109041122318034,0.4354951467645358,0.17060268043687413,0.49658158136462477,0.48969010662901086,0.36736010652207546,0.024763638133145166
0.2221046703319395,0.46687799316654466,0.29390083123618477,0.37512218319181756,0.33489429185418373,0.2221046703319395,0.46687799316654466,0.2939551015720365,0.37512218319181756,0.33489429185418373,0.2221046703319395,0.46687799316654466,0.29390083123618477,0.37512218319181756,0.33489429185418373,0.2221046703319395,0.46687799316654466,0.29390083123618477,0.2252303088718258,0.33489429185418373,0.19901798482251196,0.46687799316654466,0.29390083123618477,0.37471830126322037,0.33489429185418373,0.3316468670992474,0.016781311571794414
-0.30662708276904704,0.08238008251498029,-0.07120905597034459,0.10749779049663134,-0.13478325541717456,-0.30662708276904704,0.08238008251498029,-0.07117058799812066,0.10749779049663134,-0.13478325541717456,-0.30662708276904704,0.08238008251498029,-0.07120905597034459,0.10749779049663134,-0.13478325541717456,-0.30662708276904704,0.08238008251498029,-0.07120905597034459,0.0918460886786517,-0.13478325541717456,-0.1091944117159279,0.08238008251498029,-0.07120905597034459,0.10730003922887824,-0.13478325541717456,-0.0572834367914065,0.028030170723920212
0.15715584899536572,0.37300228361840637,0.1558649263463318,0.38932614409185956,0.3444114310872437,0.15715584899536572,0.37300228361840637,0.15599466814350893,0.38932614409185956,0.3444114310872437,0.15715584899536572,0.37300228361840637,0.1558649263463318,0.38932614409185956,0.3444114310872437,0.15715584899536572,0.37300228361840637,0.1558649263463318,0.22736903611012194,0.3444114310872437,0.1564737372669674,0.37300228361840637,0.1558649263463318,0.389114118556866,0.3444114310872437,0.2774432666899233,0.020267338568039018
0.17332099965838843,0.24732908514672952,-0.001587517975799917,0.23077294184101937,0.029550176132774008,0.17332099965838843,0.24732908514672952,-0.0015581160908614818,0.23077294184101937,0.029550176132774008,0.17332099965838843,0.24732908514672952,-0.001587517975799917,0.23077294184101937,0.029550176132774008,0.17332099965838843,0.24732908514672952,-0.001587517975799917,0.13310633940266503,0.029550176132774008,0.09812474783603531,0.24732908514672952,-0.001587517975799917,0.23064933167702145,0.029550176132774008,0.1289588544590316,0.01980486758418874
0.34691570744708344,0.28293182632288916,0.3460621425966085,0.48268121435589,0.4222739683744305,0.34691570744708344,0.28293182632288916,0.3457595586087748,0.48268121435589,0.4222739683744305,0.34691570744708344,0.28293182632288916,0.3460621425966085,0.48268121435589,0.4222739683744305,0.34691570744708344,0.28293182632288916,0.3460621425966085,0.243226590991604,0.4222739683744305,0.2518786231446752,0.28293182632288916,0.3460621425966085,0.4828810351561639,0.4222739683744305,0.36278919298521006,0.014472039581096968
0.300777425980015,0.5553220147868915,0.2857747052235807,0.441801180841681,0.3838386447864131,0.300777425980015,0.5553220147868915,0.28581029148124093,0.441801180841681,0.3838386447864131,0.300777425980015,0.5553220147868915,0.2857747052235807,0.441801180841681,0.3838386447864131,0.300777425980015,0.5553220147868915,0.2857747052235807,0.24468560418609814,0.3838386447864131,0.25445791789435385,0.5553220147868915,0.2857747052235807,0.44184425781509745,0.3838386447864131,0.3837685374633096,0.02046578888172226
0.3541403618870582,0.4406376698291347,0.33390786688145985,0.3930533761855412,0.43931622508114493,0.3541403618870582,0.4406376698291347,0.334066570793603,0.3930533761855412,0.43931622508114493,0.3541403618870582,0.4406376698291347,0.33390786688145985,0.3930533761855412,0.43931622508114493,0.3541403618870582,0.4406376698291347,0.33390786688145985,0.21478699103367505,0.43931622508114493,0.260270971305931,0.4406376698291347,0.33390786688145985,0.3929991775442796,0.43931622508114493,0.3813298491543833,0.011866288829175928
0.3179032222615329,0.48782194238666005,0.27491616556102705,0.3544122158985262,0.322991444000707,0.3179032222615329,0.48782194238666005,0.27502538733187826,0.3544122158985262,0.322991444000707,0.3179032222615329,0.48782194238666005,0.27491616556102705,0.3544122158985262,0.322991444000707,0.3179032222615329,0.48782194238666005,0.27491616556102705,0.1707719866278356,0.322991444000707,0.2029375049226195,0.48782194238666005,0.27491616556102705,0.35439348367290807,0.322991444000707,0.3396683797391158,0.016736569257824185
0.39419028740491047,0.5234413966696105,0.21349437750227457,0.3767427024796093,0.30464641385276614,0.39419028740491047,0.5234413966696105,0.21368650189106322,0.3767427024796093,0.30464641385276614,0.39419028740491047,0.5234413966696105,0.21349437750227457,0.3767427024796093,0.30464641385276614,0.39419028740491047,0.5234413966696105,0.21349437750227457,0.18783641696065714,0.30464641385276614,0.2690964784429066,0.5234413966696105,0.21349437750227457,0.376564662141874,0.30464641385276614,0.349943595164638,0.021387109365197086
0.04768324795857197,0.09491948440360064,-0.09468582224704226,0.07582407525891449,0.10300981399784938,0.04768324795857197,0.09491948440360064,-0.09461969896405488,0.07582407525891449,0.10300981399784938,0.04768324795857197,0.09491948440360064,-0.09468582224704226,0.07582407525891449,0.10300981399784938,0.04768324795857197,0.09491948440360064,-0.09468582224704226,0.05262675162806312,0.10300981399784938,0.06649812096605914,0.09491948440360064,-0.09468582224704226,0.0756621528547219,0.10300981399784938,0.04517102988459607,0.0142054478341571
-0.009216786785515147,0.09430874533283728,-0.023563112068346232,0.07900342002133807,0.09094729908192153,-0.009216786785515147,0.09430874533283728,-0.023623056930679665,0.07900342002133807,0.09094729908192153,-0.009216786785515147,0.09430874533283728,-0.023563112068346232,0.07900342002133807,0.09094729908192153,-0.009216786785515147,0.09430874533283728,-0.023563112068346232,0.02327057817110973,0.09094729908192153,-0.009158773397278165,0.09430874533283728,-0.023563112068346232,0.07894203424287556,0.09094729908192153,0.0440640667523356,0.010075659864078622
0.06723329536016275,0.10632395853509037,0.049685993022999544,0.10164983803600093,0.13276735347801494,0.06723329536016275,0.10632395853509037,0.049597475006236263,0.10164983803600093,0.13276735347801494,0.06723329536016275,0.10632395853509037,0.049685993022999544,0.10164983803600093,0.13276735347801494,0.06723329536016275,0.10632395853509037,0.049685993022999544,0.02653544570603159,0.13276735347801494,0.02606116274956643,0.10632395853509037,0.049685993022999544,0.1017219953165963,0.13276735347801494,0.08687997225938435,0.006691124354824824
0.3035896459552604,0.18870436771612786,0.1795864761220333,0.21041964958814266,0.31433198105884214,0.3035896459552604,0.18870436771612786,0.17946770640213022,0.21041964958814266,0.31433198105884214,0.3035896459552604,0.18870436771612786,0.1795864761220333,0.21041964958814266,0.31433198105884214,0.3035896459552604,0.18870436771612786,0.1795864761220333,0.09261055972290709,0.31433198105884214,0.18460451041697717,0.18870436771612786,0.1795864761220333,0.21063138153152278,0.31433198105884214,0.22985837356087963,0.012460944072701647
0.22872563259377954,0.20733095323930945,0.13096060758653075,0.15911771667378713,0.26517591860529294,0.22872563259377954,0.20733095323930945,0.13108702173459186,0.15911771667378713,0.26517591860529294,0.22872563259377954,0.20733095323930945,0.13096060758653075,0.15911771667378713,0.26517591860529294,0.22872563259377954,0.20733095323930945,0.13096060758653075,0.08210435339003858,0.26517591860529294,0.14249718223395766,0.20733095323930945,0.13096060758653075,0.15914406531586378,0.26517591860529294,0.19173860370560267,0.010437107981594
0.24715271210903866,0.3109509574499943,0.18363627436833965,0.2210952641254369,0.2627714192153907,0.24715271210903866,0.3109509574499943,0.18385064049343045,0.2210952641254369,0.2627714192153907,0.24715271210903866,0.3109509574499943,0.18363627436833965,0.2210952641254369,0.2627714192153907,0.24715271210903866,0.3109509574499943,0.18363627436833965,0.08269746711639202,0.2627714192153907,0.1250996549490433,0.3109509574499943,0.18363627436833965,0.22120522214750254,0.2627714192153907,0.23471626425276462,0.011266109411887238
0.09483789971884761,0.10299443342026993,0.04867016228598811,0.07671362949428275,0.19667684070561967,0.09483789971884761,0.10299443342026993,0.04879037262238126,0.07671362949428275,0.19667684070561967,0.09483789971884761,0.10299443342026993,0.04867016228598811,0.07671362949428275,0.19667684070561967,0.09483789971884761,0.10299443342026993,0.04867016228598811,0.015195514975624352,0.19667684070561967,0.027659558335384162,0.10299443342026993,0.04867016228598811,0.07692539840232376,0.19667684070561967,0.09884401405869413,0.010712727857731611
0.2321356475189916,0.2016978597275216,0.13520981076838998,0.1474532030676781,0.21911185287217777,0.2321356475189916,0.2016978597275216,0.13535084615895482,0.1474532030676781,0.21911185287217777,0.2321356475189916,0.2016978597275216,0.13520981076838998,0.1474532030676781,0.21911185287217777,0.2321356475189916,0.2016978597275216,0.13520981076838998,0.0485101114515209,0.21911185287217777,0.1046077314326258,0.2016978597275216,0.13520981076838998,0.14757659731264622,0.21911185287217777,0.17807341166827217,0.009446473926709302
0.16490963827843733,0.16775839711813684,0.04861663410523064,0.06369440802442153,0.12407502583927657,0.16490963827843733,0.16775839711813684,0.04886783595106983,0.06369440802442153,0.12407502583927657,0.16490963827843733,0.16775839711813684,0.04861663410523064,0.06369440802442153,0.12407502583927657,0.16490963827843733,0.16775839711813684,0.04861663410523064,0.014316621276468905,0.12407502583927657,0.07198625805824709,0.16775839711813684,0.04861663410523064,0.06377511065437849,0.12407502583927657,0.10813205017340671,0.010199718392445037
0.12356209634359436,0.1718955214956403,0.015223165343126262,-0.01139632104413313,-0.012367198784721239,0.12356209634359436,0.1718955214956403,0.015469509542900746,-0.01139632104413313,-0.012367198784721239,0.12356209634359436,0.1718955214956403,0.015223165343126262,-0.01139632104413313,-0.012367198784721239,0.12356209634359436,0.1718955214956403,0.015223165343126262,-0.03618024905390019,-0.012367198784721239,0.02487773419457706,0.1718955214956403,0.015223165343126262,-0.01141684221679635,-0.012367198784721239,0.0524537539854344,0.014905069765099624
-0.28893635786455324,-0.20481565552180328,-0.3582912993185386,-0.411954669123966,-0.5706157506860647,-0.28893635786455324,-0.20481565552180328,-0.3582883074127612,-0.411954669123966,-0.5706157506860647,-0.28893635786455324,-0.20481565552180328,-0.3582912993185386,-0.411954669123966,-0.5706157506860647,-0.28893635786455324,-0.20481565552180328,-0.3582912993185386,-0.24292106212854828,-0.5706157506860647,-0.25843618328103424,-0.20481565552180328,-0.3582912993185386,-0.4121018462415212,-0.5706157506860647,-0.3589471626482988,0.024720844201082892
-0.03016438091541199,-0.1676400819297994,-0.12807370450754418,-0.0936799155762402,0.07932350520055093,-0.03016438091541199,-0.1676400819297994,-0.1282420769009416,-0.0936799155762402,0.07932350520055093,-0.03016438091541199,-0.1676400819297994,-0.12807370450754418,-0.0936799155762402,0.07932350520055093,-0.03016438091541199,-0.1676400819297994,-0.12807370450754418,-0.08375436238469854,0.07932350520055093,-0.053086034069618405,-0.1676400819297994,-0.12807370450754418,-0.09312185514748564,0.07932350520055093,-0.06855117202278127,0.016871686018215745
0.0029759700651730853,0.02747820439742633,-0.07084185470975135,-0.11913675173651138,-0.011949899565448657,0.0029759700651730853,0.02747820439742633,-0.07077216839779697,-0.11913675173651138,-0.011949899565448657,0.0029759700651730853,0.02747820439742633,-0.07084185470975135,-0.11913675173651138,-0.011949899565448657,0.0029759700651730853,0.02747820439742633,-0.07084185470975135,-0.08005386132132589,-0.011949899565448657,-0.03970982160712676,0.02747820439742633,-0.07084185470975135,-0.11893952862320274,-0.011949899565448657,-0.03442830598309645,0.009975951903185737
0.003438470674066674,0.10983708509871891,-0.04579382179167188,-0.053295214126078044,-0.009135203767995483,0.003438470674066674,0.10983708509871891,-0.045628797375758666,-0.053295214126078044,-0.009135203767995483,0.003438470674066674,0.10983708509871891,-0.04579382179167188,-0.053295214126078044,-0.009135203767995483,0.003438470674066674,0.10983708509871891,-0.04579382179167188,-0.061606054783850416,-0.009135203767995483,-0.0437233940243599,0.10983708509871891,-0.04579382179167188,-0.05310791459715234,-0.009135203767995483,-0.001194552039046365,0.011653241175380274
0.04957533640655524,0.02348587598587632,-0.07025142497047021,-0.023358658692141075,0.10720042351253305,0.04957533640655524,0.02348587598587632,-0.07022934304040686,-0.023358658692141075,0.10720042351253305,0.04957533640655524,0.02348587598587632,-0.07025142497047021,-0.023358658692141075,0.10720042351253305,0.04957533640655524,0.02348587598587632,-0.07025142497047021,-0.038348803850155336,0.10720042351253305,0.004279498648652697,0.02348587598587632,-0.07025142497047021,-0.023110192438083887,0.10720042351253305,0.014929693059198813,0.011949198012467067
-0.11199633382553402,-0.08770788116340852,-0.17598459492564106,-0.18063257269165814,-0.04908428371485139,-0.11199633382553402,-0.08770788116340852,-0.17598196184470205,-0.18063257269165814,-0.04908428371485139,-0.11199633382553402,-0.08770788116340852,-0.17598459492564106,-0.18063257269165814,-0.04908428371485139,-0.11199633382553402,-0.08770788116340852,-0.17598459492564106,-0.11103840350769775,-0.04908428371485139,-0.10212366539094199,-0.08770788116340852,-0.17598459492564106,-0.1802310738756116,-0.04908428371485139,-0.11788629448359708,0.009705771609016626
-0.030255824913723084,-0.0071392039623577935,-0.115343812034802,-0.11766438397058859,0.02819982293135953,-0.030255824913723084,-0.0071392039623577935,-0.11531754375117909,-0.11766438397058859,0.02819982293135953,-0.030255824913723084,-0.0071392039623577935,-0.115343812034802,-0.11766438397058859,0.02819982293135953,-0.030255824913723084,-0.0071392039623577935,-0.115343812034802,-0.08500134028600517,0.02819982293135953,-0.060326654194260476,-0.0071392039623577935,-0.115343812034802,-0.11732928766551044,0.02819982293135953,-0.048322537230312504,0.01124525836829786
-0.1157460579918995,-0.09414482401417242,-0.1702099874816244,-0.19290358775227087,-0.12623581042691318,-0.1157460579918995,-0.09414482401417242,-0.17019446825863485,-0.19290358775227087,-0.12623581042691318,-0.1157460579918995,-0.09414482401417242,-0.1702099874816244,-0.19290358775227087,-0.12623581042691318,-0.1157460579918995,-0.09414482401417242,-0.1702099874816244,-0.11582084140650442,-0.12623581042691318,-0.10146155326703059,-0.09414482401417242,-0.1702099874816244,-0.19255350981087827,-0.12623581042691318,-0.13617873960397534,0.0069325406034860095
-0.03482994084818434,0.005903184490582831,-0.09567533220072497,-0.08928028089448235,-0.13987889006168922,-0.03482994084818434,0.005903184490582831,-0.09558808724882961,-0.08928028089448235,-0.13987889006168922,-0.03482994084818434,0.005903184490582831,-0.09567533220072497,-0.08928028089448235,-0.13987889006168922,-0.03482994084818434,0.005903184490582831,-0.09567533220072497,-0.07679615935005281,-0.13987889006168922,-0.06390646236558067,0.005903184490582831,-0.09567533220072497,-0.08897576675877351,-0.13987889006168922,-0.0714002775383141,0.009842662524260859
-0.29732863461158515,-0.3236640343398612,-0.31590055817858226,-0.32300944463474834,-0.17818495653935115,-0.29732863461158515,-0.3236640343398612,-0.31588037869562646,-0.32300944463474834,-0.17818495653935115,-0.29732863461158515,-0.3236640343398612,-0.31590055817858226,-0.32300944463474834,-0.17818495653935115,-0.29732863461158515,-0.3236640343398612,-0.31590055817858226,-0.1797812181872579,-0.17818495653935115,-0.21465182124549265,-0.3236640343398612,-0.31590055817858226,-0.32281035955181203,-0.17818495653935115,-0.2785725534856466,0.011809617691865672
-0.05760208950176452,-0.09234525535570369,-0.06768932199121265,-0.13272744627281371,0.023825689959450263,-0.05760208950176452,-0.09234525535570369,-0.06770043719501746,-0.13272744627281371,0.023825689959450263,-0.05760208950176452,-0.09234525535570369,-0.06768932199121265,-0.13272744627281371,0.023825689959450263,-0.05760208950176452,-0.09234525535570369,-0.06768932199121265,-0.08607909659369302,0.023825689959450263,-0.06312390346623661,-0.09234525535570369,-0.06768932199121265,-0.1325299261275863,0.023825689959450263,-0.06365516700616602,0.009779721165042264
-0.0796299850115196,-0.11996069963670349,-0.07347311995817404,-0.18435492547723492,-0.05036463353681267,-0.0796299850115196,-0.11996069963670349,-0.07353777030939505,-0.18435492547723492,-0.05036463353681267,-0.0796299850115196,-0.11996069963670349,-0.07347311995817404,-0.18435492547723492,-0.05036463353681267,-0.0796299850115196,-0.11996069963670349,-0.07347311995817404,-0.12026798986371856,-0.05036463353681267,-0.09477089523647564,-0.11996069963670349,-0.07347311995817404,-0.18402546276415188,-0.05036463353681267,-0.09958823921407207,0.00862256715271539
-0.113213798286094,-0.12345480323976632,-0.10090946240055712,-0.21203121597163496,-0.07836698904605191,-0.113213798286094,-0.12345480323976632,-0.1010140132460584,-0.21203121597163496,-0.07836698904605191,-0.113213798286094,-0.12345480323976632,-0.10090946240055712,-0.21203121597163496,-0.07836698904605191,-0.113213798286094,-0.12345480323976632,-0.10090946240055712,-0.1320657424785776,-0.07836698904605191,-0.11101126507907144,-0.12345480323976632,-0.10090946240055712,-0.21178067199382694,-0.07836698904605191,-0.1223026937955254,0.00828858659976637
-0.05013011862578448,-0.12642556150350145,-0.08001682646151625,-0.12182281073226518,-0.0669458267394422,-0.05013011862578448,-0.12642556150350145,-0.08006012639758539,-0.12182281073226518,-0.0669458267394422,-0.05013011862578448,-0.12642556150350145,-0.08001682646151625,-0.12182281073226518,-0.0669458267394422,-0.05013011862578448,-0.12642556150350145,-0.08001682646151625,-0.09029692994934012,-0.0669458267394422,-0.07626005064134089,-0.12642556150350145,-0.08001682646151625,-0.12163654400026666,-0.0669458267394422,-0.08884667218997,0.00559423234009073
0.24021982015861892,0.09612988798340226,0.19357794875154638,0.1829047321884725,0.18229260895776653,0.24021982015861892,0.09612988798340226,0.1934670669215438,0.1829047321884725,0.18229260895776653,0.24021982015861892,0.09612988798340226,0.19357794875154638,0.1829047321884725,0.18229260895776653,0.24021982015861892,0.09612988798340226,0.19357794875154638,0.040283229752727245,0.18229260895776653,0.08363260046970065,0.09612988798340226,0.19357794875154638,0.18306359014928733,0.18229260895776653,0.1670585697682073,0.010761534385112882
0.24486778096511502,0.2157963488742162,0.26948301945701375,0.2403010260424904,0.17157091263214982,0.24486778096511502,0.2157963488742162,0.2693493655346133,0.2403010260424904,0.17157091263214982,0.24486778096511502,0.2157963488742162,0.26948301945701375,0.2403010260424904,0.17157091263214982,0.24486778096511502,0.2157963488742162,0.26948301945701375,0.06369158588952027,0.17157091263214982,0.09132382626315887,0.2157963488742162,0.26948301945701375,0.24042536211906212,0.17157091263214982,0.21519730908616683,0.010272092228620694
0.1276075278395181,0.028910862485960143,0.14226493850155555,0.09434293591622095,0.1050320816846985,0.1276075278395181,0.028910862485960143,0.14215759849138287,0.09434293591622095,0.1050320816846985,0.1276075278395181,0.028910862485960143,0.14226493850155555,0.09434293591622095,0.1050320816846985,0.1276075278395181,0.028910862485960143,0.14226493850155555,0.014966752112880566,0.1050320816846985,0.05021372402739619,0.028910862485960143,0.14226493850155555,0.09445766717248036,0.1050320816846985,0.09336116543081563,0.008421620542851971
0.31722639861232726,0.18242061706968646,0.36553891226957286,0.30384341635148737,0.28531548413235525,0.31722639861232726,0.18242061706968646,0.3653594100885838,0.30384341635148737,0.28531548413235525,0.31722639861232726,0.18242061706968646,0.36553891226957286,0.30384341635148737,0.28531548413235525,0.31722639861232726,0.18242061706968646,0.36553891226957286,0.10252437186926242,0.28531548413235525,0.14262361681496694,0.18242061706968646,0.36553891226957286,0.303886440341039,0.28531548413235525,0.2758266335082449,0.014783439474890562
0.22634641170941378,0.184789363737177,0.34821274433014865,0.19858027855771723,0.1635765226312961,0.22634641170941378,0.184789363737177,0.3482080099726079,0.19858027855771723,0.1635765226312961,0.22634641170941378,0.184789363737177,0.34821274433014865,0.19858027855771723,0.1635765226312961,0.22634641170941378,0.184789363737177,0.34821274433014865,0.04770362953456195,0.1635765226312961,0.08601548445612053,0.184789363737177,0.34821274433014865,0.1985543615247621,0.1635765226312961,0.21265153508647272,0.01532186177782789
0.18993748639632355,0.0663478119510554,0.3172516466587509,0.26023306058602697,0.2656178130529238,0.18993748639632355,0.0663478119510554,0.31721673555885915,0.26023306058602697,0.2656178130529238,0.18993748639632355,0.0663478119510554,0.3172516466587509,0.26023306058602697,0.2656178130529238,0.18993748639632355,0.0663478119510554,0.3172516466587509,0.08475307922918428,0.2656178130529238,0.10635334368741121,0.0663478119510554,0.3172516466587509,0.26028886622241815,0.2656178130529238,0.20951583454784586,0.01815684578048982
0.2733593108734088,0.1018406996883886,0.359962838637759,0.2503097461338936,0.27681317728880644,0.2733593108734088,0.1018406996883886,0.35981382215691804,0.2503097461338936,0.27681317728880644,0.2733593108734088,0.1018406996883886,0.359962838637759,0.2503097461338936,0.27681317728880644,0.2733593108734088,0.1018406996883886,0.359962838637759,0.08791500117214059,0.27681317728880644,0.13093579867969785,0.1018406996883886,0.359962838637759,0.25040228237894824,0.27681317728880644,0.2402621650288012,0.01814629766000135
0.3157848070314482,0.13329137368464897,0.3917262009954012,0.3339357657545002,0.30276609801828386,0.3157848070314482,0.13329137368464897,0.3915655966539495,0.3339357657545002,0.30276609801828386,0.3157848070314482,0.13329137368464897,0.3917262009954012,0.3339357657545002,0.30276609801828386,0.3157848070314482,0.13329137368464897,0.3917262009954012,0.12700031396685194,0.30276609801828386,0.15946712152352774,0.13329137368464897,0.3917262009954012,0.3338932283198538,0.30276609801828386,0.28096259793398987,0.018698179410870323
0.45728944900603163,0.2887165080944437,0.5835698929451818,0.5008451030156962,0.4072123382779799,0.45728944900603163,0.2887165080944437,0.5835428713869149,0.5008451030156962,0.4072123382779799,0.45728944900603163,0.2887165080944437,0.5835698929451818,0.5008451030156962,0.4072123382779799,0.45728944900603163,0.2887165080944437,0.5835698929451818,0.21187847835652857,0.4072123382779799,0.27007721014944785,0.2887165080944437,0.5835698929451818,0.5008471464082068,0.4072123382779799,0.4284785046006063,0.022064989944990263
0.3337175761776226,0.15554703054670804,0.4912560435812296,0.3887984553860338,0.35309457720576787,0.3337175761776226,0.15554703054670804,0.4912265236250288,0.3887984553860338,0.35309457720576787,0.3337175761776226,0.15554703054670804,0.4912560435812296,0.3887984553860338,0.35309457720576787,0.3337175761776226,0.15554703054670804,0.4912560435812296,0.16765153377501446,0.35309457720576787,0.201936597015231,0.15554703054670804,0.4912560435812296,0.3885668772306762,0.35309457720576787,0.3303551766240736,0.02291976876303867
0.484175712153053,0.3420186714466316,0.585399887498825,0.526689757418995,0.4748345305198185,0.484175712153053,0.3420186714466316,0.5853488663845205,0.526689757418995,0.4748345305198185,0.484175712153053,0.3420186714466316,0.585399887498825,0.526689757418995,0.4748345305198185,0.484175712153053,0.3420186714466316,0.585399887498825,0.24562409359677234,0.4748345305198185,0.31347387773901836,0.3420186714466316,0.585399887498825,0.5265117859815702,0.4748345305198185,0.4645438521759451,0.019067740353978766
0.1608992955296191,0.0788554555347299,0.2927604568741515,0.13452393726456868,0.16477457500694156,0.1608992955296191,0.0788554555347299,0.2927011804574676,0.13452393726456868,0.16477457500694156,0.1608992955296191,0.0788554555347299,0.2927604568741515,0.13452393726456868,0.16477457500694156,0.1608992955296191,0.0788554555347299,0.2927604568741515,0.09019787439473659,0.16477457500694156,0.1398023649302749,0.0788554555347299,0.2927604568741515,0.13429891725030818,0.16477457500694156,0.1637344524459973,0.014070680098037238
0.11187778341383904,0.0743914683180859,0.3067052302918104,0.15493291964095054,0.17751461603686547,0.11187778341383904,0.0743914683180859,0.306912120499949,0.15493291964095054,0.17751461603686547,0.11187778341383904,0.0743914683180859,0.3067052302918104,0.15493291964095054,0.17751461603686547,0.11187778341383904,0.0743914683180859,0.3067052302918104,0.10006693762621822,0.17751461603686547,0.11036305424568552,0.0743914683180859,0.3067052302918104,0.15478699715551622,0.17751461603686547,0.16283161380190303,0.015741826770378636
0.29552771603541494,0.18907751623502617,0.4444328936960422,0.3620186861594118,0.3698022621574762,0.29552771603541494,0.18907751623502617,0.44438455865913046,0.3620186861594118,0.3698022621574762,0.29552771603541494,0.18907751623502617,0.4444328936960422,0.3620186861594118,0.3698022621574762,0.29552771603541494,0.18907751623502617,0.4444328936960422,0.17111503523031601,0.3698022621574762,0.20537151152577288,0.18907751623502617,0.4444328936960422,0.3619865534677017,0.3698022621574762,0.3209262019299799,0.018407800902318368
0.24281418035769006,0.08227827472346344,0.42459504826877265,0.28230647673341025,0.3918485896478076,0.24281418035769006,0.08227827472346344,0.42445344526758616,0.28230647673341025,0.3918485896478076,0.24281418035769006,0.08227827472346344,0.42459504826877265,0.28230647673341025,0.3918485896478076,0.24281418035769006,0.08227827472346344,0.42459504826877265,0.1390753866984408,0.3918485896478076,0.18508300417863016,0.08227827472346344,0.42459504826877265,0.28234821697818185,0.3918485896478076,0.27672602878741104,0.02470351183218194
0.37028226148437565,0.1976162849705075,0.5245567910764767,0.29947021217837483,0.4074989597985313,0.37028226148437565,0.1976162849705075,0.5244812937263248,0.29947021217837483,0.4074989597985313,0.37028226148437565,0.1976162849705075,0.5245567910764767,0.29947021217837483,0.4074989597985313,0.37028226148437565,0.1976162849705075,0.5245567910764767,0.1679012414277449,0.4074989597985313,0.267622610940478,0.1976162849705075,0.5245567910764767,0.2995163772873295,0.4074989597985313,0.35051458376022415,0.022761366637117263
0.23187958649509313,0.05816233066250229,0.401088596324832,0.2317977736970436,0.37350512089349075,0.23187958649509313,0.05816233066250229,0.4010028485527325,0.2317977736970436,0.37350512089349075,0.23187958649509313,0.05816233066250229,0.401088596324832,0.2317977736970436,0.37350512089349075,0.23187958649509313,0.05816233066250229,0.401088596324832,0.1245342471460302,0.37350512089349075,0.1778485785011308,0.05816233066250229,0.401088596324832,0.2317110943575604,0.37350512089349075,0.25282800314833,0.02473796008022172
0.15778580618788932,-0.016160895044916176,0.3182706812699119,0.15627793746136942,0.1580753178518238,0.15778580618788932,-0.016160895044916176,0.318246174691593,0.15627793746136942,0.1580753178518238,0.15778580618788932,-0.016160895044916176,0.3182706812699119,0.15627793746136942,0.1580753178518238,0.15778580618788932,-0.016160895044916176,0.3182706812699119,0.08944049958004158,0.1580753178518238,0.11958769047639754,-0.016160895044916176,0.3182706812699119,0.15620699368817334,0.1580753178518238,0.15064452938744227,0.0209365836823974
-0.0736008595545591,-0.14398633291889706,0.20788154824125007,0.03031194585492495,-0.030396385867490435,-0.0736008595545591,-0.14398633291889706,0.20818895739704468,0.03031194585492495,-0.030396385867490435,-0.0736008595545591,-0.14398633291889706,0.20788154824125007,0.03031194585492495,-0.030396385867490435,-0.0736008595545591,-0.14398633291889706,0.20788154824125007,0.042563154354295196,-0.030396385867490435,0.005706151659416598,-0.14398633291889706,0.20788154824125007,0.030082759096358408,-0.030396385867490435,0.0017074408354686465,0.023257180039165957
0.030260690000744477,-0.13882302109389108,0.293524574099238,0.044184615196575766,0.01251821959646225,0.030260690000744477,-0.13882302109389108,0.29369478383098024,0.044184615196575766,0.01251821959646225,0.030260690000744477,-0.13882302109389108,0.293524574099238,0.044184615196575766,0.01251821959646225,0.030260690000744477,-0.13882302109389108,0.293524574099238,0.06141793507456416,0.01251821959646225,0.06699005956447918,-0.13882302109389108,0.293524574099238,0.043785588995725745,0.01251821959646225,0.05048237047873049,0.02728795048225385
-0.09708286078144669,-0.19804791583498638,0.23524093076508135,0.0023168540812206076,-0.01262754713728303,-0.09708286078144669,-0.19804791583498638,0.2351969796587499,0.0023168540812206076,-0.01262754713728303,-0.09708286078144669,-0.19804791583498638,0.23524093076508135,0.0023168540812206076,-0.01262754713728303,-0.09708286078144669,-0.19804791583498638,0.23524093076508135,0.03067817782390867,-0.01262754713728303,0.012174535570634002,-0.19804791583498638,0.23524093076508135,0.002040945763236177,-0.01262754713728303,-0.008548153354664712,0.028026530121699644
-0.033316305320465034,-0.07165574595294998,0.23729653290297847,-0.04036308268798833,0.058972995703223195,-0.033316305320465034,-0.07165574595294998,0.23731179199970037,-0.04036308268798833,0.058972995703223195,-0.033316305320465034,-0.07165574595294998,0.23729653290297847,-0.04036308268798833,0.058972995703223195,-0.033316305320465034,-0.07165574595294998,0.23729653290297847,0.017563502964938693,0.058972995703223195,0.03691402203633631,-0.07165574595294998,0.23729653290297847,-0.04055302519244153,0.058972995703223195,0.03530616811303955,0.021700664203184655
-0.479543358393405,-0.41561659988279254,-0.14630342047445258,-0.41182904086046584,-0.26414677491839367,-0.479543358393405,-0.41561659988279254,-0.14616924459918032,-0.41182904086046584,-0.26414677491839367,-0.479543358393405,-0.41561659988279254,-0.14630342047445258,-0.41182904086046584,-0.26414677491839367,-0.479543358393405,-0.41561659988279254,-0.14630342047445258,-0.15519270323110498,-0.26414677491839367,-0.24275855545330996,-0.41561659988279254,-0.14630342047445258,-0.4119297397136983,-0.26414677491839367,-0.323749654202242,0.024196345540096174
-0.3275778726944043,-0.350563087105412,0.009598960172492578,-0.27421325334825053,-0.19248985733853474,-0.3275778726944043,-0.350563087105412,0.009728750071926494,-0.27421325334825053,-0.19248985733853474,-0.3275778726944043,-0.350563087105412,0.009598960172492578,-0.27421325334825053,-0.19248985733853474,-0.3275778726944043,-0.350563087105412,0.009598960172492578,-0.09975088778176863,-0.19248985733853474,-0.14891496168481919,-0.350563087105412,0.009598960172492578,-0.274312597653172,-0.19248985733853474,-0.21292279317599863,0.02568973188415265
-0.0521880181377176,-0.05567167495891973,0.16288160456305506,-0.0697769580553732,-0.0061929432976384705,-0.0521880181377176,-0.05567167495891973,0.1631721457719123,-0.0697769580553732,-0.0061929432976384705,-0.0521880181377176,-0.05567167495891973,0.16288160456305506,-0.0697769580553732,-0.0061929432976384705,-0.0521880181377176,-0.05567167495891973,0.16288160456305506,-0.018045724105778854,-0.0061929432976384705,-0.0036764505443939235,-0.05567167495891973,0.16288160456305506,-0.07018067617103456,-0.0061929432976384705,-0.00018441299187423244,0.016603972064129034
0.04448121859658593,-0.057253754365627886,0.23925608945387053,0.01648781426826129,0.1288058973196107,0.04448121859658593,-0.057253754365627886,0.2393308080157261,0.01648781426826129,0.1288058973196107,0.04448121859658593,-0.057253754365627886,0.23925608945387053,0.01648781426826129,0.1288058973196107,0.04448121859658593,-0.057253754365627886,0.23925608945387053,0.03533818407245899,0.1288058973196107,0.07590804362901661,-0.057253754365627886,0.23925608945387053,0.01640852524396627,0.1288058973196107,0.07636635802950767,0.019838280797828067
-0.22008684165444403,-0.19850524988400353,-0.006177371722631935,-0.16493735106689766,-0.06064278798620691,-0.22008684165444403,-0.19850524988400353,-0.005904687658375335,-0.16493735106689766,-0.06064278798620691,-0.22008684165444403,-0.19850524988400353,-0.006177371722631935,-0.16493735106689766,-0.06064278798620691,-0.22008684165444403,-0.19850524988400353,-0.006177371722631935,-0.04853411135795713,-0.06064278798620691,-0.08998316260692897,-0.19850524988400353,-0.006177371722631935,-0.16510716638935777,-0.06064278798620691,-0.12020552896290675,0.01604999169621989
-0.5293394182440655,-0.5041210881479639,-0.43495169065044464,-0.539821199718467,-0.470924979783766,-0.5293394182440655,-0.5041210881479639,-0.4347461120324169,-0.539821199718467,-0.470924979783766,-0.5293394182440655,-0.5041210881479639,-0.43495169065044464,-0.539821199718467,-0.470924979783766,-0.5293394182440655,-0.5041210881479639,-0.43495169065044464,-0.2317522187443192,-0.470924979783766,-0.30850084207912587,-0.5041210881479639,-0.43495169065044464,-0.5400390596922856,-0.470924979783766,-0.47467586427760944,0.014027139645199983
-0.4886814509073994,-0.4937085002414656,-0.4779335029436966,-0.45995090873289124,-0.4291605459865229,-0.4886814509073994,-0.4937085002414656,-0.4779538141311869,-0.45995090873289124,-0.4291605459865229,-0.4886814509073994,-0.4937085002414656,-0.4779335029436966,-0.45995090873289124,-0.4291605459865229,-0.4886814509073994,-0.4937085002414656,-0.4779335029436966,-0.19290302895561182,-0.4291605459865229,-0.26025246638976973,-0.4937085002414656,-0.4779335029436966,-0.46001869150898717,-0.4291605459865229,-0.45007143094914215,0.013818127627723418
-0.19909960193058918,-0.26398485965541807,-0.12307878675930287,-0.15148013594821494,-0.07823127029461087,-0.19909960193058918,-0.26398485965541807,-0.12311924744812074,-0.15148013594821494,-0.07823127029461087,-0.19909960193058918,-0.26398485965541807,-0.12307878675930287,-0.15148013594821494,-0.07823127029461087,-0.19909960193058918,-0.26398485965541807,-0.12307878675930287,-0.06470026975008547,-0.07823127029461087,-0.0939022819842715,-0.26398485965541807,-0.12307878675930287,-0.15135050692838745,-0.07823127029461087,-0.15549227673860894,0.013223430602606336
-0.13444982688234783,-0.12760015200329108,-0.04056944603945067,-0.1373229253611754,-0.08488616048219758,-0.13444982688234783,-0.12760015200329108,-0.04062850319837307,-0.1373229253611754,-0.08488616048219758,-0.13444982688234783,-0.12760015200329108,-0.04056944603945067,-0.1373229253611754,-0.08488616048219758,-0.13444982688234783,-0.12760015200329108,-0.04056944603945067,-0.05404607194379771,-0.08488616048219758,-0.05854870606155994,-0.12760015200329108,-0.04056944603945067,-0.13720563622657012,-0.08488616048219758,-0.09859625390513857,0.007513583075443177
-0.03292163267274249,-0.06265237361630062,-0.017664209675710408,-0.032423866508992025,-0.017628190928201313,-0.03292163267274249,-0.06265237361630062,-0.01769664037543608,-0.032423866508992025,-0.017628190928201313,-0.03292163267274249,-0.06265237361630062,-0.017664209675710408,-0.032423866508992025,-0.017628190928201313,-0.03292163267274249,-0.06265237361630062,-0.017664209675710408,-0.01385459932851989,-0.017628190928201313,-0.01191502609274904,-0.06265237361630062,-0.017664209675710408,-0.0321257136567512,-0.017628190928201313,-0.03106439084387014,0.003390475393159382
-0.6091856763379792,-0.4251218929181831,-0.6061686534124028,-0.5559446823907777,-0.570774763325736,-0.6091856763379792,-0.4251218929181831,-0.6062122943897882,-0.5559446823907777,-0.570774763325736,-0.6091856763379792,-0.4251218929181831,-0.6061686534124028,-0.5559446823907777,-0.570774763325736,-0.6091856763379792,-0.4251218929181831,-0.6061686534124028,-0.21196182543781594,-0.570774763325736,-0.2982504239570446,-0.4251218929181831,-0.6061686534124028,-0.5560036476937209,-0.570774763325736,-0.5272465135548731,0.02056017888178618
-0.5880957189450613,-0.36333454944040205,-0.6321741647537169,-0.5553369568420982,-0.6334562365101144,-0.5880957189450613,-0.36333454944040205,-0.6320153392227762,-0.5553369568420982,-0.6334562365101144,-0.5880957189450613,-0.36333454944040205,-0.6321741647537169,-0.5553369568420982,-0.6334562365101144,-0.5880957189450613,-0.36333454944040205,-0.6321741647537169,-0.2573397312652328,-0.6334562365101144,-0.35299915187117314,-0.36333454944040205,-0.6321741647537169,-0.555816738141473,-0.6334562365101144,-0.5331686118229858,0.02373193090269163
-0.24182395250786026,-0.2303195170965113,-0.3247988224438732,-0.22467777777986403,-0.12266624356819673,-0.24182395250786026,-0.2303195170965113,-0.3247072166633022,-0.22467777777986403,-0.12266624356819673,-0.24182395250786026,-0.2303195170965113,-0.3247988224438732,-0.22467777777986403,-0.12266624356819673,-0.24182395250786026,-0.2303195170965113,-0.3247988224438732,-0.0929770116520587,-0.12266624356819673,-0.10419590075513932,-0.2303195170965113,-0.3247988224438732,-0.22455044593940462,-0.12266624356819673,-0.2180753524591988,0.014370956292105733
-0.1131975914220229,-0.11877697781840663,-0.23489717807838054,-0.22851164079661945,-0.16573231777606579,-0.1131975914220229,-0.11877697781840663,-0.23484693292409017,-0.22851164079661945,-0.16573231777606579,-0.1131975914220229,-0.11877697781840663,-0.23489717807838054,-0.22851164079661945,-0.16573231777606579,-0.1131975914220229,-0.11877697781840663,-0.23489717807838054,-0.08598611957769345,-0.16573231777606579,-0.038077011876673846,-0.11877697781840663,-0.23489717807838054,-0.2284423775236574,-0.16573231777606579,-0.16351251681063797,0.011385819683218642
0.05147068927906201,-0.07522911849419284,-0.027731690685547063,-0.08451781517218868,0.03971151684638717,0.05147068927906201,-0.07522911849419284,-0.02767259259211467,-0.08451781517218868,0.03971151684638717,0.05147068927906201,-0.07522911849419284,-0.027731690685547063,-0.08451781517218868,0.03971151684638717,0.05147068927906201,-0.07522911849419284,-0.027731690685547063,-0.046394801649357366,0.03971151684638717,0.023678668694986943,-0.07522911849419284,-0.027731690685547063,-0.08450740480298154,0.03971151684638717,-0.018843263589240045,0.010599618119861966
-0.06494624592054206,-0.1420160026022648,-0.18641307097112514,-0.2228313317049084,-0.09565195495429678,-0.06494624592054206,-0.1420160026022648,-0.18635852605622816,-0.2228313317049084,-0.09565195495429678,-0.06494624592054206,-0.1420160026022648,-0.18641307097112514,-0.2228313317049084,-0.09565195495429678,-0.06494624592054206,-0.1420160026022648,-0.18641307097112514,-0.11496921342033087,-0.09565195495429678,-0.06825013953125071,-0.1420160026022648,-0.18641307097112514,-0.22269772783607925,-0.09565195495429678,-0.13818186629232365,0.010832009659827758
-0.07060967845314121,-0.12472534646365005,-0.29069283645982785,-0.2665816817443129,-0.15994261926373132,-0.07060967845314121,-0.12472534646365005,-0.29078412303818957,-0.2665816817443129,-0.15994261926373132,-0.07060967845314121,-0.12472534646365005,-0.29069283645982785,-0.2665816817443129,-0.15994261926373132,-0.07060967845314121,-0.12472534646365005,-0.29069283645982785,-0.13468955794736248,-0.15994261926373132,-0.07563330103633867,-0.12472534646365005,-0.29069283645982785,-0.26648060069706925,-0.15994261926373132,-0.17743530064962731,0.016133419504595674
0.04005635997128473,-0.04110150994958592,-0.10145437582419758,-0.16157547954124848,-0.05873815727120252,0.04005635997128473,-0.04110150994958592,-0.10144599016165244,-0.16157547954124848,-0.05873815727120252,0.04005635997128473,-0.04110150994958592,-0.10145437582419758,-0.16157547954124848,-0.05873815727120252,0.04005635997128473,-0.04110150994958592,-0.10145437582419758,-0.1042923644259141,-0.05873815727120252,-0.03000321556017212,-0.04110150994958592,-0.10145437582419758,-0.1615805443659563,-0.05873815727120252,-0.06507355810612137,0.012020488579730343
0.12153182690037773,0.09964460426995644,-0.010092884878030948,-0.09570387570524204,-0.04345017223504179,0.12153182690037773,0.09964460426995644,-0.010058064667891522,-0.09570387570524204,-0.04345017223504179,0.12153182690037773,0.09964460426995644,-0.010092884878030948,-0.09570387570524204,-0.04345017223504179,0.12153182690037773,0.09964460426995644,-0.010092884878030948,-0.07975450365711632,-0.04345017223504179,0.011053365264439246,0.09964460426995644,-0.010092884878030948,-0.09561930425762302,-0.04345017223504179,0.010609511753201715,0.015638367707920795
-0.06824075014135621,-0.07370866288782091,-0.2831819613641984,-0.27386064732181886,-0.18038455697893205,-0.06824075014135621,-0.07370866288782091,-0.2831994777638912,-0.27386064732181886,-0.18038455697893205,-0.06824075014135621,-0.07370866288782091,-0.2831819613641984,-0.27386064732181886,-0.18038455697893205,-0.06824075014135621,-0.07370866288782091,-0.2831819613641984,-0.13618905180409524,-0.18038455697893205,-0.06382502328469825,-0.07370866288782091,-0.2831819613641984,-0.27386562046408264,-0.18038455697893205,-0.17019272242552827,0.017885893745091624
-0.25788091829385,-0.2340162321274695,-0.46879980454393955,-0.44934377450675694,-0.41959673463340874,-0.25788091829385,-0.2340162321274695,-0.46872875750943604,-0.44934377450675694,-0.41959673463340874,-0.25788091829385,-0.2340162321274695,-0.46879980454393955,-0.44934377450675694,-0.41959673463340874,-0.25788091829385,-0.2340162321274695,-0.46879980454393955,-0.22588883529924153,-0.41959673463340874,-0.19614428552891086,-0.2340162321274695,-0.46879980454393955,-0.44949455067583555,-0.41959673463340874,-0.3545230191075698,0.02053304781266727
-0.3089565024170808,-0.2692540816933511,-0.3885633678572938,-0.48592053952420383,-0.40785681188863987,-0.3089565024170808,-0.2692540816933511,-0.3885731043362914,-0.48592053952420383,-0.40785681188863987,-0.3089565024170808,-0.2692540816933511,-0.3885633678572938,-0.48592053952420383,-0.40785681188863987,-0.3089565024170808,-0.2692540816933511,-0.3885633678572938,-0.23768927524600444,-0.40785681188863987,-0.21845152018723424,-0.2692540816933511,-0.3885633678572938,-0.48589978764772884,-0.40785681188863987,-0.3585603701998929,0.01595618505611186
-0.2382120662604363,-0.36150724128434114,-0.29928990315874227,-0.3282748358281648,-0.13440737276889628,-0.2382120662604363,-0.36150724128434114,-0.2992429757035842,-0.3282748358281648,-0.13440737276889628,-0.2382120662604363,-0.36150724128434114,-0.29928990315874227,-0.3282748358281648,-0.13440737276889628,-0.2382120662604363,-0.36150724128434114,-0.29928990315874227,-0.17994349263640932,-0.13440737276889628,-0.16365518075068355,-0.36150724128434114,-0.29928990315874227,-0.3280956854518895,-0.13440737276889628,-0.2634137115987985,0.0163623022860036
-0.23313081351757756,-0.25411103311776495,-0.3825374838547924,-0.3226787800362673,-0.26529183696661945,-0.23313081351757756,-0.25411103311776495,-0.3825235207991391,-0.3226787800362673,-0.26529183696661945,-0.23313081351757756,-0.25411103311776495,-0.3825374838547924,-0.3226787800362673,-0.26529183696661945,-0.23313081351757756,-0.25411103311776495,-0.3825374838547924,-0.17829904271766336,-0.26529183696661945,-0.18193940533210418,-0.25411103311776495,-0.3825374838547924,-0.3227189087997888,-0.26529183696661945,-0.2837281903067559,0.011941354157480323
-0.2862559520029445,-0.24632160127920755,-0.40601377841530834,-0.3595680503556203,-0.2628385260866895,-0.2862559520029445,-0.24632160127920755,-0.4061091352892678,-0.3595680503556203,-0.2628385260866895,-0.2862559520029445,-0.24632160127920755,-0.40601377841530834,-0.3595680503556203,-0.2628385260866895,-0.2862559520029445,-0.24632160127920755,-0.40601377841530834,-0.17892043261494864,-0.2628385260866895,-0.17772433714292188,-0.24632160127920755,-0.40601377841530834,-0.3597022803838755,-0.2628385260866895,-0.3006415958000148,0.013705298549804984
-0.2959537879527465,-0.321073701535623,-0.39827988365916,-0.36135018049250817,-0.24428857067228757,-0.2959537879527465,-0.321073701535623,-0.3983841709533992,-0.36135018049250817,-0.24428857067228757,-0.2959537879527465,-0.321073701535623,-0.39827988365916,-0.36135018049250817,-0.24428857067228757,-0.2959537879527465,-0.321073701535623,-0.39827988365916,-0.19212147896017712,-0.24428857067228757,-0.20057979029138864,-0.321073701535623,-0.39827988365916,-0.36136191488226455,-0.24428857067228757,-0.3136097577620772,0.012283092200255332
-0.14331146816476215,-0.10910285251469852,-0.23107593602476842,-0.2563662219850786,-0.1765327334230848,-0.14331146816476215,-0.10910285251469852,-0.23102277069054453,-0.2563662219850786,-0.1765327334230848,-0.14331146816476215,-0.10910285251469852,-0.23107593602476842,-0.2563662219850786,-0.1765327334230848,-0.14331146816476215,-0.10910285251469852,-0.23107593602476842,-0.15162296819076712,-0.1765327334230848,-0.14719072109406853,-0.10910285251469852,-0.23107593602476842,-0.2564156489202143,-0.1765327334230848,-0.17924313285191476,0.010289411537390441
-0.11506154485411482,-0.1099857281379207,-0.276319374718243,-0.27813058741996466,-0.1694218630043316,-0.11506154485411482,-0.1099857281379207,-0.27633128880031704,-0.27813058741996466,-0.1694218630043316,-0.11506154485411482,-0.1099857281379207,-0.276319374718243,-0.27813058741996466,-0.1694218630043316,-0.11506154485411482,-0.1099857281379207,-0.276319374718243,-0.14380278075502367,-0.1694218630043316,-0.10762286954456622,-0.1099857281379207,-0.276319374718243,-0.2780607748536904,-0.1694218630043316,-0.1841108444085674,0.0143021169398108
-0.03235082140880219,-0.08595420018706172,-0.1715519930421027,-0.1671067371214161,-0.0857461647011452,-0.03235082140880219,-0.08595420018706172,-0.17148557507180237,-0.1671067371214161,-0.0857461647011452,-0.03235082140880219,-0.08595420018706172,-0.1715519930421027,-0.1671067371214161,-0.0857461647011452,-0.03235082140880219,-0.08595420018706172,-0.1715519930421027,-0.10263277656940481,-0.0857461647011452,-0.07241048704769087,-0.08595420018706172,-0.1715519930421027,-0.16692469094551438,-0.0857461647011452,-0.10755547292973258,0.00986264947359583
-0.1650002876009961,-0.07678055778953546,-0.18731535411760752,-0.21952175577966196,-0.18505316511345452,-0.1650002876009961,-0.07678055778953546,-0.1873666336762334,-0.21952175577966196,-0.18505316511345452,-0.1650002876009961,-0.07678055778953546,-0.18731535411760752,-0.21952175577966196,-0.18505316511345452,-0.1650002876009961,-0.07678055778953546,-0.18731535411760752,-0.1333291256634818,-0.18505316511345452,-0.14199569796328673,-0.07678055778953546,-0.18731535411760752,-0.21929008819339516,-0.18505316511345452,-0.16235911976898987,0.009334743102590918
0.031156129038849022,0.08196482966205909,0.02684716082543642,0.001393446276413524,0.12980974253418173,0.031156129038849022,0.08196482966205909,0.02658427060106871,0.001393446276413524,0.12980974253418173,0.031156129038849022,0.08196482966205909,0.02684716082543642,0.001393446276413524,0.12980974253418173,0.031156129038849022,0.08196482966205909,0.02684716082543642,-0.03528832621426743,0.12980974253418173,-0.018069624374264702,0.08196482966205909,0.02684716082543642,0.001833790748797048,0.12980974253418173,0.0508050588011568,0.009795505176643883
-0.08668197180601397,-0.03905362897882839,-0.11794822083945099,-0.1629965316064764,-0.0399947497197322,-0.08668197180601397,-0.03905362897882839,-0.11804149881035601,-0.1629965316064764,-0.0399947497197322,-0.08668197180601397,-0.03905362897882839,-0.11794822083945099,-0.1629965316064764,-0.0399947497197322,-0.08668197180601397,-0.03905362897882839,-0.11794822083945099,-0.08937439091345453,-0.0399947497197322,-0.0636334449997185,-0.03905362897882839,-0.11794822083945099,-0.16289714221180812,-0.0399947497197322,-0.08546794943317713,0.008850609517868029
-0.06411939022963217,0.007073077883849747,-0.011939955820338128,0.021527046142950087,-0.07246667635687777,-0.06411939022963217,0.007073077883849747,-0.011924694941921995,0.021527046142950087,-0.07246667635687777,-0.06411939022963217,0.007073077883849747,-0.011939955820338128,0.021527046142950087,-0.07246667635687777,-0.06411939022963217,0.007073077883849747,-0.011939955820338128,-0.02647341039066565,-0.07246667635687777,-0.061941379278799356,0.007073077883849747,-0.011939955820338128,0.021595246950064918,-0.07246667635687777,-0.02581473903189973,0.007168201618496797
-0.043468351151223564,-0.08664473446668947,0.0035901097735866238,0.045060295265096494,0.05838489300699452,-0.043468351151223564,-0.08664473446668947,0.0035860014767719567,0.045060295265096494,0.05838489300699452,-0.043468351151223564,-0.08664473446668947,0.0035901097735866238,0.045060295265096494,0.05838489300699452,-0.043468351151223564,-0.08664473446668947,0.0035901097735866238,-0.01440825310167161,0.05838489300699452,-0.03806784422625539,-0.08664473446668947,0.0035901097735866238,0.04534920025309175,0.05838489300699452,-0.0067668873044718515,0.010441246896964183
-0.1290778406695854,-0.1510727742491053,-0.0825183014966918,-0.05403534107804898,-0.02198810174290073,-0.1290778406695854,-0.1510727742491053,-0.08243104430111635,-0.05403534107804898,-0.02198810174290073,-0.1290778406695854,-0.1510727742491053,-0.0825183014966918,-0.05403534107804898,-0.02198810174290073,-0.1290778406695854,-0.1510727742491053,-0.0825183014966918,-0.05612561951074073,-0.02198810174290073,-0.09279423411685171,-0.1510727742491053,-0.0825183014966918,-0.05395140760978411,-0.02198810174290073,-0.08636389109591114,0.0091291278079667
-0.025402495318138606,-0.03345331085895029,-0.04286544368181712,-0.02514200942996914,0.014879782906661943,-0.025402495318138606,-0.03345331085895029,-0.04292293699462174,-0.02514200942996914,0.014879782906661943,-0.025402495318138606,-0.03345331085895029,-0.04286544368181712,-0.02514200942996914,0.014879782906661943,-0.025402495318138606,-0.03345331085895029,-0.04286544368181712,-0.04776650190295472,0.014879782906661943,-0.044079439153381035,-0.03345331085895029,-0.04286544368181712,-0.02506581732900047,0.014879782906661943,-0.024048004777245204,0.004070078397409671
-0.07753621614328826,0.04305158774139694,-0.06944475336210126,-0.06686773998805397,-0.08315098117530179,-0.07753621614328826,0.04305158774139694,-0.06946131019668243,-0.06686773998805397,-0.08315098117530179,-0.07753621614328826,0.04305158774139694,-0.06944475336210126,-0.06686773998805397,-0.08315098117530179,-0.07753621614328826,0.04305158774139694,-0.06944475336210126,-0.04428112223152407,-0.08315098117530179,-0.05105001586949694,0.04305158774139694,-0.06944475336210126,-0.06699312656834407,-0.08315098117530179,-0.04883238560085166,0.009186452409373476
0.09728052837037282,0.25064378720692215,0.06716282876510588,0.17931618550752587,-0.02405666633997042,0.09728052837037282,0.25064378720692215,0.06705740705609138,0.17931618550752587,-0.02405666633997042,0.09728052837037282,0.25064378720692215,0.06716282876510588,0.17931618550752587,-0.02405666633997042,0.09728052837037282,0.25064378720692215,0.06716282876510588,0.048972417665886524,-0.02405666633997042,0.021472363092835785,0.25064378720692215,0.06716282876510588,0.17880396310501415,-0.02405666633997042,0.10579854961276315,0.018764082389906764
0.05279881642543342,0.048649752821020346,0.025986676713902798,0.21740704213039327,0.11880494299068224,0.05279881642543342,0.048649752821020346,0.025749518637567484,0.21740704213039327,0.11880494299068224,0.05279881642543342,0.048649752821020346,0.025986676713902798,0.21740704213039327,0.11880494299068224,0.05279881642543342,0.048649752821020346,0.025986676713902798,0.05414550217064943,0.11880494299068224,0.033216584492707965,0.048649752821020346,0.025986676713902798,0.21743482313199133,0.11880494299068224,0.08540732025759815,0.012870501642743285
0.023908557526233647,-0.05980447625067196,0.050560815809415995,0.10723565139217041,0.1439815376337258,0.023908557526233647,-0.05980447625067196,0.05051136602418385,0.10723565139217041,0.1439815376337258,0.023908557526233647,-0.05980447625067196,0.050560815809415995,0.10723565139217041,0.1439815376337258,0.023908557526233647,-0.05980447625067196,0.050560815809415995,0.016275289893887598,0.1439815376337258,0.00036573818831247586,-0.05980447625067196,0.050560815809415995,0.10707400516447964,0.1439815376337258,0.04858784614820969,0.013801259592947028
0.09497453226001047,0.03939760589335799,0.16075136816862684,0.1640222130972143,0.10386497398964314,0.09497453226001047,0.03939760589335799,0.16075217692304813,0.1640222130972143,0.10386497398964314,0.09497453226001047,0.03939760589335799,0.16075136816862684,0.1640222130972143,0.10386497398964314,0.09497453226001047,0.03939760589335799,0.16075136816862684,0.03702939853512524,0.10386497398964314,0.026747782245932106,0.03939760589335799,0.16075136816862684,0.1638814673652995,0.10386497398964314,0.1047877586196241,0.009776596516597185
-0.2639054906556031,-0.16892899152240112,-0.22134083053917336,-0.19179926542296272,-0.2426942134048191,-0.2639054906556031,-0.16892899152240112,-0.22146680162421895,-0.19179926542296272,-0.2426942134048191,-0.2639054906556031,-0.16892899152240112,-0.22134083053917336,-0.19179926542296272,-0.2426942134048191,-0.2639054906556031,-0.16892899152240112,-0.22134083053917336,-0.11802743314294618,-0.2426942134048191,-0.1857806399471622,-0.16892899152240112,-0.22134083053917336,-0.19206785894289952,-0.2426942134048191,-0.21167367357365294,0.007477012195633138
-0.3501605509652858,-0.4030105193351028,-0.3766095276256055,-0.3242286659483501,-0.38247722030224185,-0.3501605509652858,-0.4030105193351028,-0.3765471990662706,-0.3242286659483501,-0.38247722030224185,-0.3501605509652858,-0.4030105193351028,-0.3766095276256055,-0.3242286659483501,-0.38247722030224185,-0.3501605509652858,-0.4030105193351028,-0.3766095276256055,-0.17201033815220118,-0.38247722030224185,-0.25552753104152914,-0.4030105193351028,-0.3766095276256055,-0.3243121707775783,-0.38247722030224185,-0.35742408997731673,0.009980083133831323
-0.3262661991053706,-0.3523913271458622,-0.34610483049373103,-0.2555327621660111,-0.2873150306696511,-0.3262661991053706,-0.3523913271458622,-0.3461445577984447,-0.2555327621660111,-0.2873150306696511,-0.3262661991053706,-0.3523913271458622,-0.34610483049373103,-0.2555327621660111,-0.2873150306696511,-0.3262661991053706,-0.3523913271458622,-0.34610483049373103,-0.1255806496954785,-0.2873150306696511,-0.19882823830612162,-0.3523913271458622,-0.34610483049373103,-0.2557114156051999,-0.2873150306696511,-0.30323516221509,0.010828030247825558
-0.2025469518517467,-0.13947338069027637,-0.1852143368501904,-0.1646564184387265,-0.19080981460894764,-0.2025469518517467,-0.13947338069027637,-0.18514678282169966,-0.1646564184387265,-0.19080981460894764,-0.2025469518517467,-0.13947338069027637,-0.1852143368501904,-0.1646564184387265,-0.19080981460894764,-0.2025469518517467,-0.13947338069027637,-0.1852143368501904,-0.08162037405556588,-0.19080981460894764,-0.11537310359462204,-0.13947338069027637,-0.1852143368501904,-0.16497556456867205,-0.19080981460894764,-0.1697418484664243,0.005964182379425699
-0.35571217843283515,-0.2849322089852769,-0.36096456671081023,-0.28795756291839664,-0.2724535034930072,-0.35571217843283515,-0.2849322089852769,-0.36101006704874683,-0.28795756291839664,-0.2724535034930072,-0.35571217843283515,-0.2849322089852769,-0.36096456671081023,-0.28795756291839664,-0.2724535034930072,-0.35571217843283515,-0.2849322089852769,-0.36096456671081023,-0.14470448653916124,-0.2724535034930072,-0.21507318968995437,-0.2849322089852769,-0.36096456671081023,-0.28821965148327755,-0.2724535034930072,-0.3010606250592932,0.010213757094978581
-0.2203487732491382,-0.26657517559873295,-0.2435356364747371,-0.06369832574063558,-0.038729334686040735,-0.2203487732491382,-0.26657517559873295,-0.24369495235726443,-0.06369832574063558,-0.038729334686040735,-0.2203487732491382,-0.26657517559873295,-0.2435356364747371,-0.06369832574063558,-0.038729334686040735,-0.2203487732491382,-0.26657517559873295,-0.2435356364747371,-0.06190722825888481,-0.038729334686040735,-0.1677665600051582,-0.26657517559873295,-0.2435356364747371,-0.06330077216608263,-0.038729334686040735,-0.16439298721314663,0.01865404041977312
-0.2361324135131109,-0.27384861367970803,-0.2247586158233139,-0.11615184946276894,-0.1200238086296608,-0.2361324135131109,-0.27384861367970803,-0.2247907340183109,-0.11615184946276894,-0.1200238086296608,-0.2361324135131109,-0.27384861367970803,-0.2247586158233139,-0.11615184946276894,-0.1200238086296608,-0.2361324135131109,-0.27384861367970803,-0.2247586158233139,-0.09029628559860133,-0.1200238086296608,-0.17784856633481097,-0.27384861367970803,-0.2247586158233139,-0.11629486330881629,-0.1200238086296608,-0.19082448906165556,0.012773573350251671
-0.270499647983605,-0.3658642490815922,-0.2440778760522054,-0.1847236548249933,-0.12731662749944564,-0.270499647983605,-0.3658642490815922,-0.2442722857217427,-0.1847236548249933,-0.12731662749944564,-0.270499647983605,-0.3658642490815922,-0.2440778760522054,-0.1847236548249933,-0.12731662749944564,-0.270499647983605,-0.3658642490815922,-0.2440778760522054,-0.10959343717392059,-0.12731662749944564,-0.17627934085602,-0.3658642490815922,-0.2440778760522054,-0.18444855069039395,-0.12731662749944564,-0.23171916231861955,0.016553257394583624
-0.09326993935401265,-0.19383038686710777,-0.09571280479843515,-0.0809701748643494,-0.05756334503564104,-0.09326993935401265,-0.19383038686710777,-0.09590071356817303,-0.0809701748643494,-0.05756334503564104,-0.09326993935401265,-0.19383038686710777,-0.09571280479843515,-0.0809701748643494,-0.05756334503564104,-0.09326993935401265,-0.19383038686710777,-0.09571280479843515,-0.05682934774655026,-0.05756334503564104,-0.07605052114529788,-0.19383038686710777,-0.09571280479843515,-0.08074569227344464,-0.05756334503564104,-0.10261345741800199,0.009366077495024471
-0.03516434143050322,-0.2032656489701356,-0.03399141307098002,-0.026622209173478833,-0.0609534352682312,-0.03516434143050322,-0.2032656489701356,-0.03422572282860533,-0.026622209173478833,-0.0609534352682312,-0.03516434143050322,-0.2032656489701356,-0.03399141307098002,-0.026622209173478833,-0.0609534352682312,-0.03516434143050322,-0.2032656489701356,-0.03399141307098002,-0.03433336360923353,-0.0609534352682312,-0.04852805559275268,-0.2032656489701356,-0.03399141307098002,-0.026333229938736304,-0.0609534352682312,-0.07284021754750127,0.01298587396943824
-0.06354402610084503,-0.14444301256305977,-0.04396578564345032,0.044605840659216564,0.024600051650150764,-0.06354402610084503,-0.14444301256305977,-0.04397025176132095,0.044605840659216564,0.024600051650150764,-0.06354402610084503,-0.14444301256305977,-0.04396578564345032,0.044605840659216564,0.024600051650150764,-0.06354402610084503,-0.14444301256305977,-0.04396578564345032,-0.005117824511003918,0.024600051650150764,-0.04408188956950539,-0.14444301256305977,-0.04396578564345032,0.04460420131408727,0.024600051650150764,-0.037760091763672794,0.012856834104989936
-0.2616979391679949,-0.26452130246188077,-0.30219964770698254,-0.18443808655241795,-0.30812822781491667,-0.2616979391679949,-0.26452130246188077,-0.30225405282044565,-0.18443808655241795,-0.30812822781491667,-0.2616979391679949,-0.26452130246188077,-0.30219964770698254,-0.18443808655241795,-0.30812822781491667,-0.2616979391679949,-0.26452130246188077,-0.30219964770698254,-0.10734421343731367,-0.30812822781491667,-0.18633896276154172,-0.26452130246188077,-0.30219964770698254,-0.1844836388912511,-0.30812822781491667,-0.2581029250580681,0.010530199414431677
-0.2899510934332413,-0.31631035803188184,-0.2269782184474172,-0.22486541599520427,-0.30436090101561547,-0.2899510934332413,-0.31631035803188184,-0.22706147704004895,-0.22486541599520427,-0.30436090101561547,-0.2899510934332413,-0.31631035803188184,-0.2269782184474172,-0.22486541599520427,-0.30436090101561547,-0.2899510934332413,-0.31631035803188184,-0.2269782184474172,-0.1231012286139839,-0.30436090101561547,-0.17712943170247858,-0.31631035803188184,-0.2269782184474172,-0.2246090612757806,-0.30436090101561547,-0.2639028395751211,0.009993269782774511
-0.39731334531980594,-0.434931697805438,-0.30716479056042684,-0.2920277091360121,-0.38027577227212667,-0.39731334531980594,-0.434931697805438,-0.30717368209948454,-0.2920277091360121,-0.38027577227212667,-0.39731334531980594,-0.434931697805438,-0.30716479056042684,-0.2920277091360121,-0.38027577227212667,-0.39731334531980594,-0.434931697805438,-0.30716479056042684,-0.16534348269003654,-0.38027577227212667,-0.2595148332783018,-0.434931697805438,-0.30716479056042684,-0.2916993533692459,-0.38027577227212667,-0.3517505749101544,0.013270447794983934
-0.134760513650407,-0.1787386134014078,-0.12901259939760562,-0.011203143856496518,0.03171093902175506,-0.134760513650407,-0.1787386134014078,-0.1290792792581194,-0.011203143856496518,0.03171093902175506,-0.134760513650407,-0.1787386134014078,-0.12901259939760562,-0.011203143856496518,0.03171093902175506,-0.134760513650407,-0.1787386134014078,-0.12901259939760562,-0.04742566822551464,0.03171093902175506,-0.13313155993993148,-0.1787386134014078,-0.12901259939760562,-0.011100436038910701,0.03171093902175506,-0.0857830879648912,0.015548926665495327
0.04113329207152605,-0.10832098662237556,-0.010862249223671594,0.03029691038693582,0.023529828204512823,0.04113329207152605,-0.10832098662237556,-0.01091596273334936,0.03029691038693582,0.023529828204512823,0.04113329207152605,-0.10832098662237556,-0.010862249223671594,0.03029691038693582,0.023529828204512823,0.04113329207152605,-0.10832098662237556,-0.010862249223671594,-0.014642315834180401,0.023529828204512823,-0.02297767822810139,-0.10832098662237556,-0.010862249223671594,0.03027413789086649,0.023529828204512823,-0.009209708337674124,0.010457715768588343
0.07592937057689969,0.014886188229529718,0.08087338830523014,0.08652886475712775,0.025204820878733148,0.07592937057689969,0.014886188229529718,0.08095190926376035,0.08652886475712775,0.025204820878733148,0.07592937057689969,0.014886188229529718,0.08087338830523014,0.08652886475712775,0.025204820878733148,0.07592937057689969,0.014886188229529718,0.08087338830523014,0.023384873516347937,0.025204820878733148,0.01927999125182523,0.014886188229529718,0.08087338830523014,0.08641598705127918,0.025204820878733148,0.05189141745697719,0.0060244071468315554
0.09247554065169201,0.10880486090568814,0.13544178007104776,0.10291848332672665,0.04022867781743744,0.09247554065169201,0.10880486090568814,0.13553441414914766,0.10291848332672665,0.04022867781743744,0.09247554065169201,0.10880486090568814,0.13544178007104776,0.10291848332672665,0.04022867781743744,0.09247554065169201,0.10880486090568814,0.13544178007104776,0.017655164082282144,0.04022867781743744,0.00803556116161122,0.10880486090568814,0.13544178007104776,0.10268544449900524,0.04022867781743744,0.08918012041515254,0.007555790006115296
-0.14525209649262927,-0.11247216339578696,-0.10672083613583687,-0.040249663047726744,-0.024893986663338596,-0.14525209649262927,-0.11247216339578696,-0.10666969292265609,-0.040249663047726744,-0.024893986663338596,-0.14525209649262927,-0.11247216339578696,-0.10672083613583687,-0.040249663047726744,-0.024893986663338596,-0.14525209649262927,-0.11247216339578696,-0.10672083613583687,-0.03823293093048392,-0.024893986663338596,-0.102285691965382,-0.11247216339578696,-0.10672083613583687,-0.04034200494284388,-0.024893986663338596,-0.08412007162856154,0.008698716930556101
-0.2308780660870811,-0.2513062644829694,-0.25443136323222293,-0.20263132489575497,-0.27958789140131435,-0.2308780660870811,-0.2513062644829694,-0.2542919807205427,-0.20263132489575497,-0.27958789140131435,-0.2308780660870811,-0.2513062644829694,-0.25443136323222293,-0.20263132489575497,-0.27958789140131435,-0.2308780660870811,-0.2513062644829694,-0.25443136323222293,-0.10175103115789876,-0.27958789140131435,-0.14546200790543978,-0.2513062644829694,-0.25443136323222293,-0.2028422531118137,-0.27958789140131435,-0.23631798977126386,0.008145461346800045
-0.11947391670978574,-0.1605069352516703,-0.1161853357994817,-0.0989536500436879,-0.26371090458049073,-0.11947391670978574,-0.1605069352516703,-0.1161172759114592,-0.0989536500436879,-0.26371090458049073,-0.11947391670978574,-0.1605069352516703,-0.1161853357994817,-0.0989536500436879,-0.26371090458049073,-0.11947391670978574,-0.1605069352516703,-0.1161853357994817,-0.06494053506772506,-0.26371090458049073,-0.10046834554479799,-0.1605069352516703,-0.1161853357994817,-0.09933549349377772,-0.26371090458049073,-0.14965795237386795,0.01207168421393048
0.01439460459487642,0.08333098622571095,0.09157026066137591,0.23032120961655675,0.03621103918476918,0.01439460459487642,0.08333098622571095,0.09143102235094752,0.23032120961655675,0.03621103918476918,0.01439460459487642,0.08333098622571095,0.09157026066137591,0.23032120961655675,0.03621103918476918,0.01439460459487642,0.08333098622571095,0.09157026066137591,0.06309432313219356,0.03621103918476918,-0.0054897818384812185,0.08333098622571095,0.09157026066137591,0.2303789521241034,0.03621103918476918,0.08367790930783375,0.013877742175464159
0.0014039679041421113,-0.05989518260907713,-0.1475842747170675,-0.022238897369801232,0.07285941078045893,0.0014039679041421113,-0.05989518260907713,-0.14765399822659192,-0.022238897369801232,0.07285941078045893,0.0014039679041421113,-0.05989518260907713,-0.1475842747170675,-0.022238897369801232,0.07285941078045893,0.0014039679041421113,-0.05989518260907713,-0.1475842747170675,-0.017332979917722906,0.07285941078045893,-0.00013888936400067078,-0.05989518260907713,-0.1475842747170675,-0.02218576616940953,0.07285941078045893,-0.03095713648727684,0.014236002645032326
-0.32375423156291494,-0.19143426330977173,-0.32352779352338557,-0.2757768012084035,-0.2668559841863138,-0.32375423156291494,-0.19143426330977173,-0.32342850723478794,-0.2757768012084035,-0.2668559841863138,-0.32375423156291494,-0.19143426330977173,-0.32352779352338557,-0.2757768012084035,-0.2668559841863138,-0.32375423156291494,-0.19143426330977173,-0.32352779352338557,-0.1251782270063921,-0.2668559841863138,-0.1928256145639982,-0.19143426330977173,-0.32352779352338557,-0.2758835973545193,-0.2668559841863138,-0.26500902750442146,0.011315550252509899
-0.2558915517059048,-0.022406964869728666,-0.1943734021577772,-0.21958874310452653,-0.24168123712237546,-0.2558915517059048,-0.022406964869728666,-0.1942610625693836,-0.21958874310452653,-0.24168123712237546,-0.2558915517059048,-0.022406964869728666,-0.1943734021577772,-0.21958874310452653,-0.24168123712237546,-0.2558915517059048,-0.022406964869728666,-0.1943734021577772,-0.09768370533063107,-0.24168123712237546,-0.15999882661466458,-0.022406964869728666,-0.1943734021577772,-0.2196796323370867,-0.24168123712237546,-0.17807561126322377,0.016670022947088484
-0.2828053181542104,-0.25411438237280004,-0.35019661883635256,-0.3012195527710358,-0.2599770308807049,-0.2828053181542104,-0.25411438237280004,-0.3500779228339914,-0.3012195527710358,-0.2599770308807049,-0.2828053181542104,-0.25411438237280004,-0.35019661883635256,-0.3012195527710358,-0.2599770308807049,-0.2828053181542104,-0.25411438237280004,-0.35019661883635256,-0.13292577778315284,-0.2599770308807049,-0.18035567749954604,-0.25411438237280004,-0.35019661883635256,-0.301259302480815,-0.2599770308807049,-0.27882968612561554,0.009871164013563475
-0.21826792864361683,-0.19840339044947125,-0.2575678922921591,-0.2226345009221382,-0.22571096107304695,-0.21826792864361683,-0.19840339044947125,-0.2575431045783416,-0.2226345009221382,-0.22571096107304695,-0.21826792864361683,-0.19840339044947125,-0.2575678922921591,-0.2226345009221382,-0.22571096107304695,-0.21826792864361683,-0.19840339044947125,-0.2575678922921591,-0.11830945216613542,-0.22571096107304695,-0.15852185311595746,-0.19840339044947125,-0.2575678922921591,-0.22269935560041101,-0.22571096107304695,-0.2179556923833182,0.0060263744352171906
-0.19171614134333834,-0.08120991583387724,-0.23810325480140282,-0.15778389183427802,-0.10776105301274345,-0.19171614134333834,-0.08120991583387724,-0.23805623406497295,-0.15778389183427802,-0.10776105301274345,-0.19171614134333834,-0.08120991583387724,-0.23810325480140282,-0.15778389183427802,-0.10776105301274345,-0.19171614134333834,-0.08120991583387724,-0.23810325480140282,-0.08439694532104502,-0.10776105301274345,-0.13261647897539036,-0.08120991583387724,-0.23810325480140282,-0.15786013072789976,-0.10776105301274345,-0.15001655573616843,0.011313306739256348
-0.0953195009808019,-0.07112896337906777,-0.2197829976958309,-0.15637640412140272,0.044715347649719364,-0.0953195009808019,-0.07112896337906777,-0.2197974520577506,-0.15637640412140272,0.044715347649719364,-0.0953195009808019,-0.07112896337906777,-0.2197829976958309,-0.15637640412140272,0.044715347649719364,-0.0953195009808019,-0.07112896337906777,-0.2197829976958309,-0.06955711077993741,0.044715347649719364,-0.08584040748910243,-0.07112896337906777,-0.2197829976958309,-0.15649944655339462,0.044715347649719364,-0.09573206810390665,0.017280946988819344
-0.25019072904669887,-0.2940927277527261,-0.2775105308050847,-0.304120254707995,-0.18162377143383573,-0.25019072904669887,-0.2940927277527261,-0.27748536490382536,-0.304120254707995,-0.18162377143383573,-0.25019072904669887,-0.2940927277527261,-0.2775105308050847,-0.304120254707995,-0.18162377143383573,-0.25019072904669887,-0.2940927277527261,-0.2775105308050847,-0.1374321775928175,-0.18162377143383573,-0.16670168314828804,-0.2940927277527261,-0.2775105308050847,-0.3043742278573048,-0.18162377143383573,-0.25150967011864656,0.010241469514608281
-0.13730266617789927,-0.15822181000034066,-0.12647510944914012,-0.16462662872997869,-0.20048115495626356,-0.13730266617789927,-0.15822181000034066,-0.12644866783558903,-0.16462662872997869,-0.20048115495626356,-0.13730266617789927,-0.15822181000034066,-0.12647510944914012,-0.16462662872997869,-0.20048115495626356,-0.13730266617789927,-0.15822181000034066,-0.12647510944914012,-0.08953706190737601,-0.20048115495626356,-0.1208014600348588,-0.15822181000034066,-0.12647510944914012,-0.16475213621047535,-0.20048115495626356,-0.15376180557877658,0.005752182801144609
-0.24414637088060556,-0.1923561717928024,-0.29762365217389525,-0.20868138713592269,-0.26900742037158365,-0.24414637088060556,-0.1923561717928024,-0.297718831291333,-0.20868138713592269,-0.26900742037158365,-0.24414637088060556,-0.1923561717928024,-0.29762365217389525,-0.20868138713592269,-0.26900742037158365,-0.24414637088060556,-0.1923561717928024,-0.29762365217389525,-0.10747782964543932,-0.26900742037158365,-0.16090109687243784,-0.1923561717928024,-0.29762365217389525,-0.20865957710076244,-0.26900742037158365,-0.234987981974307,0.009555871401890457
-0.18451500584287295,-0.18376181402193023,-0.2744458077811176,-0.15604846743759349,-0.15012066741789268,-0.18451500584287295,-0.18376181402193023,-0.2746953077544026,-0.15604846743759349,-0.15012066741789268,-0.18451500584287295,-0.18376181402193023,-0.2744458077811176,-0.15604846743759349,-0.15012066741789268,-0.18451500584287295,-0.18376181402193023,-0.2744458077811176,-0.07146339639806361,-0.15012066741789268,-0.11149904517821439,-0.18376181402193023,-0.2744458077811176,-0.1558997230313371,-0.15012066741789268,-0.183478341454795,0.010208244661144679
-0.007446999064206199,-0.03635327063100025,-0.05457899529752259,-0.00860632447525516,0.04105440148098879,-0.007446999064206199,-0.03635327063100025,-0.05460193605888907,-0.00860632447525516,0.04105440148098879,-0.007446999064206199,-0.03635327063100025,-0.05457899529752259,-0.00860632447525516,0.04105440148098879,-0.007446999064206199,-0.03635327063100025,-0.05457899529752259,-0.022534895970897792,0.04105440148098879,-0.038898298600471275,-0.03635327063100025,-0.05457899529752259,-0.00858263021723766,0.04105440148098879,-0.015001402298809353,0.006426448444522593
0.014961050216614232,-0.09008645664400187,-0.06854353169875768,0.009843026908046502,0.07972421878734133,0.014961050216614232,-0.09008645664400187,-0.06847054489488869,0.009843026908046502,0.07972421878734133,0.014961050216614232,-0.09008645664400187,-0.06854353169875768,0.009843026908046502,0.07972421878734133,0.014961050216614232,-0.09008645664400187,-0.06854353169875768,-0.014030849299035773,0.07972421878734133,-0.0359487387298733,-0.09008645664400187,-0.06854353169875768,0.009718631371466883,0.07972421878734133,-0.013813741441602715,0.01201523467474124
-0.07829666459491143,-0.11372835343958615,-0.13298592400547674,-0.017008106576451843,-0.007453359769809731,-0.07829666459491143,-0.11372835343958615,-0.13283780238882292,-0.017008106576451843,-0.007453359769809731,-0.07829666459491143,-0.11372835343958615,-0.13298592400547674,-0.017008106576451843,-0.007453359769809731,-0.07829666459491143,-0.11372835343958615,-0.13298592400547674,-0.013545193389162248,-0.007453359769809731,-0.0607234357775398,-0.11372835343958615,-0.13298592400547674,-0.01719130149872135,-0.007453359769809731,-0.06905443892928533,0.009897794517356708
-0.15271569485598133,-0.17414379755985557,-0.19225756353606396,-0.1825273194403358,-0.18219608527494643,-0.15271569485598133,-0.17414379755985557,-0.1922087402374737,-0.1825273194403358,-0.18219608527494643,-0.15271569485598133,-0.17414379755985557,-0.19225756353606396,-0.1825273194403358,-0.18219608527494643,-0.15271569485598133,-0.17414379755985557,-0.19225756353606396,-0.09510874440535565,-0.18219608527494643,-0.12998860157138167,-0.17414379755985557,-0.19225756353606396,-0.182651874739939,-0.18219608527494643,-0.17236529468069395,0.004332348642976001
0.19212952752529933,0.235106360809359,0.25127822555826546,0.16426297012406,0.21749821785617945,0.19212952752529933,0.235106360809359,0.251480486686394,0.16426297012406,0.21749821785617945,0.19212952752529933,0.235106360809359,0.25127822555826546,0.16426297012406,0.21749821785617945,0.19212952752529933,0.235106360809359,0.25127822555826546,0.03379658707191132,0.21749821785617945,0.03688540851559863,0.235106360809359,0.25127822555826546,0.16421147310746909,0.21749821785617945,0.20063267085662023,0.011124555423720428
-0.014532211721342796,-0.02175788886813012,0.07200701633953227,0.0029693777905000643,0.05453766554489428,-0.014532211721342796,-0.02175788886813012,0.07195668944632123,0.0029693777905000643,0.05453766554489428,-0.014532211721342796,-0.02175788886813012,0.07200701633953227,0.0029693777905000643,0.05453766554489428,-0.014532211721342796,-0.02175788886813012,0.07200701633953227,-0.028614052072009222,0.05453766554489428,-0.05419227639213872,-0.02175788886813012,0.07200701633953227,0.0030483607893344814,0.05453766554489428,0.015796198279983464,0.007995640623870549
-0.019792802410128686,-0.017545149178201762,-0.00859701286124354,0.046025943391551964,0.00921858299562651,-0.019792802410128686,-0.017545149178201762,-0.008525678494522277,0.046025943391551964,0.00921858299562651,-0.019792802410128686,-0.017545149178201762,-0.00859701286124354,0.046025943391551964,0.00921858299562651,-0.019792802410128686,-0.017545149178201762,-0.00859701286124354,-0.003342959608297108,0.00921858299562651,-0.05395017789411032,-0.017545149178201762,-0.00859701286124354,0.04556501169242413,0.00921858299562651,-0.0014947226451285944,0.004835237540719057
0.2023785980245039,0.15606863788360295,0.17050856777686121,0.1655816250301135,0.12145957600013312,0.2023785980245039,0.15606863788360295,0.1705475722032659,0.1655816250301135,0.12145957600013312,0.2023785980245039,0.15606863788360295,0.17050856777686121,0.1655816250301135,0.12145957600013312,0.2023785980245039,0.15606863788360295,0.17050856777686121,0.04664528327106785,0.12145957600013312,0.05287253961166022,0.15606863788360295,0.17050856777686121,0.1653129329954433,0.12145957600013312,0.15245251743183677,0.007672530032648782
0.08617898538156699,-0.004355998995386115,0.10352655094770315,0.13997577464437702,0.21429088563953258,0.08617898538156699,-0.004355998995386115,0.10348361069227398,0.13997577464437702,0.21429088563953258,0.08617898538156699,-0.004355998995386115,0.10352655094770315,0.13997577464437702,0.21429088563953258,0.08617898538156699,-0.004355998995386115,0.10352655094770315,0.04426743381786473,0.21429088563953258,0.02198655320439303,-0.004355998995386115,0.10352655094770315,0.14000096834238052,0.21429088563953258,0.10152649874111423,0.014471037169819663
-0.18950021068707182,-0.1210801255618208,-0.14214863278867987,-0.10354775201680215,-0.09668098955495304,-0.18950021068707182,-0.1210801255618208,-0.14222834943762708,-0.10354775201680215,-0.09668098955495304,-0.18950021068707182,-0.1210801255618208,-0.14214863278867987,-0.10354775201680215,-0.09668098955495304,-0.18950021068707182,-0.1210801255618208,-0.14214863278867987,-0.05704051904287658,-0.09668098955495304,-0.13401317653003278,-0.1210801255618208,-0.14214863278867987,-0.10377689752763318,-0.09668098955495304,-0.12652412592301807,0.006641774244266082
-0.05561000981811598,0.02938847519522421,-0.007127777951152391,0.022083951055244067,-0.03651426848387473,-0.05561000981811598,0.02938847519522421,-0.007180950163888775,0.022083951055244067,-0.03651426848387473,-0.05561000981811598,0.02938847519522421,-0.007127777951152391,0.022083951055244067,-0.03651426848387473,-0.05561000981811598,0.02938847519522421,-0.007127777951152391,0.00365812973067118,-0.03651426848387473,-0.055998597214360846,0.02938847519522421,-0.007127777951152391,0.021885376667319434,-0.03651426848387473,-0.010318572213394116,0.006329299992624827
-0.0899973215704738,0.055477317037155124,-0.07175570019438966,-0.010987981641500097,-0.04196221737444397,-0.0899973215704738,0.055477317037155124,-0.07180312036527249,-0.010987981641500097,-0.04196221737444397,-0.0899973215704738,0.055477317037155124,-0.07175570019438966,-0.010987981641500097,-0.04196221737444397,-0.0899973215704738,0.055477317037155124,-0.07175570019438966,-0.00653316802566737,-0.04196221737444397,-0.07465718393020249,0.055477317037155124,-0.07175570019438966,-0.011073718335058115,-0.04196221737444397,-0.031058708973063957,0.00994811234028536
0.09181311637786918,0.11979147067753636,0.06373258953220379,0.10206934198168675,0.0837688638754554,0.09181311637786918,0.11979147067753636,0.06368922622835768,0.10206934198168675,0.0837688638754554,0.09181311637786918,0.11979147067753636,0.06373258953220379,0.10206934198168675,0.0837688638754554,0.09181311637786918,0.11979147067753636,0.06373258953220379,0.04008653993441286,0.0837688638754554,0.029700016285116936,0.11979147067753636,0.06373258953220379,0.10237029533514604,0.0837688638754554,0.08728154400533378,0.004744199764735205
0.00479315669243399,-0.0012894961709911021,-0.06497940487317859,-0.04129774711497747,0.04371115641046045,0.00479315669243399,-0.0012894961709911021,-0.06509254283743943,-0.04129774711497747,0.04371115641046045,0.00479315669243399,-0.0012894961709911021,-0.06497940487317859,-0.04129774711497747,0.04371115641046045,0.00479315669243399,-0.0012894961709911021,-0.06497940487317859,-0.020612191516186457,0.04371115641046045,-0.03936140194463451,-0.0012894961709911021,-0.06497940487317859,-0.04130911130328656,0.04371115641046045,-0.012756207218884444,0.007391157399474527
0.08289948771158702,0.05630625320013478,-0.0015176691632619022,-0.01170227818763281,-0.04304888068176315,0.08289948771158702,0.05630625320013478,-0.0015753392764509613,-0.01170227818763281,-0.04304888068176315,0.08289948771158702,0.05630625320013478,-0.0015176691632619022,-0.01170227818763281,-0.04304888068176315,0.08289948771158702,0.05630625320013478,-0.0015176691632619022,-0.004301068047964761,-0.04304888068176315,0.009755458137735266,0.05630625320013478,-0.0015176691632619022,-0.012008416020586494,-0.04304888068176315,0.013943117480599726,0.008631555135170684
0.11790294604775922,0.04728053291740734,0.06412233228797411,-0.02360043126863641,0.026931352261083362,0.11790294604775922,0.04728053291740734,0.06422185773781684,-0.02360043126863641,0.026931352261083362,0.11790294604775922,0.04728053291740734,0.06412233228797411,-0.02360043126863641,0.026931352261083362,0.11790294604775922,0.04728053291740734,0.06412233228797411,0.00027010328401858133,0.026931352261083362,0.02693537430714345,0.04728053291740734,0.06412233228797411,-0.0238479403606239,0.026931352261083362,0.0438375456159133,0.008403413676329482
0.007029466828459608,0.06793889749705785,-0.01834568372028314,-0.02705403092863651,-0.036569386257344426,0.007029466828459608,0.06793889749705785,-0.018232461262231655,-0.02705403092863651,-0.036569386257344426,0.007029466828459608,0.06793889749705785,-0.01834568372028314,-0.02705403092863651,-0.036569386257344426,0.007029466828459608,0.06793889749705785,-0.01834568372028314,-1.4719974353624397e-05,-0.036569386257344426,-0.01458256407816321,0.06793889749705785,-0.01834568372028314,-0.027425458171254576,-0.036569386257344426,-0.0011933843056255845,0.007313461401815008
-0.1562150352323949,0.01501401367529002,-0.13487006946121097,-0.10415971523888526,-0.10033760926176073,-0.1562150352323949,0.01501401367529002,-0.13492707852097274,-0.10415971523888526,-0.10033760926176073,-0.1562150352323949,0.01501401367529002,-0.13487006946121097,-0.10415971523888526,-0.10033760926176073,-0.1562150352323949,0.01501401367529002,-0.13487006946121097,-0.014804861417360758,-0.10033760926176073,-0.05964835834488311,0.01501401367529002,-0.13487006946121097,-0.10431621333303402,-0.10033760926176073,-0.08868536216158734,0.01180757745109684
-0.2270064308148972,-0.22219332171665385,-0.22270721043490221,-0.1724563489853548,-0.15071451860087176,-0.2270064308148972,-0.22219332171665385,-0.22276143342804922,-0.1724563489853548,-0.15071451860087176,-0.2270064308148972,-0.22219332171665385,-0.22270721043490221,-0.1724563489853548,-0.15071451860087176,-0.2270064308148972,-0.22219332171665385,-0.22270721043490221,-0.04804325847628031,-0.15071451860087176,-0.09886972779432515,-0.22219332171665385,-0.22270721043490221,-0.17274301894474792,-0.15071451860087176,-0.1889272100874517,0.00906199759040279
-0.13307635544534432,-0.111098478059243,-0.20529033273192557,-0.0756525656496861,-0.1268318016476677,-0.13307635544534432,-0.111098478059243,-0.20524916906840826,-0.0756525656496861,-0.1268318016476677,-0.13307635544534432,-0.111098478059243,-0.20529033273192557,-0.0756525656496861,-0.1268318016476677,-0.13307635544534432,-0.111098478059243,-0.20529033273192557,-0.016494725790711897,-0.1268318016476677,-0.05704798769011093,-0.111098478059243,-0.20529033273192557,-0.07596802614342328,-0.1268318016476677,-0.12499343027541382,0.009573243168342602
-0.26446773857620026,-0.12312319554884495,-0.21819486773476374,-0.10378662904761964,-0.10077596910171288,-0.26446773857620026,-0.12312319554884495,-0.21811955581969159,-0.10378662904761964,-0.10077596910171288,-0.26446773857620026,-0.12312319554884495,-0.21819486773476374,-0.10378662904761964,-0.10077596910171288,-0.26446773857620026,-0.12312319554884495,-0.21819486773476374,-0.03874508253704235,-0.10077596910171288,-0.12956859271098958,-0.12312319554884495,-0.21819486773476374,-0.10378557937475344,-0.10077596910171288,-0.15406899784327918,0.013144446374377786
-0.07615585842159946,0.047122999774571864,-0.004341678457523359,0.005371764405627401,-0.060299864342416916,-0.07615585842159946,0.047122999774571864,-0.0043557109023074,0.005371764405627401,-0.060299864342416916,-0.07615585842159946,0.047122999774571864,-0.004341678457523359,0.005371764405627401,-0.060299864342416916,-0.07615585842159946,0.047122999774571864,-0.004341678457523359,0.0014915503198659832,-0.060299864342416916,-0.05032460398621262,0.047122999774571864,-0.004341678457523359,0.005119148951853339,-0.060299864342416916,-0.016793151710225405,0.00860892210299041
-0.08521440056723667,0.05404194465146953,-0.013947656774614422,0.03913192755903424,0.02974677797667257,-0.08521440056723667,0.05404194465146953,-0.013844134856034236,0.03913192755903424,0.02974677797667257,-0.08521440056723667,0.05404194465146953,-0.013947656774614422,0.03913192755903424,0.02974677797667257,-0.08521440056723667,0.05404194465146953,-0.013947656774614422,0.01539613550205815,0.02974677797667257,-0.06180786290405559,0.05404194465146953,-0.013947656774614422,0.039027012767299696,0.02974677797667257,0.004738492678387075,0.009499453330438548
0.12876430731067126,0.3163628314603836,0.2032893466659064,0.18369779212730544,0.12869924845656391,0.12876430731067126,0.3163628314603836,0.2033283553356612,0.18369779212730544,0.12869924845656391,0.12876430731067126,0.3163628314603836,0.2032893466659064,0.18369779212730544,0.12869924845656391,0.12876430731067126,0.3163628314603836,0.2032893466659064,0.09863515590238166,0.12869924845656391,0.0662135065031361,0.3163628314603836,0.2032893466659064,0.18369115580645343,0.12869924845656391,0.1862594626168239,0.014570245972410452
0.022983868360463382,0.08057717584909017,0.049814275715766944,0.08078778801182755,-0.002965522858538498,0.022983868360463382,0.08057717584909017,0.04989060571732296,0.08078778801182755,-0.002965522858538498,0.022983868360463382,0.08057717584909017,0.049814275715766944,0.08078778801182755,-0.002965522858538498,0.022983868360463382,0.08057717584909017,0.049814275715766944,0.054889313813539814,-0.002965522858538498,0.02583614340327004,0.08057717584909017,0.049814275715766944,0.08048889026071986,-0.002965522858538498,0.0453087663395206,0.006257552792021454
-0.027484657841570326,-0.06895779940463703,-0.04339538007960546,0.011891394563802489,-0.07300581964154894,-0.027484657841570326,-0.06895779940463703,-0.04341317320748574,0.011891394563802489,-0.07300581964154894,-0.027484657841570326,-0.06895779940463703,-0.04339538007960546,0.011891394563802489,-0.07300581964154894,-0.027484657841570326,-0.06895779940463703,-0.04339538007960546,0.00894723653800251,-0.07300581964154894,-0.030816193235926676,-0.06895779940463703,-0.04339538007960546,0.011873958368799653,-0.07300581964154894,-0.040442889390433424,0.006021540725066514
-0.16249097364985404,-0.14478825468335998,-0.12796065146772723,-0.15165358729329584,-0.1587870534078218,-0.16249097364985404,-0.14478825468335998,-0.12797900395020467,-0.15165358729329584,-0.1587870534078218,-0.16249097364985404,-0.14478825468335998,-0.12796065146772723,-0.15165358729329584,-0.1587870534078218,-0.16249097364985404,-0.14478825468335998,-0.12796065146772723,-0.060746556762039154,-0.1587870534078218,-0.10235128699170674,-0.14478825468335998,-0.12796065146772723,-0.15154937453552642,-0.1587870534078218,-0.14309080100182395,0.004407612523549068
-0.06749071394003711,0.05138679509645311,0.09974873901110513,0.01830183317351592,-0.018138241692378418,-0.06749071394003711,0.05138679509645311,0.09969746926841794,0.01830183317351592,-0.018138241692378418,-0.06749071394003711,0.05138679509645311,0.09974873901110513,0.01830183317351592,-0.018138241692378418,-0.06749071394003711,0.05138679509645311,0.09974873901110513,0.021200006076809084,-0.018138241692378418,-0.03085706929454332,0.05138679509645311,0.09974873901110513,0.01824262566706349,-0.018138241692378418,0.018338535941717617,0.010893789603601505
-0.27848138906020714,-0.155969858490236,-0.24490704614422587,-0.219031136609775,-0.2768727081346988,-0.27848138906020714,-0.155969858490236,-0.24495658120434952,-0.219031136609775,-0.2768727081346988,-0.27848138906020714,-0.155969858490236,-0.24490704614422587,-0.219031136609775,-0.2768727081346988,-0.27848138906020714,-0.155969858490236,-0.24490704614422587,-0.08614974871081947,-0.2768727081346988,-0.17055362483708825,-0.155969858490236,-0.24490704614422587,-0.21907639691262284,-0.2768727081346988,-0.22542385341746438,0.010603731870960593
-0.47356305378113944,-0.2969358852992212,-0.2961632903986526,-0.35867182690761734,-0.36835809566402644,-0.47356305378113944,-0.2969358852992212,-0.29633397155591173,-0.35867182690761734,-0.36835809566402644,-0.47356305378113944,-0.2969358852992212,-0.2961632903986526,-0.35867182690761734,-0.36835809566402644,-0.47356305378113944,-0.2969358852992212,-0.2961632903986526,-0.1599589451378179,-0.36835809566402644,-0.29241514604948854,-0.2969358852992212,-0.2961632903986526,-0.35853177701407357,-0.36835809566402644,-0.34354522408062194,0.014141995734241155
-0.13445277819293405,-0.09542458631514979,-8.460344115720232e-05,-0.07692905569370398,-0.046121318988707014,-0.13445277819293405,-0.09542458631514979,-0.00012620671956298357,-0.07692905569370398,-0.046121318988707014,-0.13445277819293405,-0.09542458631514979,-8.460344115720232e-05,-0.07692905569370398,-0.046121318988707014,-0.13445277819293405,-0.09542458631514979,-8.460344115720232e-05,-0.04135626720070719,-0.046121318988707014,-0.10022164728122357,-0.09542458631514979,-8.460344115720232e-05,-0.07689917935820025,-0.046121318988707014,-0.06781078082785821,0.008677138276205911
-0.08787532418762034,-0.0475915128132327,0.05460832452094155,-0.0866262766266501,-0.013415786874742344,-0.08787532418762034,-0.0475915128132327,0.05467099108625537,-0.0866262766266501,-0.013415786874742344,-0.08787532418762034,-0.0475915128132327,0.05460832452094155,-0.0866262766266501,-0.013415786874742344,-0.08787532418762034,-0.0475915128132327,0.05460832452094155,-0.03951760468047014,-0.013415786874742344,-0.062365440804921166,-0.0475915128132327,0.05460832452094155,-0.08679640028535304,-0.013415786874742344,-0.033279671266841185,0.010064315334582753
-0.18777636534617476,-0.0677390159595513,-0.009756724665224521,-0.11382017889855087,-0.11380481156334361,-0.18777636534617476,-0.0677390159595513,-0.009701719059672237,-0.11382017889855087,-0.11380481156334361,-0.18777636534617476,-0.0677390159595513,-0.009756724665224521,-0.11382017889855087,-0.11380481156334361,-0.18777636534617476,-0.0677390159595513,-0.009756724665224521,-0.05078030713522136,-0.11380481156334361,-0.1215743841839258,-0.0677390159595513,-0.009756724665224521,-0.11396523162266936,-0.11380481156334361,-0.09341334705428853,0.01111313203489631
-0.1714175819730279,-0.03671769379316341,-0.03694826102688248,-0.09829035157656274,-0.14667395638521885,-0.1714175819730279,-0.03671769379316341,-0.03690964003316398,-0.09829035157656274,-0.14667395638521885,-0.1714175819730279,-0.03671769379316341,-0.03694826102688248,-0.09829035157656274,-0.14667395638521885,-0.1714175819730279,-0.03671769379316341,-0.03694826102688248,-0.03855887094523167,-0.14667395638521885,-0.10345553950639969,-0.03671769379316341,-0.03694826102688248,-0.09841048432692343,-0.14667395638521885,-0.09290508849731839,0.010651089598520102
0.0472804447321233,0.0884499359258851,0.07802243668464832,0.011076665135724431,-0.01364017408254526,0.0472804447321233,0.0884499359258851,0.07794867530944172,0.011076665135724431,-0.01364017408254526,0.0472804447321233,0.0884499359258851,0.07802243668464832,0.011076665135724431,-0.01364017408254526,0.0472804447321233,0.0884499359258851,0.07802243668464832,0.008825189894260607,-0.01364017408254526,0.015319436330047512,0.0884499359258851,0.07802243668464832,0.011150509788757923,-0.01364017408254526,0.04086936566453867,0.00769238805931548
0.09887105059966814,0.14768270450908164,0.12473100162363344,0.10653745113207741,0.07238334026062258,0.09887105059966814,0.14768270450908164,0.1245557221708077,0.10653745113207741,0.07238334026062258,0.09887105059966814,0.14768270450908164,0.12473100162363344,0.10653745113207741,0.07238334026062258,0.09887105059966814,0.14768270450908164,0.12473100162363344,0.05141421723917761,0.07238334026062258,0.059240910255691226,0.14768270450908164,0.12473100162363344,0.10678215805534678,0.07238334026062258,0.10625375175435935,0.005745169377405353
0.19527297664492577,0.1385236732173618,0.19903742386344092,0.14411169138747437,0.1525717621122049,0.19527297664492577,0.1385236732173618,0.19900017147322063,0.14411169138747437,0.1525717621122049,0.19527297664492577,0.1385236732173618,0.19903742386344092,0.14411169138747437,0.1525717621122049,0.19527297664492577,0.1385236732173618,0.19903742386344092,0.0705830634214593,0.1525717621122049,0.10682500227360613,0.1385236732173618,0.19903742386344092,0.14396529582718776,0.1525717621122049,0.15941709543356786,0.006445557167014733
0.02394029492387373,-0.06535507796553977,0.05474713790862896,-0.00715452265213141,-0.04078707702425802,0.02394029492387373,-0.06535507796553977,0.05467051121577176,-0.00715452265213141,-0.04078707702425802,0.02394029492387373,-0.06535507796553977,0.05474713790862896,-0.00715452265213141,-0.04078707702425802,0.02394029492387373,-0.06535507796553977,0.05474713790862896,-0.009899036163877134,-0.04078707702425802,-0.013668490532355096,-0.06535507796553977,0.05474713790862896,-0.0072131240158937624,-0.04078707702425802,-0.008541390042869067,0.008376826749370965
-0.0826578699243052,-0.1660260101618603,-0.01501624389408601,-0.07686909044720007,-0.12672484307377282,-0.0826578699243052,-0.1660260101618603,-0.014978737064586332,-0.07686909044720007,-0.12672484307377282,-0.0826578699243052,-0.1660260101618603,-0.01501624389408601,-0.07686909044720007,-0.12672484307377282,-0.0826578699243052,-0.1660260101618603,-0.01501624389408601,-0.04614089602653987,-0.12672484307377282,-0.08232342687194696,-0.1660260101618603,-0.01501624389408601,-0.07689580547000517,-0.12672484307377282,-0.09221587432905637,0.010116718400660273
-0.06963237675794966,-0.10747584950104008,-0.013109186169448417,-0.07020592551791113,-0.12351895269941848,-0.06963237675794966,-0.10747584950104008,-0.013056578421322037,-0.07020592551791113,-0.12351895269941848,-0.06963237675794966,-0.10747584950104008,-0.013109186169448417,-0.07020592551791113,-0.12351895269941848,-0.06963237675794966,-0.10747584950104008,-0.013109186169448417,-0.03646284721850341,-0.12351895269941848,-0.06896729490441154,-0.10747584950104008,-0.013109186169448417,-0.07020820458678126,-0.12351895269941848,-0.07541011857586546,0.007638685317565388
0.06564039777510447,0.015848780728799486,0.14495275023867438,0.043187239258867444,-0.002253229610712548,0.06564039777510447,0.015848780728799486,0.1449553720578863,0.043187239258867444,-0.002253229610712548,0.06564039777510447,0.015848780728799486,0.14495275023867438,0.043187239258867444,-0.002253229610712548,0.06564039777510447,0.015848780728799486,0.14495275023867438,0.010983384476511253,-0.002253229610712548,0.00196010218241103,0.015848780728799486,0.14495275023867438,0.043101419023050876,-0.002253229610712548,0.049636493726480484,0.010344548551101198
-0.08964439336412605,-0.1001657061812046,-0.0842674017226213,-0.07745491039576381,-0.07960838180612803,-0.08964439336412605,-0.1001657061812046,-0.08435750109144596,-0.07745491039576381,-0.07960838180612803,-0.08964439336412605,-0.1001657061812046,-0.0842674017226213,-0.07745491039576381,-0.07960838180612803,-0.08964439336412605,-0.1001657061812046,-0.0842674017226213,-0.04295845267325915,-0.07960838180612803,-0.08057403102318768,-0.1001657061812046,-0.0842674017226213,-0.07742939382638628,-0.07960838180612803,-0.08448806920340893,0.002284668096424096
-0.15957995765659846,-0.08149372405848228,-0.1260707784101727,-0.07089787322926952,-0.11703472769152828,-0.15957995765659846,-0.08149372405848228,-0.12618066189974345,-0.07089787322926952,-0.11703472769152828,-0.15957995765659846,-0.08149372405848228,-0.1260707784101727,-0.07089787322926952,-0.11703472769152828,-0.15957995765659846,-0.08149372405848228,-0.1260707784101727,-0.042465958201180064,-0.11703472769152828,-0.12124519876795008,-0.08149372405848228,-0.1260707784101727,-0.07057665423198906,-0.11703472769152828,-0.10833629183223234,0.00634850563020261
0.16158208488353423,0.13614747629143875,0.19878557331774727,0.2395923016579983,0.19120204483259998,0.16158208488353423,0.13614747629143875,0.19866569072673593,0.2395923016579983,0.19120204483259998,0.16158208488353423,0.13614747629143875,0.19878557331774727,0.2395923016579983,0.19120204483259998,0.16158208488353423,0.13614747629143875,0.19878557331774727,0.0873335289007789,0.19120204483259998,0.06223999654568423,0.13614747629143875,0.19878557331774727,0.23971277615450215,0.19120204483259998,0.1753978854290806,0.008726958707378375
0.17806000488298754,0.09383025623501927,0.1730415515242512,0.13875367201911298,0.08935730321782509,0.17806000488298754,0.09383025623501927,0.17290059090262308,0.13875367201911298,0.08935730321782509,0.17806000488298754,0.09383025623501927,0.1730415515242512,0.13875367201911298,0.08935730321782509,0.17806000488298754,0.09383025623501927,0.1730415515242512,0.06520422227205336,0.08935730321782509,0.09360991508012419,0.09383025623501927,0.1730415515242512,0.13882024834889087,0.08935730321782509,0.12828560062216826,0.007750646871266101
0.19308753129160872,0.180424489134334,0.21901062415701034,0.20191854168639561,0.1148137975156917,0.19308753129160872,0.180424489134334,0.2189925512511098,0.20191854168639561,0.1148137975156917,0.19308753129160872,0.180424489134334,0.21901062415701034,0.20191854168639561,0.1148137975156917,0.19308753129160872,0.180424489134334,0.21901062415701034,0.09257400044883456,0.1148137975156917,0.11862198125262206,0.180424489134334,0.21901062415701034,0.20198449608088603,0.1148137975156917,0.17450050836548975,0.008049750681601534
0.0006607835306742159,0.007276933128705188,0.09697734769466973,0.045783931995468215,-0.04523918957658817,0.0006607835306742159,0.007276933128705188,0.09687178269994977,0.045783931995468215,-0.04523918957658817,0.0006607835306742159,0.007276933128705188,0.09697734769466973,0.045783931995468215,-0.04523918957658817,0.0006607835306742159,0.007276933128705188,0.09697734769466973,0.02498596591345227,-0.04523918957658817,0.020982227692249143,0.007276933128705188,0.09697734769466973,0.045812586371486164,-0.04523918957658817,0.021069824053020124,0.009269919626316148
0.018742925376470827,-0.1083970086010292,0.05522906869298383,-0.01110316917860527,-0.05695698691224764,0.018742925376470827,-0.1083970086010292,0.05515024180153367,-0.01110316917860527,-0.05695698691224764,0.018742925376470827,-0.1083970086010292,0.05522906869298383,-0.01110316917860527,-0.05695698691224764,0.018742925376470827,-0.1083970086010292,0.05522906869298383,0.004709324218400575,-0.05695698691224764,0.028243362337429676,-0.1083970086010292,0.05522906869298383,-0.011040899382368845,-0.05695698691224764,-0.019485179193975452,0.011329850976877668
0.21372272264821987,0.12681369100524853,0.24649663174855754,0.24107074671279916,0.21384891073636758,0.21372272264821987,0.12681369100524853,0.24647252531115213,0.24107074671279916,0.21384891073636758,0.21372272264821987,0.12681369100524853,0.24649663174855754,0.24107074671279916,0.21384891073636758,0.21372272264821987,0.12681369100524853,0.24649663174855754,0.11121058845200574,0.21384891073636758,0.1479144294462993,0.12681369100524853,0.24649663174855754,0.24119324535887005,0.21384891073636758,0.2005677382000766,0.009335337838445234
0.22706603509481296,0.22802405720152583,0.32076410556827284,0.2583283459171777,0.22467661975795442,0.22706603509481296,0.22802405720152583,0.3206828905848057,0.2583283459171777,0.22467661975795442,0.22706603509481296,0.22802405720152583,0.32076410556827284,0.2583283459171777,0.22467661975795442,0.22706603509481296,0.22802405720152583,0.32076410556827284,0.12013910963140689,0.22467661975795442,0.1711419231716647,0.22802405720152583,0.32076410556827284,0.2583869987944943,0.22467661975795442,0.24400639629534598,0.009216543785535672
0.05778529873384959,0.058602756702426956,0.13984249462056073,0.0853947084937848,0.017476762157642968,0.05778529873384959,0.058602756702426956,0.13972338221945788,0.0853947084937848,0.017476762157642968,0.05778529873384959,0.058602756702426956,0.13984249462056073,0.0853947084937848,0.017476762157642968,0.05778529873384959,0.058602756702426956,0.13984249462056073,0.028152548702970792,0.017476762157642968,0.06134148434697475,0.058602756702426956,0.13984249462056073,0.08532378351635943,0.017476762157642968,0.06966536367940435,0.00805578333329243
-0.08392614329785378,-0.051783478366411104,-0.0416466715331278,-0.05708248536434358,-0.10349585995158397,-0.08392614329785378,-0.051783478366411104,-0.041623606443332475,-0.05708248536434358,-0.10349585995158397,-0.08392614329785378,-0.051783478366411104,-0.0416466715331278,-0.05708248536434358,-0.10349585995158397,-0.08392614329785378,-0.051783478366411104,-0.0416466715331278,-0.02390091781425322,-0.10349585995158397,-0.012020345393190706,-0.051783478366411104,-0.0416466715331278,-0.05724104204449799,-0.10349585995158397,-0.06338885274808828,0.005132572841153989
0.1421998942003749,0.14437566527389314,0.15988134925562905,0.11421430461537319,0.15707458584095674,0.1421998942003749,0.14437566527389314,0.15990882011082388,0.11421430461537319,0.15707458584095674,0.1421998942003749,0.14437566527389314,0.15988134925562905,0.11421430461537319,0.15707458584095674,0.1421998942003749,0.14437566527389314,0.15988134925562905,0.047912002641049084,0.15707458584095674,0.09468519324889174,0.14437566527389314,0.15988134925562905,0.11414920564785747,0.15707458584095674,0.1389949745957203,0.00507203190737883
0.24205678956605686,0.16408361156594323,0.20267572306738993,0.18050790616784734,0.14435112798573368,0.24205678956605686,0.16408361156594323,0.2027473510527508,0.18050790616784734,0.14435112798573368,0.24205678956605686,0.16408361156594323,0.20267572306738993,0.18050790616784734,0.14435112798573368,0.24205678956605686,0.16408361156594323,0.20267572306738993,0.08385544620361253,0.14435112798573368,0.14477942551217793,0.16408361156594323,0.20267572306738993,0.18033998623878583,0.14435112798573368,0.1789739870321217,0.00744808490389451
0.02043819083028951,-0.002055826367506048,0.08016455960245887,-0.0411269223087186,-0.0771639143772871,0.02043819083028951,-0.002055826367506048,0.08015221361068772,-0.0411269223087186,-0.0771639143772871,0.02043819083028951,-0.002055826367506048,0.08016455960245887,-0.0411269223087186,-0.0771639143772871,0.02043819083028951,-0.002055826367506048,0.08016455960245887,-0.010508691094406972,-0.0771639143772871,0.020046386288722767,-0.002055826367506048,0.08016455960245887,-0.04130121071072506,-0.0771639143772871,-0.0027471908329939833,0.01042901558055428
0.008205066998427447,-0.11920716371056878,-0.008980928232607353,-0.0971005546101681,-0.04719747893319568,0.008205066998427447,-0.11920716371056878,-0.00903930261238354,-0.0971005546101681,-0.04719747893319568,0.008205066998427447,-0.11920716371056878,-0.008980928232607353,-0.0971005546101681,-0.04719747893319568,0.008205066998427447,-0.11920716371056878,-0.008980928232607353,-0.028059782186227063,-0.04719747893319568,0.024605454151848515,-0.11920716371056878,-0.008980928232607353,-0.09730505649729906,-0.04719747893319568,-0.04944908036520428,0.00967786510374017
0.049249859751822896,0.04680732737599183,0.0953414627021103,-0.0016439762136189005,0.014605107019635456,0.049249859751822896,0.04680732737599183,0.09536935672846507,-0.0016439762136189005,0.014605107019635456,0.049249859751822896,0.04680732737599183,0.0953414627021103,-0.0016439762136189005,0.014605107019635456,0.049249859751822896,0.04680732737599183,0.0953414627021103,0.007682575580679307,0.014605107019635456,0.047732633092219624,0.04680732737599183,0.0953414627021103,-0.001751137853938149,0.014605107019635456,0.041181158428017534,0.006460539114357101
0.1430520448795412,0.08928103941911833,0.2210673090030177,0.11472569085751809,0.12263224693160925,0.1430520448795412,0.08928103941911833,0.22105650414719358,0.11472569085751809,0.12263224693160925,0.1430520448795412,0.08928103941911833,0.2210673090030177,0.11472569085751809,0.12263224693160925,0.1430520448795412,0.08928103941911833,0.2210673090030177,0.060462215639884916,0.12263224693160925,0.11954562982636545,0.08928103941911833,0.2210673090030177,0.11463441337597893,0.12263224693160925,0.135036787313834,0.009278088220363015
0.15969049972378122,0.13236713887941706,0.22619006056520358,0.103298143869046,0.13025791687037647,0.15969049972378122,0.13236713887941706,0.22611071835572708,0.103298143869046,0.13025791687037647,0.15969049972378122,0.13236713887941706,0.22619006056520358,0.103298143869046,0.13025791687037647,0.15969049972378122,0.13236713887941706,0.22619006056520358,0.0562813909482441,0.13025791687037647,0.13368775091166207,0.13236713887941706,0.22619006056520358,0.10320832421178205,0.13025791687037647,0.1474332054375784,0.008815084222990903
0.1540061275586469,0.10169957911567752,0.20576130402384668,0.09827929973767656,0.08315039395635318,0.1540061275586469,0.10169957911567752,0.20568511017234836,0.09827929973767656,0.08315039395635318,0.1540061275586469,0.10169957911567752,0.20576130402384668,0.09827929973767656,0.08315039395635318,0.1540061275586469,0.10169957911567752,0.20576130402384668,0.04760306455176128,0.08315039395635318,0.13009040288288606,0.10169957911567752,0.20576130402384668,0.09826953993842492,0.08315039395635318,0.12559222433794315,0.009306779323455952
0.08329350441151916,-0.006770176608057653,0.15098747581484528,0.06012768145029871,0.04272932852793868,0.08329350441151916,-0.006770176608057653,0.15099309652621973,0.06012768145029871,0.04272932852793868,0.08329350441151916,-0.006770176608057653,0.15098747581484528,0.06012768145029871,0.04272932852793868,0.08329350441151916,-0.006770176608057653,0.15098747581484528,0.027657874158834108,0.04272932852793868,0.08431730420585494,-0.006770176608057653,0.15098747581484528,0.060048584149817424,0.04272932852793868,0.0648127833558594,0.01025865206913014
0.13026641362403252,0.003302723596309498,0.13761687530278308,0.07955183606560112,0.03198656105519465,0.13026641362403252,0.003302723596309498,0.1375359485232868,0.07955183606560112,0.03198656105519465,0.13026641362403252,0.003302723596309498,0.13761687530278308,0.07955183606560112,0.03198656105519465,0.13026641362403252,0.003302723596309498,0.13761687530278308,0.04157706285993256,0.03198656105519465,0.11819053376743766,0.003302723596309498,0.13761687530278308,0.07939458142495717,0.03198656105519465,0.07453332854948802,0.01036440359889005
0.17398259845834993,0.08520781435584199,0.2135153815138957,0.10763094622272953,0.168526308038879,0.17398259845834993,0.08520781435584199,0.2135071871247918,0.10763094622272953,0.168526308038879,0.17398259845834993,0.08520781435584199,0.2135153815138957,0.10763094622272953,0.168526308038879,0.17398259845834993,0.08520781435584199,0.2135153815138957,0.05330188621489204,0.168526308038879,0.14608938407850902,0.08520781435584199,0.2135153815138957,0.10732327627127268,0.168526308038879,0.14647108416880963,0.009722147166509975
0.12768873835831268,0.014876469859532284,0.073912413458769,0.047446696052180465,0.05520936157981316,0.12768873835831268,0.014876469859532284,0.07390704105153201,0.047446696052180465,0.05520936157981316,0.12768873835831268,0.014876469859532284,0.073912413458769,0.047446696052180465,0.05520936157981316,0.12768873835831268,0.014876469859532284,0.073912413458769,0.02555461080245426,0.05520936157981316,0.09935779060979259,0.014876469859532284,0.073912413458769,0.0470295956007944,0.05520936157981316,0.061800915627446745,0.007112884271791775
-0.03739421180981323,-0.1600753953833174,-0.14302229064625396,-0.16983578784199002,-0.14662232397059896,-0.03739421180981323,-0.1600753953833174,-0.14298400774466047,-0.16983578784199002,-0.14662232397059896,-0.03739421180981323,-0.1600753953833174,-0.14302229064625396,-0.16983578784199002,-0.14662232397059896,-0.03739421180981323,-0.1600753953833174,-0.14302229064625396,-0.06329081216024711,-0.14662232397059896,0.016835030141994452,-0.1600753953833174,-0.14302229064625396,-0.17011178969507976,-0.14662232397059896,-0.12496854198311254,0.010583133622857446
0.06728489112540245,-0.02108429863029722,-0.002829159069700717,-0.030642784485653714,-0.0010020199108374639,0.06728489112540245,-0.02108429863029722,-0.0028294969583975154,-0.030642784485653714,-0.0010020199108374639,0.06728489112540245,-0.02108429863029722,-0.002829159069700717,-0.030642784485653714,-0.0010020199108374639,0.06728489112540245,-0.02108429863029722,-0.002829159069700717,-0.005385140499170536,-0.0010020199108374639,0.07097135450405515,-0.02108429863029722,-0.002829159069700717,-0.030855155503347394,-0.0010020199108374639,0.0034945817441324827,0.006668689074128845
0.18905426940223094,0.04022009013232755,0.1195832557566848,0.025797139528472946,0.0792165493868851,0.18905426940223094,0.04022009013232755,0.119579134315092,0.025797139528472946,0.0792165493868851,0.18905426940223094,0.04022009013232755,0.1195832557566848,0.025797139528472946,0.0792165493868851,0.18905426940223094,0.04022009013232755,0.1195832557566848,0.017813851161859445,0.0792165493868851,0.12419796839691465,0.04022009013232755,0.1195832557566848,0.025708755514029926,0.0792165493868851,0.08785697704820163,0.01104947746933836
0.12971818418660785,0.09046216266074283,0.11430492114751123,-0.009461450772458756,0.0552776303961766,0.12971818418660785,0.09046216266074283,0.11430825570075147,-0.009461450772458756,0.0552776303961766,0.12971818418660785,0.09046216266074283,0.11430492114751123,-0.009461450772458756,0.0552776303961766,0.12971818418660785,0.09046216266074283,0.11430492114751123,0.0034782951951911035,0.0552776303961766,0.08629091285511398,0.09046216266074283,0.11430492114751123,-0.009388921865061716,0.0552776303961766,0.07484382304758767,0.009332008276141016
0.08684303664534639,0.02108455220904498,0.049067002350856315,-0.07564940437900602,-0.05750189187431308,0.08684303664534639,0.02108455220904498,0.049030120739441845,-0.07564940437900602,-0.05750189187431308,0.08684303664534639,0.02108455220904498,0.049067002350856315,-0.07564940437900602,-0.05750189187431308,0.08684303664534639,0.02108455220904498,0.049067002350856315,-0.026618414675954674,-0.05750189187431308,0.053213682456707614,0.02108455220904498,0.049067002350856315,-0.07571559415141531,-0.05750189187431308,0.005380601555609266,0.011547495882252921
0.12675296619484394,0.057779349133180065,0.04944654030895445,0.03519939958763136,0.0628657267772681,0.12675296619484394,0.057779349133180065,0.04937014479361137,0.03519939958763136,0.0628657267772681,0.12675296619484394,0.057779349133180065,0.04944654030895445,0.03519939958763136,0.0628657267772681,0.12675296619484394,0.057779349133180065,0.04944654030895445,0.0161204632059736,0.0628657267772681,0.08033831198478696,0.057779349133180065,0.04944654030895445,0.035324715961352005,0.0628657267772681,0.0637910096110421,0.005933204358474756
0.05149569484141229,-0.044810522593896646,-0.019325087937061076,-0.10098647820221053,-0.027107937476003117,0.05149569484141229,-0.044810522593896646,-0.01930060119143294,-0.10098647820221053,-0.027107937476003117,0.05149569484141229,-0.044810522593896646,-0.019325087937061076,-0.10098647820221053,-0.027107937476003117,0.05149569484141229,-0.044810522593896646,-0.019325087937061076,-0.031175869579817748,-0.027107937476003117,0.032626712487519874,-0.044810522593896646,-0.019325087937061076,-0.1010245735717245,-0.027107937476003117,-0.026109745567767236,0.008942717653773575
0.34948619741116455,0.1539685683592106,0.1354359469060104,0.14080377483968026,0.23596774774421111,0.34948619741116455,0.1539685683592106,0.13548869172702424,0.14080377483968026,0.23596774774421111,0.34948619741116455,0.1539685683592106,0.1354359469060104,0.14080377483968026,0.23596774774421111,0.34948619741116455,0.1539685683592106,0.1354359469060104,0.07301932683463931,0.23596774774421111,0.19877041630836095,0.1539685683592106,0.1354359469060104,0.1407356109639821,0.23596774774421111,0.19439182112555423,0.015524040213410825
0.1943771953534271,0.09262572590995172,0.1367454290031774,0.08692795428897557,0.20302045832169036,0.1943771953534271,0.09262572590995172,0.1368399076914759,0.08692795428897557,0.20302045832169036,0.1943771953534271,0.09262572590995172,0.1367454290031774,0.08692795428897557,0.20302045832169036,0.1943771953534271,0.09262572590995172,0.1367454290031774,0.05580245589136112,0.20302045832169036,0.13608437199726492,0.09262572590995172,0.1367454290031774,0.08661255022725645,0.20302045832169036,0.1391537826903565,0.00971487163368897
0.12217617083393727,-0.0016724109854375174,0.0991021986952666,0.02401064844781795,0.06137676382979496,0.12217617083393727,-0.0016724109854375174,0.09917306737949304,0.02401064844781795,0.06137676382979496,0.12217617083393727,-0.0016724109854375174,0.0991021986952666,0.02401064844781795,0.06137676382979496,0.12217617083393727,-0.0016724109854375174,0.0991021986952666,0.008015583985254131,0.06137676382979496,0.06922851498221805,-0.0016724109854375174,0.0991021986952666,0.023859660340041812,0.06137676382979496,0.05823776057476254,0.00877431591573854
0.16246267277631296,0.053127731894245286,0.0979993723128331,0.021073721361788336,0.10433367042118816,0.16246267277631296,0.053127731894245286,0.09805599674178267,0.021073721361788336,0.10433367042118816,0.16246267277631296,0.053127731894245286,0.0979993723128331,0.021073721361788336,0.10433367042118816,0.16246267277631296,0.053127731894245286,0.0979993723128331,0.006071869810863854,0.10433367042118816,0.08582812405018082,0.053127731894245286,0.0979993723128331,0.020995053154553068,0.10433367042118816,0.08413309599105989,0.00914534819804716
-0.04688717012195651,-0.12043030082709841,-0.04461371519575733,-0.11308765855004739,-0.008779725211193388,-0.04688717012195651,-0.12043030082709841,-0.04451653444115818,-0.11308765855004739,-0.008779725211193388,-0.04688717012195651,-0.12043030082709841,-0.04461371519575733,-0.11308765855004739,-0.008779725211193388,-0.04688717012195651,-0.12043030082709841,-0.04461371519575733,-0.05433251796852988,-0.008779725211193388,-0.029721468233159496,-0.12043030082709841,-0.04461371519575733,-0.11302923186330778,-0.008779725211193388,-0.06371665598474446,0.008331749512643807
0.03752634057801768,-0.032297832624254307,0.03704270400168655,-0.0036885398212453697,0.08586336711894653,0.03752634057801768,-0.032297832624254307,0.037072324593489546,-0.0036885398212453697,0.08586336711894653,0.03752634057801768,-0.032297832624254307,0.03704270400168655,-0.0036885398212453697,0.08586336711894653,0.03752634057801768,-0.032297832624254307,0.03704270400168655,-0.00400375941650751,0.08586336711894653,0.024552264040933178,-0.032297832624254307,0.03704270400168655,-0.003471808719111045,0.08586336711894653,0.02436749007309385,0.007883926958439032
0.1729230529392316,0.060399175046728995,0.14484422653939266,0.04005247095069576,0.11099637416519934,0.1729230529392316,0.060399175046728995,0.14495418337987184,0.04005247095069576,0.11099637416519934,0.1729230529392316,0.060399175046728995,0.14484422653939266,0.04005247095069576,0.11099637416519934,0.1729230529392316,0.060399175046728995,0.14484422653939266,0.014062139953858977,0.11099637416519934,0.08578939208825735,0.060399175046728995,0.14484422653939266,0.04012237157426636,0.11099637416519934,0.10132529455289921,0.00974217696854617
0.2062792300643033,0.09905552450330463,0.201052167693508,0.05323992019703013,0.07801947968744193,0.2062792300643033,0.09905552450330463,0.20110686743862574,0.05323992019703013,0.07801947968744193,0.2062792300643033,0.09905552450330463,0.201052167693508,0.05323992019703013,0.07801947968744193,0.2062792300643033,0.09905552450330463,0.201052167693508,0.027763711608866933,0.07801947968744193,0.11218120409715966,0.09905552450330463,0.201052167693508,0.053321447326773165,0.07801947968744193,0.12275174412189979,0.012393165336145694
-0.001132818723993693,-0.12525134383580497,-0.08490623651494941,-0.13392179523561812,-0.11828349291163118,-0.001132818723993693,-0.12525134383580497,-0.08494281939122057,-0.13392179523561812,-0.11828349291163118,-0.001132818723993693,-0.12525134383580497,-0.08490623651494941,-0.13392179523561812,-0.11828349291163118,-0.001132818723993693,-0.12525134383580497,-0.08490623651494941,-0.06425721141530653,-0.11828349291163118,-0.009210362866656302,-0.12525134383580497,-0.08490623651494941,-0.13399509162944254,-0.11828349291163118,-0.09024005102809733,0.00935151874775938
-0.050947682211639145,-0.14551421519717334,-0.06285890740510146,-0.15036929780843356,-0.1810875150693098,-0.050947682211639145,-0.14551421519717334,-0.06264814507728977,-0.15036929780843356,-0.1810875150693098,-0.050947682211639145,-0.14551421519717334,-0.06285890740510146,-0.15036929780843356,-0.1810875150693098,-0.050947682211639145,-0.14551421519717334,-0.06285890740510146,-0.06416576016315118,-0.1810875150693098,-0.015183396239998719,-0.14551421519717334,-0.06285890740510146,-0.15049012504759204,-0.1810875150693098,-0.1132732131901084,0.010670239963476437
0.03172544969874744,-0.04736302447538845,-0.07681567663110214,-0.08604235342543813,0.014641733232139159,0.03172544969874744,-0.04736302447538845,-0.07680272152174156,-0.08604235342543813,0.014641733232139159,0.03172544969874744,-0.04736302447538845,-0.07681567663110214,-0.08604235342543813,0.014641733232139159,0.03172544969874744,-0.04736302447538845,-0.07681567663110214,-0.028002266451831327,0.014641733232139159,0.04231901931354246,-0.04736302447538845,-0.07681567663110214,-0.08614674474471343,0.014641733232139159,-0.030029085505068935,0.009238543663500708
0.21609095758589703,0.08666394302571996,0.07861889046934442,0.10625370494154256,0.13959990549528972,0.21609095758589703,0.08666394302571996,0.078652477424327,0.10625370494154256,0.13959990549528972,0.21609095758589703,0.08666394302571996,0.07861889046934442,0.10625370494154256,0.13959990549528972,0.21609095758589703,0.08666394302571996,0.07861889046934442,0.051094226931728284,0.13959990549528972,0.14282009489143926,0.08666394302571996,0.07861889046934442,0.10616483669617349,0.13959990549528972,0.12030605542377242,0.009526889085300904
-0.014069495769082462,-0.10553079426260346,-0.141972069348705,-0.10647433923976457,-0.040217403791548006,-0.014069495769082462,-0.10553079426260346,-0.14180618685590007,-0.10647433923976457,-0.040217403791548006,-0.014069495769082462,-0.10553079426260346,-0.141972069348705,-0.10647433923976457,-0.040217403791548006,-0.014069495769082462,-0.10553079426260346,-0.141972069348705,-0.03211373207960215,-0.040217403791548006,0.012532286520783963,-0.10553079426260346,-0.141972069348705,-0.1065912841552679,-0.040217403791548006,-0.07761236740124747,0.009708396775156709
-0.009016803918075836,-0.15967195174005364,-0.19911657500536148,-0.07042214832207097,-0.053312254206891264,-0.009016803918075836,-0.15967195174005364,-0.19905449882790444,-0.07042214832207097,-0.053312254206891264,-0.009016803918075836,-0.15967195174005364,-0.19911657500536148,-0.07042214832207097,-0.053312254206891264,-0.009016803918075836,-0.15967195174005364,-0.19911657500536148,-0.0298914885206881,-0.053312254206891264,-0.0031224752627958996,-0.15967195174005364,-0.19911657500536148,-0.07048179705893019,-0.053312254206891264,-0.09645085000260019,0.014055045593328944
-0.20900586548358818,-0.3415130587757368,-0.3545146749443765,-0.29369615436916235,-0.2903506340701458,-0.20900586548358818,-0.3415130587757368,-0.3543531815067932,-0.29369615436916235,-0.2903506340701458,-0.20900586548358818,-0.3415130587757368,-0.3545146749443765,-0.29369615436916235,-0.2903506340701458,-0.20900586548358818,-0.3415130587757368,-0.3545146749443765,-0.12074282376296773,-0.2903506340701458,-0.128362555459705,-0.3415130587757368,-0.3545146749443765,-0.2937787129835321,-0.2903506340701458,-0.2876690545104703,0.013300825949308849
-0.09580926432091552,-0.13519260984293835,-0.2533889516758064,-0.1694313016400811,-0.16259812371538307,-0.09580926432091552,-0.13519260984293835,-0.2532549669664444,-0.1694313016400811,-0.16259812371538307,-0.09580926432091552,-0.13519260984293835,-0.2533889516758064,-0.1694313016400811,-0.16259812371538307,-0.09580926432091552,-0.13519260984293835,-0.2533889516758064,-0.08392496997441877,-0.16259812371538307,-0.07341581291337847,-0.13519260984293835,-0.2533889516758064,-0.16934534416104968,-0.16259812371538307,-0.1589592612285612,0.010868896874540162
-0.13389274905464396,-0.054476181870808715,-0.1782512254056339,-0.16503823698298614,-0.176742277440931,-0.13389274905464396,-0.054476181870808715,-0.1781116276842501,-0.16503823698298614,-0.176742277440931,-0.13389274905464396,-0.054476181870808715,-0.1782512254056339,-0.16503823698298614,-0.176742277440931,-0.13389274905464396,-0.054476181870808715,-0.1782512254056339,-0.06413594047546743,-0.176742277440931,-0.07995713068915286,-0.054476181870808715,-0.1782512254056339,-0.1654141658645499,-0.176742277440931,-0.13549607080248757,0.009778775626007881
-0.3225846419488903,-0.34986543929374553,-0.40788958444646045,-0.4816444750245258,-0.4075510470796116,-0.3225846419488903,-0.34986543929374553,-0.40764580441543874,-0.4816444750245258,-0.4075510470796116,-0.3225846419488903,-0.34986543929374553,-0.40788958444646045,-0.4816444750245258,-0.4075510470796116,-0.3225846419488903,-0.34986543929374553,-0.40788958444646045,-0.18537844568809525,-0.4075510470796116,-0.18383753472184275,-0.34986543929374553,-0.40788958444646045,-0.4819142848482215,-0.4075510470796116,-0.3765075532878145,0.014823635556171675
-0.27638542973033886,-0.32550713127018466,-0.3799805718409145,-0.36628593604182696,-0.25724763577541326,-0.27638542973033886,-0.32550713127018466,-0.3798577699321755,-0.36628593604182696,-0.25724763577541326,-0.27638542973033886,-0.32550713127018466,-0.3799805718409145,-0.36628593604182696,-0.25724763577541326,-0.27638542973033886,-0.32550713127018466,-0.3799805718409145,-0.13168017679497418,-0.25724763577541326,-0.13192044119990376,-0.32550713127018466,-0.3799805718409145,-0.36634502047814327,-0.25724763577541326,-0.3059159623217473,0.013580403754801055
-0.15133992502622165,-0.20062059598869303,-0.24086866620167058,-0.24787023006376474,-0.24657917528220805,-0.15133992502622165,-0.20062059598869303,-0.24092007089443157,-0.24787023006376474,-0.24657917528220805,-0.15133992502622165,-0.20062059598869303,-0.24086866620167058,-0.24787023006376474,-0.24657917528220805,-0.15133992502622165,-0.20062059598869303,-0.24086866620167058,-0.0978550292199195,-0.24657917528220805,-0.0964146350504129,-0.20062059598869303,-0.24086866620167058,-0.2478312603316425,-0.24657917528220805,-0.20925859627815094,0.009352882554291298
0.0885088541407532,0.0319085436467744,0.07628610187752968,-0.031100440094706375,-0.0701974340064577,0.0885088541407532,0.0319085436467744,0.07631882805481079,-0.031100440094706375,-0.0701974340064577,0.0885088541407532,0.0319085436467744,0.07628610187752968,-0.031100440094706375,-0.0701974340064577,0.0885088541407532,0.0319085436467744,0.07628610187752968,0.0009680241146943295,-0.0701974340064577,0.06447346419891582,0.0319085436467744,0.07628610187752968,-0.031046329150122922,-0.0701974340064577,0.019405921568355754,0.011686671629078094
-0.12246470320907943,-0.1725196001250957,-0.14342155835097317,-0.19378320358611403,-0.20695130928453986,-0.12246470320907943,-0.1725196001250957,-0.14329866280373024,-0.19378320358611403,-0.20695130928453986,-0.12246470320907943,-0.1725196001250957,-0.14342155835097317,-0.19378320358611403,-0.20695130928453986,-0.12246470320907943,-0.1725196001250957,-0.14342155835097317,-0.06909042776731321,-0.20695130928453986,-0.0565505278693349,-0.1725196001250957,-0.14342155835097317,-0.19377999625721087,-0.20695130928453986,-0.16019875274977274,0.008071802341013368
-0.2694895104067667,-0.2954903219706004,-0.34366307933195567,-0.331938995622525,-0.29686903291775696,-0.2694895104067667,-0.2954903219706004,-0.3435439940024748,-0.331938995622525,-0.29686903291775696,-0.2694895104067667,-0.2954903219706004,-0.34366307933195567,-0.331938995622525,-0.29686903291775696,-0.2694895104067667,-0.2954903219706004,-0.34366307933195567,-0.13144674384389643,-0.29686903291775696,-0.1352969472653432,-0.2954903219706004,-0.34366307933195567,-0.3317703225667065,-0.29686903291775696,-0.2940912851177068,0.010534216974851055
-0.33927054381160365,-0.3005859323725644,-0.45118849158834734,-0.4279659554929006,-0.3622266419062005,-0.33927054381160365,-0.3005859323725644,-0.45106414405938716,-0.4279659554929006,-0.3622266419062005,-0.33927054381160365,-0.3005859323725644,-0.45118849158834734,-0.4279659554929006,-0.3622266419062005,-0.33927054381160365,-0.3005859323725644,-0.45118849158834734,-0.1580932447930183,-0.3622266419062005,-0.17110068564099082,-0.3005859323725644,-0.45118849158834734,-0.42800126482723294,-0.3622266419062005,-0.3587222487517184,0.01548391664156682
-0.4217452240537484,-0.33292837142327314,-0.4539761735893863,-0.4464850314948504,-0.5078514189632559,-0.4217452240537484,-0.33292837142327314,-0.45389075675566865,-0.4464850314948504,-0.5078514189632559,-0.4217452240537484,-0.33292837142327314,-0.4539761735893863,-0.4464850314948504,-0.5078514189632559,-0.4217452240537484,-0.33292837142327314,-0.4539761735893863,-0.1834522458292086,-0.5078514189632559,-0.23158465622904645,-0.33292837142327314,-0.4539761735893863,-0.4464350534953642,-0.5078514189632559,-0.41446409397196093,0.016444180537564728
-0.2877520423994246,-0.2701458054133612,-0.41130975812047094,-0.42642962887722535,-0.43469063484799253,-0.2877520423994246,-0.2701458054133612,-0.4111394052880576,-0.42642962887722535,-0.43469063484799253,-0.2877520423994246,-0.2701458054133612,-0.41130975812047094,-0.42642962887722535,-0.43469063484799253,-0.2877520423994246,-0.2701458054133612,-0.41130975812047094,-0.16742470761895242,-0.43469063484799253,-0.16360265831253604,-0.2701458054133612,-0.41130975812047094,-0.42637724994085624,-0.43469063484799253,-0.35073049244713717,0.017251135988430102
-0.13575521171935354,-0.06309779643694831,-0.2506841825867861,-0.2163950375045328,-0.18688759250392065,-0.13575521171935354,-0.06309779643694831,-0.2505412305199445,-0.2163950375045328,-0.18688759250392065,-0.13575521171935354,-0.06309779643694831,-0.2506841825867861,-0.2163950375045328,-0.18688759250392065,-0.13575521171935354,-0.06309779643694831,-0.2506841825867861,-0.06906090475416923,-0.18688759250392065,-0.07392184154099474,-0.06309779643694831,-0.2506841825867861,-0.21635201227958845,-0.18688759250392065,-0.16218982494148798,0.013716052970285478
-0.14229176810125235,-0.04828495600891463,-0.14448312461013688,-0.15431523111084938,-0.15363592174674867,-0.14229176810125235,-0.04828495600891463,-0.14449702255716748,-0.15431523111084938,-0.15363592174674867,-0.14229176810125235,-0.04828495600891463,-0.14448312461013688,-0.15431523111084938,-0.15363592174674867,-0.14229176810125235,-0.04828495600891463,-0.14448312461013688,-0.03953248990203431,-0.15363592174674867,-0.07584496526740393,-0.04828495600891463,-0.14448312461013688,-0.15420443853916635,-0.15363592174674867,-0.12134914276888774,0.008721267965492921
-0.37244034208584403,-0.2687272782071188,-0.36656406805444885,-0.40936580588505933,-0.3625349889477492,-0.37244034208584403,-0.2687272782071188,-0.3664814049159617,-0.40936580588505933,-0.3625349889477492,-0.37244034208584403,-0.2687272782071188,-0.36656406805444885,-0.40936580588505933,-0.3625349889477492,-0.37244034208584403,-0.2687272782071188,-0.36656406805444885,-0.13324612458327106,-0.3625349889477492,-0.17620096153318807,-0.2687272782071188,-0.36656406805444885,-0.4094363842347753,-0.3625349889477492,-0.33703165077031544,0.013827774109329767
-0.3991130129173196,-0.29849062885744343,-0.3605752605595251,-0.4647035903936218,-0.33040317792361756,-0.3991130129173196,-0.29849062885744343,-0.3605914018644671,-0.4647035903936218,-0.33040317792361756,-0.3991130129173196,-0.29849062885744343,-0.3605752605595251,-0.4647035903936218,-0.33040317792361756,-0.3991130129173196,-0.29849062885744343,-0.3605752605595251,-0.18425332210697712,-0.33040317792361756,-0.21821450627237976,-0.29849062885744343,-0.3605752605595251,-0.4645517366176346,-0.33040317792361756,-0.35219775463420033,0.013739644716422509
-0.20646146907744026,-0.06918822794935266,-0.2383877577755334,-0.27296504647855185,-0.18736413329315368,-0.20646146907744026,-0.06918822794935266,-0.23848716883276874,-0.27296504647855185,-0.18736413329315368,-0.20646146907744026,-0.06918822794935266,-0.2383877577755334,-0.27296504647855185,-0.18736413329315368,-0.20646146907744026,-0.06918822794935266,-0.2383877577755334,-0.08941471495472987,-0.18736413329315368,-0.09652475639581916,-0.06918822794935266,-0.2383877577755334,-0.27283513507564355,-0.18736413329315368,-0.18313262513276174,0.014196415707700319
-0.2864426641729523,-0.1236086828602505,-0.28719160325938714,-0.34461077897083287,-0.32846236825699476,-0.2864426641729523,-0.1236086828602505,-0.28716330626326053,-0.34461077897083287,-0.32846236825699476,-0.2864426641729523,-0.1236086828602505,-0.28719160325938714,-0.34461077897083287,-0.32846236825699476,-0.2864426641729523,-0.1236086828602505,-0.28719160325938714,-0.12267854914654482,-0.32846236825699476,-0.16366640316051514,-0.1236086828602505,-0.28719160325938714,-0.3447488604622467,-0.32846236825699476,-0.26027927125042594,0.016628769631278295
-0.5860722818466273,-0.4109150019904861,-0.5833001263430843,-0.6515929780787468,-0.6584653403786356,-0.5860722818466273,-0.4109150019904861,-0.583325384086205,-0.6515929780787468,-0.6584653403786356,-0.5860722818466273,-0.4109150019904861,-0.5833001263430843,-0.6515929780787468,-0.6584653403786356,-0.5860722818466273,-0.4109150019904861,-0.5833001263430843,-0.2670393827829198,-0.6584653403786356,-0.36196773961387085,-0.4109150019904861,-0.5833001263430843,-0.6517335353921249,-0.6584653403786356,-0.5537294528286326,0.022280936308751397
-0.49495032312717224,-0.3500003235896681,-0.5502696253420059,-0.5228120536314786,-0.4533631732283837,-0.49495032312717224,-0.3500003235896681,-0.550273360497349,-0.5228120536314786,-0.4533631732283837,-0.49495032312717224,-0.3500003235896681,-0.5502696253420059,-0.5228120536314786,-0.4533631732283837,-0.49495032312717224,-0.3500003235896681,-0.5502696253420059,-0.1852827769538387,-0.4533631732283837,-0.28955000187928054,-0.3500003235896681,-0.5502696253420059,-0.5228588918522903,-0.4533631732283837,-0.4525639388017668,0.018616674257761284
-0.5695401144343394,-0.432549972590836,-0.5510334426351015,-0.6461588397807088,-0.638849862115476,-0.5695401144343394,-0.432549972590836,-0.5510945298946642,-0.6461588397807088,-0.638849862115476,-0.5695401144343394,-0.432549972590836,-0.5510334426351015,-0.6461588397807088,-0.638849862115476,-0.5695401144343394,-0.432549972590836,-0.5510334426351015,-0.24571960544283244,-0.638849862115476,-0.3246195325000208,-0.432549972590836,-0.5510334426351015,-0.645652612513867,-0.638849862115476,-0.5417942480601136,0.021070041188129073
-0.5932108795725991,-0.4217828111436246,-0.677057459714371,-0.7103326595180626,-0.6025532223923256,-0.5932108795725991,-0.4217828111436246,-0.6771348949260402,-0.7103326595180626,-0.6025532223923256,-0.5932108795725991,-0.4217828111436246,-0.677057459714371,-0.7103326595180626,-0.6025532223923256,-0.5932108795725991,-0.4217828111436246,-0.677057459714371,-0.2358878333761981,-0.6025532223923256,-0.2878805570524568,-0.4217828111436246,-0.677057459714371,-0.7098423393203744,-0.6025532223923256,-0.5697798851222755,0.02614971850173267
-0.22189158707148296,0.025407426579909635,-0.15670371814442605,-0.20271047786338883,-0.17088803811588602,-0.22189158707148296,0.025407426579909635,-0.15675206241958034,-0.20271047786338883,-0.17088803811588602,-0.22189158707148296,0.025407426579909635,-0.15670371814442605,-0.20271047786338883,-0.17088803811588602,-0.22189158707148296,0.025407426579909635,-0.15670371814442605,-0.0069140258062783825,-0.17088803811588602,-0.06614058914325313,0.025407426579909635,-0.15670371814442605,-0.2025086818127263,-0.17088803811588602,-0.13128924285262092,0.017835373628742237
-0.3243164307588932,-0.022557313024789992,-0.22299520097096667,-0.34931013215061163,-0.3768836621240001,-0.3243164307588932,-0.022557313024789992,-0.22317397290322857,-0.34931013215061163,-0.3768836621240001,-0.3243164307588932,-0.022557313024789992,-0.22299520097096667,-0.34931013215061163,-0.3768836621240001,-0.3243164307588932,-0.022557313024789992,-0.22299520097096667,-0.08755181087262148,-0.3768836621240001,-0.15686172390421455,-0.022557313024789992,-0.22299520097096667,-0.3489743303294915,-0.3768836621240001,-0.24203774548499132,0.025950818516984782
-0.13830414681048467,0.011478144905469764,-0.23909130473818563,-0.29986347014672504,-0.3015496801645647,-0.13830414681048467,0.011478144905469764,-0.23914492138054683,-0.29986347014672504,-0.3015496801645647,-0.13830414681048467,0.011478144905469764,-0.23909130473818563,-0.29986347014672504,-0.3015496801645647,-0.13830414681048467,0.011478144905469764,-0.23909130473818563,-0.06398759141678347,-0.3015496801645647,-0.06651954414074406,0.011478144905469764,-0.23909130473818563,-0.29921236550470803,-0.3015496801645647,-0.18113577261492453,0.023704210501053258
-0.04423707717762219,0.1325592315024361,-0.1484309192272967,-0.16643397793884518,-0.19570330267281133,-0.04423707717762219,0.1325592315024361,-0.1483380437784188,-0.16643397793884518,-0.19570330267281133,-0.04423707717762219,0.1325592315024361,-0.1484309192272967,-0.16643397793884518,-0.19570330267281133,-0.04423707717762219,0.1325592315024361,-0.1484309192272967,-0.014972264357356994,-0.19570330267281133,-0.01693747014828568,0.1325592315024361,-0.1484309192272967,-0.1655537465383058,-0.19570330267281133,-0.07725983200441819,0.023504838147171983
0.10535124191432574,0.2677924075173694,0.11567922842489889,0.03774887188292411,0.039698080931763705,0.10535124191432574,0.2677924075173694,0.11567836476742165,0.03774887188292411,0.039698080931763705,0.10535124191432574,0.2677924075173694,0.11567922842489889,0.03774887188292411,0.039698080931763705,0.10535124191432574,0.2677924075173694,0.11567922842489889,0.08784746392888144,0.039698080931763705,0.11196957740461275,0.2677924075173694,0.11567922842489889,0.038643545188009346,0.039698080931763705,0.11555839562161045,0.01616864776600318
0.13656903645256582,0.18241899669910175,0.16894649275454138,0.030076127739157587,0.07552931070953559,0.13656903645256582,0.18241899669910175,0.1689977560680425,0.030076127739157587,0.07552931070953559,0.13656903645256582,0.18241899669910175,0.16894649275454138,0.030076127739157587,0.07552931070953559,0.13656903645256582,0.18241899669910175,0.16894649275454138,0.08719335618454868,0.07552931070953559,0.1338761080773569,0.18241899669910175,0.16894649275454138,0.030810956384119955,0.07552931070953559,0.12091640855212622,0.01080685227124436
0.3969136547422926,0.39295480234710023,0.42552950403698764,0.36129393567922313,0.24828632832123274,0.3969136547422926,0.39295480234710023,0.42557684628866743,0.36129393567922313,0.24828632832123274,0.3969136547422926,0.39295480234710023,0.42552950403698764,0.36129393567922313,0.24828632832123274,0.3969136547422926,0.39295480234710023,0.42552950403698764,0.19764629383472263,0.24828632832123274,0.25279397717882623,0.39295480234710023,0.42552950403698764,0.3618731709479777,0.24828632832123274,0.352710015349866,0.014212067845453659
0.3237858802772626,0.2966861870753613,0.34171118577188153,0.26782539887406914,0.1603905940864431,0.3237858802772626,0.2966861870753613,0.3417219151501874,0.26782539887406914,0.1603905940864431,0.3237858802772626,0.2966861870753613,0.34171118577188153,0.26782539887406914,0.1603905940864431,0.3237858802772626,0.2966861870753613,0.34171118577188153,0.15743564441884414,0.1603905940864431,0.22902537863496628,0.2966861870753613,0.34171118577188153,0.2681405470766157,0.1603905940864431,0.26988687407633677,0.01331768885640777
0.46488652733844316,0.5124200504450835,0.542363705526468,0.4028286252342496,0.3122320507762258,0.46488652733844316,0.5124200504450835,0.5422530516190756,0.4028286252342496,0.3122320507762258,0.46488652733844316,0.5124200504450835,0.542363705526468,0.4028286252342496,0.3122320507762258,0.46488652733844316,0.5124200504450835,0.542363705526468,0.23110050549649883,0.3122320507762258,0.30545393343888994,0.5124200504450835,0.542363705526468,0.4030462167973385,0.3122320507762258,0.4337040408248297,0.018767988287413676
0.6147308962727175,0.6109975579358308,0.613567167002839,0.5823647313443395,0.4628492924398952,0.6147308962727175,0.6109975579358308,0.6135486342389129,0.5823647313443395,0.4628492924398952,0.6147308962727175,0.6109975579358308,0.613567167002839,0.5823647313443395,0.4628492924398952,0.6147308962727175,0.6109975579358308,0.613567167002839,0.3150409691144776,0.4628492924398952,0.3957340953922551,0.6109975579358308,0.613567167002839,0.5824562825755788,0.4628492924398952,0.5574520272134039,0.01642478889224183
0.5925902860482101,0.5435560065598363,0.5199503738607976,0.5250538530204273,0.45443356339043733,0.5925902860482101,0.5435560065598363,0.5200875613466667,0.5250538530204273,0.45443356339043733,0.5925902860482101,0.5435560065598363,0.5199503738607976,0.5250538530204273,0.45443356339043733,0.5925902860482101,0.5435560065598363,0.5199503738607976,0.3052645277376147,0.45443356339043733,0.4176534674537366,0.5435560065598363,0.5199503738607976,0.5251604412919512,0.45443356339043733,0.511337521851146,0.012413395886408352
0.4984013912450844,0.5296916372574988,0.5042163595908106,0.49374827535025473,0.4171904584801406,0.4984013912450844,0.5296916372574988,0.5042473984310749,0.49374827535025473,0.4171904584801406,0.4984013912450844,0.5296916372574988,0.5042163595908106,0.49374827535025473,0.4171904584801406,0.4984013912450844,0.5296916372574988,0.5042163595908106,0.28246179121364007,0.4171904584801406,0.3486875944544127,0.5296916372574988,0.5042163595908106,0.49413122844091517,0.4171904584801406,0.47422617282490337,0.011932966465308325
0.6033947620550093,0.6840295653783095,0.6013365510274322,0.6905438472239824,0.5687242863338531,0.6033947620550093,0.6840295653783095,0.6012878903922048,0.6905438472239824,0.5687242863338531,0.6033947620550093,0.6840295653783095,0.6013365510274322,0.6905438472239824,0.5687242863338531,0.6033947620550093,0.6840295653783095,0.6013365510274322,0.3541432714718812,0.5687242863338531,0.40759001617819435,0.6840295653783095,0.6013365510274322,0.690856182003111,0.5687242863338531,0.6083281365043167,0.01611655572114998
0.5149309289285834,0.636558945187743,0.5178568239241157,0.5752740581161913,0.4587595393255266,0.5149309289285834,0.636558945187743,0.5179644331675488,0.5752740581161913,0.4587595393255266,0.5149309289285834,0.636558945187743,0.5178568239241157,0.5752740581161913,0.4587595393255266,0.5149309289285834,0.636558945187743,0.5178568239241157,0.33106035207734297,0.4587595393255266,0.39785289585502964,0.636558945187743,0.5178568239241157,0.5753505035419685,0.4587595393255266,0.5262317517187043,0.015124294619178259
0.15670563662140982,0.16853707523352862,0.13208378981697905,0.26063140764987414,0.09539526768515921,0.15670563662140982,0.16853707523352862,0.1321627022571526,0.26063140764987414,0.09539526768515921,0.15670563662140982,0.16853707523352862,0.13208378981697905,0.26063140764987414,0.09539526768515921,0.15670563662140982,0.16853707523352862,0.13208378981697905,0.18968816776878766,0.09539526768515921,0.19993629541580116,0.16853707523352862,0.13208378981697905,0.26047209164973256,0.09539526768515921,0.16155891601552366,0.010232607940424729
1.128941375798243,1.1217081621180067,1.1382655391655865,1.1949043092357343,1.0868996059548695,1.128941375798243,1.1217081621180067,1.1382090986010969,1.1949043092357343,1.0868996059548695,1.128941375798243,1.1217081621180067,1.1382655391655865,1.1949043092357343,1.0868996059548695,1.128941375798243,1.1217081621180067,1.1382655391655865,0.5985137314334796,1.0868996059548695,0.7504930485314865,1.1217081621180067,1.1382655391655865,1.1947190784069024,1.0868996059548695,1.0951405753959949,0.02550798069019975
0.8023645496826253,0.705888086901635,0.7271373499240054,0.8954601299510203,0.7748422959187539,0.8023645496826253,0.705888086901635,0.7271075593603717,0.8954601299510203,0.7748422959187539,0.8023645496826253,0.705888086901635,0.7271373499240054,0.8954601299510203,0.7748422959187539,0.8023645496826253,0.705888086901635,0.7271373499240054,0.49403188782134805,0.7748422959187539,0.6031776920087287,0.705888086901635,0.7271373499240054,0.8952810590286338,0.7748422959187539,0.7571055240240243,0.017400037179368753
0.85625791173107,0.9728960693789773,0.9334202867559792,1.1038674695747908,0.9815846210274662,0.85625791173107,0.9728960693789773,0.9332010149346875,1.1038674695747908,0.9815846210274662,0.85625791173107,0.9728960693789773,0.9334202867559792,1.1038674695747908,0.9815846210274662,0.85625791173107,0.9728960693789773,0.9334202867559792,0.5821147583706409,0.9815846210274662,0.6276928671514379,0.9728960693789773,0.9334202867559792,1.103369464524497,0.9815846210274662,0.9395638703874419,0.02402522928406323
0.6516683249454733,0.633718693234414,0.6919154380599022,0.7590485809359471,0.7029000776390876,0.6516683249454733,0.633718693234414,0.6917723399183302,0.7590485809359471,0.7029000776390876,0.6516683249454733,0.633718693234414,0.6919154380599022,0.7590485809359471,0.7029000776390876,0.6516683249454733,0.633718693234414,0.6919154380599022,0.41855790426321327,0.7029000776390876,0.47673319667029834,0.633718693234414,0.6919154380599022,0.7591077671161678,0.7029000776390876,0.6672298342865947,0.015081603983299219
0.715180801885495,0.7116391016674545,0.7977055637720021,0.8489144246898949,0.865774409149795,0.715180801885495,0.7116391016674545,0.7974946125858982,0.8489144246898949,0.865774409149795,0.715180801885495,0.7116391016674545,0.7977055637720021,0.8489144246898949,0.865774409149795,0.715180801885495,0.7116391016674545,0.7977055637720021,0.4657374168196097,0.865774409149795,0.5313300758012752,0.7116391016674545,0.7977055637720021,0.8488813436759298,0.865774409149795,0.7651519895867451,0.019713204554872934
0.7793783396647174,0.8976542786513121,0.8716580486518516,0.9202065232895219,0.8177389047896142,0.7793783396647174,0.8976542786513121,0.8714841466188994,0.9202065232895219,0.8177389047896142,0.7793783396647174,0.8976542786513121,0.8716580486518516,0.9202065232895219,0.8177389047896142,0.7793783396647174,0.8976542786513121,0.8716580486518516,0.4772335229516473,0.8177389047896142,0.5431897355800918,0.8976542786513121,0.8716580486518516,0.920277194924109,0.8177389047896142,0.830156625616569,0.02082214871496966
0.2853500349147124,0.3479640955029243,0.39134404869545647,0.4144606085073515,0.3385915110030361,0.2853500349147124,0.3479640955029243,0.39124554433517,0.4144606085073515,0.3385915110030361,0.2853500349147124,0.3479640955029243,0.39134404869545647,0.4144606085073515,0.3385915110030361,0.2853500349147124,0.3479640955029243,0.39134404869545647,0.2653340040370216,0.3385915110030361,0.2688932239600309,0.3479640955029243,0.39134404869545647,0.41455945951812556,0.3385915110030361,0.3489187369737152,0.00930502979540649
0.6013614235924845,0.6980385597997929,0.7399766116453617,0.7383079335333322,0.6586806384699493,0.6013614235924845,0.6980385597997929,0.7397932464945258,0.7383079335333322,0.6586806384699493,0.6013614235924845,0.6980385597997929,0.7399766116453617,0.7383079335333322,0.6586806384699493,0.6013614235924845,0.6980385597997929,0.7399766116453617,0.417909638451444,0.6586806384699493,0.48338003982021593,0.6980385597997929,0.7399766116453617,0.7381001910252566,0.6586806384699493,0.6697222019476615,0.01592698003890933
0.9912519744841529,1.0031576789245353,1.0422677021771862,1.019791659035618,1.1228541091886082,0.9912519744841529,1.0031576789245353,1.0421171768852828,1.019791659035618,1.1228541091886082,0.9912519744841529,1.0031576789245353,1.0422677021771862,1.019791659035618,1.1228541091886082,0.9912519744841529,1.0031576789245353,1.0422677021771862,0.5465995408730747,1.1228541091886082,0.699315533525148,1.0031576789245353,1.0422677021771862,1.019486910726594,1.1228541091886082,1.0052412714531211,0.024229446132591037
0.7612679448278267,0.7764023097397283,0.7423615041701546,0.7373953081300276,0.8109159353190293,0.7612679448278267,0.7764023097397283,0.7421769037673739,0.7373953081300276,0.8109159353190293,0.7612679448278267,0.7764023097397283,0.7423615041701546,0.7373953081300276,0.8109159353190293,0.7612679448278267,0.7764023097397283,0.7423615041701546,0.421875487859969,0.8109159353190293,0.5484179743018076,0.7764023097397283,0.7423615041701546,0.7372878616021479,0.8109159353190293,0.7445221269282838,0.016221101345486887
0.4073624447328408,0.4330567986561439,0.35965083032381884,0.2865814461432183,0.39770481116501205,0.4073624447328408,0.4330567986561439,0.3595262660150424,0.2865814461432183,0.39770481116501205,0.4073624447328408,0.4330567986561439,0.35965083032381884,0.2865814461432183,0.39770481116501205,0.4073624447328408,0.4330567986561439,0.35965083032381884,0.22682693220149452,0.39770481116501205,0.3566857366734287,0.4330567986561439,0.35965083032381884,0.28627749829641946,0.39770481116501205,0.3724368768379383,0.01097222170618589
0.2759560626913493,0.28104528883274416,0.21961701113092277,0.19106168939676002,0.347517401937806,0.2759560626913493,0.28104528883274416,0.2195063670681835,0.19106168939676002,0.347517401937806,0.2759560626913493,0.28104528883274416,0.21961701113092277,0.19106168939676002,0.347517401937806,0.2759560626913493,0.28104528883274416,0.21961701113092277,0.15989779546410715,0.347517401937806,0.267376068889359,0.28104528883274416,0.21961701113092277,0.19107348462363305,0.347517401937806,0.26144578133509605,0.011005117517028287
0.015383930798133692,0.11132227511696141,0.030675911402218346,0.01951062434702818,0.23900223313652508,0.015383930798133692,0.11132227511696141,0.030644023151729153,0.01951062434702818,0.23900223313652508,0.015383930798133692,0.11132227511696141,0.030675911402218346,0.01951062434702818,0.23900223313652508,0.015383930798133692,0.11132227511696141,0.030675911402218346,0.06096500694023841,0.23900223313652508,0.09875977613396478,0.11132227511696141,0.030675911402218346,0.01983126351787093,0.23900223313652508,0.08818375411414914,0.016352815854555613
-0.02705401232646567,0.12228136528572972,-0.04521929769226278,-0.009767905425671613,0.18086899148934574,-0.02705401232646567,0.12228136528572972,-0.04516687573172286,-0.009767905425671613,0.18086899148934574,-0.02705401232646567,0.12228136528572972,-0.04521929769226278,-0.009767905425671613,0.18086899148934574,-0.02705401232646567,0.12228136528572972,-0.04521929769226278,0.02694950388968078,0.18086899148934574,0.04351796895796905,0.12228136528572972,-0.04521929769226278,-0.009617874405963303,0.18086899148934574,0.04852150200933649,0.01734797311642299
-0.09771536552552068,0.067703650037876,-0.10878091283755113,-0.051643967709887204,0.08180524638225528,-0.09771536552552068,0.067703650037876,-0.10871760243001881,-0.051643967709887204,0.08180524638225528,-0.09771536552552068,0.067703650037876,-0.10878091283755113,-0.051643967709887204,0.08180524638225528,-0.09771536552552068,0.067703650037876,-0.10878091283755113,0.00019853099033002815,0.08180524638225528,-0.009420306033074569,0.067703650037876,-0.10878091283755113,-0.05152001671137336,0.08180524638225528,-0.016113277146617172,0.015589873336611885
-0.2756108550582761,-0.12109736456913804,-0.19575515170657046,-0.15924803075985755,0.03493499503548097,-0.2756108550582761,-0.12109736456913804,-0.19572475877836323,-0.15924803075985755,0.03493499503548097,-0.2756108550582761,-0.12109736456913804,-0.19575515170657046,-0.15924803075985755,0.03493499503548097,-0.2756108550582761,-0.12109736456913804,-0.19575515170657046,-0.06216168083347601,0.03493499503548097,-0.13648692401700108,-0.12109736456913804,-0.19575515170657046,-0.15906966743482134,0.03493499503548097,-0.13389851992283627,0.019631778772573622
-0.2302366057906057,-0.14829834159560182,-0.13456917572260815,-0.08542699618216335,0.11000167709205329,-0.2302366057906057,-0.14829834159560182,-0.13457406778389486,-0.08542699618216335,0.11000167709205329,-0.2302366057906057,-0.14829834159560182,-0.13456917572260815,-0.08542699618216335,0.11000167709205329,-0.2302366057906057,-0.14829834159560182,-0.13456917572260815,-0.03559926966103193,0.11000167709205329,-0.14206164786668235,-0.14829834159560182,-0.13456917572260815,-0.08533206616430125,0.11000167709205329,-0.09218217954371996,0.02188184659072589
-0.2948466936856682,-0.22493496669293758,-0.2110068046413692,-0.13626757805924347,-0.07580966575675248,-0.2948466936856682,-0.22493496669293758,-0.210878079700957,-0.13626757805924347,-0.07580966575675248,-0.2948466936856682,-0.22493496669293758,-0.2110068046413692,-0.13626757805924347,-0.07580966575675248,-0.2948466936856682,-0.22493496669293758,-0.2110068046413692,-0.06162801323177123,-0.07580966575675248,-0.1857651888358731,-0.22493496669293758,-0.2110068046413692,-0.13627017420545318,-0.07580966575675248,-0.18121925382833537,0.014862961329231109
-0.2724819493797939,-0.18169080292051074,-0.23323075750059136,-0.14376261728509815,-0.1133556848823776,-0.2724819493797939,-0.18169080292051074,-0.2331049985832866,-0.14376261728509815,-0.1133556848823776,-0.2724819493797939,-0.18169080292051074,-0.23323075750059136,-0.14376261728509815,-0.1133556848823776,-0.2724819493797939,-0.18169080292051074,-0.23323075750059136,-0.06235467499137009,-0.1133556848823776,-0.18541212945733077,-0.18169080292051074,-0.23323075750059136,-0.14418853920662256,-0.1133556848823776,-0.1821772584251955,0.011738206086432928
-0.06769440800374842,0.0017806385164981398,-0.006476506269521975,0.13695388726833274,0.06036978635832214,-0.06769440800374842,0.0017806385164981398,-0.006493423050462238,0.13695388726833274,0.06036978635832214,-0.06769440800374842,0.0017806385164981398,-0.006476506269521975,0.13695388726833274,0.06036978635832214,-0.06769440800374842,0.0017806385164981398,-0.006476506269521975,0.056548664519933595,0.06036978635832214,-0.07460529141724599,0.0017806385164981398,-0.006476506269521975,0.13684954269736052,0.06036978635832214,0.021489184873424154,0.01294927730817282
-0.16138875968615093,-0.09504918440760235,0.013234585105066284,0.08798592870043236,0.03215690109406551,-0.16138875968615093,-0.09504918440760235,0.01335428900845321,0.08798592870043236,0.03215690109406551,-0.16138875968615093,-0.09504918440760235,0.013234585105066284,0.08798592870043236,0.03215690109406551,-0.16138875968615093,-0.09504918440760235,0.013234585105066284,0.040307130866734604,0.03215690109406551,-0.11518378024257539,-0.09504918440760235,0.013234585105066284,0.08806713713357421,0.03215690109406551,-0.02466302208098156,0.016919360458341134
0.07511541548781672,0.0471019190376878,0.11323028389554758,0.2500732279608494,0.20129802565572133,0.07511541548781672,0.0471019190376878,0.11341945428787541,0.2500732279608494,0.20129802565572133,0.07511541548781672,0.0471019190376878,0.11323028389554758,0.2500732279608494,0.20129802565572133,0.07511541548781672,0.0471019190376878,0.11323028389554758,0.11642004199706103,0.20129802565572133,0.02642267428601761,0.0471019190376878,0.11323028389554758,0.25005451217752045,0.20129802565572133,0.13007675550526104,0.014770289118295574
0.21916328517128028,0.14684108607606805,0.2606898565601439,0.3681352469751493,0.2742736375255877,0.21916328517128028,0.14684108607606805,0.2607502102765526,0.3681352469751493,0.2742736375255877,0.21916328517128028,0.14684108607606805,0.2606898565601439,0.3681352469751493,0.2742736375255877,0.21916328517128028,0.14684108607606805,0.2606898565601439,0.18231855494241656,0.2742736375255877,0.1211905794283541,0.14684108607606805,0.2606898565601439,0.36788891642863036,0.2742736375255877,0.24246160747741513,0.014467400660746964
0.20210606483191293,0.14151338951095177,0.27643836404658595,0.3040979840140916,0.2455165230933517,0.20210606483191293,0.14151338951095177,0.276415044047204,0.3040979840140916,0.2455165230933517,0.20210606483191293,0.14151338951095177,0.27643836404658595,0.3040979840140916,0.2455165230933517,0.20210606483191293,0.14151338951095177,0.27643836404658595,0.17218311531879546,0.2455165230933517,0.13314540949865153,0.14151338951095177,0.27643836404658595,0.3038043126220401,0.2455165230933517,0.22588676448257922,0.011666202961278085
0.09494845855068339,0.05449587400988803,0.2208869408091463,0.2589184474833909,0.06760816392999029,0.09494845855068339,0.05449587400988803,0.22079882701565137,0.2589184474833909,0.06760816392999029,0.09494845855068339,0.05449587400988803,0.2208869408091463,0.2589184474833909,0.06760816392999029,0.09494845855068339,0.05449587400988803,0.2208869408091463,0.14585356018209694,0.06760816392999029,0.07781118130915916,0.05449587400988803,0.2208869408091463,0.2588791168244678,0.06760816392999029,0.13415839259681034,0.01584449003993216
0.4226989848268744,0.3967820329064784,0.5638839999565478,0.6662827666038026,0.4629097154196778,0.4226989848268744,0.3967820329064784,0.5637553151997058,0.6662827666038026,0.4629097154196778,0.4226989848268744,0.3967820329064784,0.5638839999565478,0.6662827666038026,0.4629097154196778,0.4226989848268744,0.3967820329064784,0.5638839999565478,0.31868815861058014,0.4629097154196778,0.2691863645384274,0.3967820329064784,0.5638839999565478,0.6663126970939703,0.4629097154196778,0.48246326064074246,0.021249783911773505
0.394317474814002,0.36262352569684714,0.45970302536375657,0.6012387127082287,0.47940386512507693,0.394317474814002,0.36262352569684714,0.4595718924749313,0.6012387127082287,0.47940386512507693,0.394317474814002,0.36262352569684714,0.45970302536375657,0.6012387127082287,0.47940386512507693,0.394317474814002,0.36262352569684714,0.45970302536375657,0.31737297251335933,0.47940386512507693,0.2848173390912433,0.36262352569684714,0.45970302536375657,0.6013584618808645,0.47940386512507693,0.4437222303562296,0.017132307619710994
0.2268274300775863,0.2226722912509086,0.29208949699887876,0.34014371318986075,0.25245443538696183,0.2268274300775863,0.2226722912509086,0.29210148599019864,0.34014371318986075,0.25245443538696183,0.2268274300775863,0.2226722912509086,0.29208949699887876,0.34014371318986075,0.25245443538696183,0.2268274300775863,0.2226722912509086,0.29208949699887876,0.19054960468727064,0.25245443538696183,0.16868608277619365,0.2226722912509086,0.29208949699887876,0.3400742645995465,0.25245443538696183,0.2585257567647202,0.009247933605861196
0.12316432223564801,0.17334456275962767,0.17261452116059503,0.2647385411758525,0.22870994577461087,0.12316432223564801,0.17334456275962767,0.1725790619750313,0.2647385411758525,0.22870994577461087,0.12316432223564801,0.17334456275962767,0.17261452116059503,0.2647385411758525,0.22870994577461087,0.12316432223564801,0.17334456275962767,0.17261452116059503,0.1600606306908792,0.22870994577461087,0.11949654580198014,0.17334456275962767,0.17261452116059503,0.26483236626408296,0.22870994577461087,0.18818288578062783,0.009315152607400054
0.3756411460116193,0.4170590458673181,0.4507510715124461,0.5025775159472913,0.38720023796180125,0.3756411460116193,0.4170590458673181,0.45071832722557115,0.5025775159472913,0.38720023796180125,0.3756411460116193,0.4170590458673181,0.4507510715124461,0.5025775159472913,0.38720023796180125,0.3756411460116193,0.4170590458673181,0.4507510715124461,0.2735713765560766,0.38720023796180125,0.27495951194898877,0.4170590458673181,0.4507510715124461,0.5025419842551757,0.38720023796180125,0.41345556148278184,0.011549025238433309
0.5736786543248796,0.5245613066043076,0.6650768606884118,0.6429960055456201,0.4598762360117747,0.5736786543248796,0.5245613066043076,0.6651179338631822,0.6429960055456201,0.4598762360117747,0.5736786543248796,0.5245613066043076,0.6650768606884118,0.6429960055456201,0.4598762360117747,0.5736786543248796,0.5245613066043076,0.6650768606884118,0.3164260520118687,0.4598762360117747,0.34843531694769425,0.5245613066043076,0.6650768606884118,0.6429611418827027,0.4598762360117747,0.5511655293790355,0.019297284896122122
0.3084682657207014,0.27246075217946925,0.3748000283307601,0.3801458186756739,0.3444155195929134,0.3084682657207014,0.27246075217946925,0.37485247796150556,0.3801458186756739,0.3444155195929134,0.3084682657207014,0.27246075217946925,0.3748000283307601,0.3801458186756739,0.3444155195929134,0.3084682657207014,0.27246075217946925,0.3748000283307601,0.19968197916230832,0.3444155195929134,0.20878044016093703,0.27246075217946925,0.3748000283307601,0.38015469905469634,0.3444155195929134,0.3248544634973692,0.010419035560425872
0.3122617846725533,0.2999230638347151,0.38896939049925233,0.3623360046152176,0.32277271770008636,0.3122617846725533,0.2999230638347151,0.3890642614855958,0.3623360046152176,0.32277271770008636,0.3122617846725533,0.2999230638347151,0.38896939049925233,0.3623360046152176,0.32277271770008636,0.3122617846725533,0.2999230638347151,0.38896939049925233,0.18802495437880815,0.32277271770008636,0.2138414970595335,0.2999230638347151,0.38896939049925233,0.3621646327908753,0.32277271770008636,0.32634027871686777,0.00968164689158604
0.16621348986506765,0.12672760851083414,0.2738020074063468,0.25575227738085843,0.19947244974758888,0.16621348986506765,0.12672760851083414,0.2738040214778423,0.25575227738085843,0.19947244974758888,0.16621348986506765,0.12672760851083414,0.2738020074063468,0.25575227738085843,0.19947244974758888,0.16621348986506765,0.12672760851083414,0.2738020074063468,0.1366621355198454,0.19947244974758888,0.12096485169794476,0.12672760851083414,0.2738020074063468,0.2557572044787299,0.19947244974758888,0.19782029302778842,0.011178205236098937
0.17991555525397265,0.1337035338923089,0.31163723538267823,0.27186983918636587,0.21034374875583178,0.17991555525397265,0.1337035338923089,0.3116768819670882,0.27186983918636587,0.21034374875583178,0.17991555525397265,0.1337035338923089,0.31163723538267823,0.27186983918636587,0.21034374875583178,0.17991555525397265,0.1337035338923089,0.31163723538267823,0.13968026373514922,0.21034374875583178,0.11171462529902468,0.1337035338923089,0.31163723538267823,0.27188647283466594,0.21034374875583178,0.2134806134872933,0.013243339023992707
0.44939883266757313,0.37664481695733537,0.565985371915387,0.5072206078208739,0.4705208129774337,0.44939883266757313,0.37664481695733537,0.5659439624533873,0.5072206078208739,0.4705208129774337,0.44939883266757313,0.37664481695733537,0.565985371915387,0.5072206078208739,0.4705208129774337,0.44939883266757313,0.37664481695733537,0.565985371915387,0.23386129482931875,0.4705208129774337,0.25005071455590266,0.37664481695733537,0.565985371915387,0.5072142400283584,0.4705208129774337,0.455043880133411,0.017339195653710802
0.33878580703444594,0.2690533195095434,0.43149607207961227,0.37537970448405966,0.3538770821108978,0.33878580703444594,0.2690533195095434,0.4314753595267212,0.37537970448405966,0.3538770821108978,0.33878580703444594,0.2690533195095434,0.43149607207961227,0.37537970448405966,0.3538770821108978,0.33878580703444594,0.2690533195095434,0.43149607207961227,0.17107275158345137,0.3538770821108978,0.1904381881945204,0.2690533195095434,0.43149607207961227,0.3754028817655403,0.3538770821108978,0.3396123127632341,0.013806337199557739
0.23857118035692673,0.18029140938715107,0.3373240545831627,0.2770261908868158,0.2334971571707937,0.23857118035692673,0.18029140938715107,0.3372717214414388,0.2770261908868158,0.2334971571707937,0.23857118035692673,0.18029140938715107,0.3373240545831627,0.2770261908868158,0.2334971571707937,0.23857118035692673,0.18029140938715107,0.3373240545831627,0.12225545194863405,0.2334971571707937,0.1315981550596132,0.18029140938715107,0.3373240545831627,0.27718110864056594,0.2334971571707937,0.24287635129203125,0.012171720630757832
0.2132710248156304,0.17309192907079138,0.3194989505564526,0.22159766110655663,0.23818783338023777,0.2132710248156304,0.17309192907079138,0.31954391382593444,0.22159766110655663,0.23818783338023777,0.2132710248156304,0.17309192907079138,0.3194989505564526,0.22159766110655663,0.23818783338023777,0.2132710248156304,0.17309192907079138,0.3194989505564526,0.09745622829209101,0.23818783338023777,0.11103402280029283,0.17309192907079138,0.3194989505564526,0.22165805142997222,0.23818783338023777,0.22407855653645747,0.011690311251079657
0.24462146402995918,0.16564214867620033,0.3531737039384508,0.2551401056398549,0.2786503577637799,0.24462146402995918,0.16564214867620033,0.3532185265671906,0.2551401056398549,0.2786503577637799,0.24462146402995918,0.16564214867620033,0.3531737039384508,0.2551401056398549,0.2786503577637799,0.24462146402995918,0.16564214867620033,0.3531737039384508,0.09630924705732397,0.2786503577637799,0.10469214232732384,0.16564214867620033,0.3531737039384508,0.2552569138048043,0.2786503577637799,0.24750161402998994,0.014556021851485242
0.13718401000070785,0.08941441103950634,0.24844666178548852,0.21639900056300077,0.23621113837351723,0.13718401000070785,0.08941441103950634,0.24848058920709953,0.21639900056300077,0.23621113837351723,0.13718401000070785,0.08941441103950634,0.24844666178548852,0.21639900056300077,0.23621113837351723,0.13718401000070785,0.08941441103950634,0.24844666178548852,0.08333288960940262,0.23621113837351723,0.06842037989023632,0.08941441103950634,0.24844666178548852,0.21651832855983802,0.23621113837351723,0.17746398492661927,0.013274117194944325
0.21098284244758186,0.18566718930709683,0.27606534712734676,0.24316343803790347,0.20836696877739624,0.21098284244758186,0.18566718930709683,0.27613585190718365,0.24316343803790347,0.20836696877739624,0.21098284244758186,0.18566718930709683,0.27606534712734676,0.24316343803790347,0.20836696877739624,0.21098284244758186,0.18566718930709683,0.27606534712734676,0.0901917300876027,0.20836696877739624,0.09397185684072588,0.18566718930709683,0.27606534712734676,0.24312667786442294,0.20836696877739624,0.21405119918143295,0.009332586528502508
0.1840684456177712,0.141311972369729,0.21460233644866358,0.1826509945961578,0.1746328694664551,0.1840684456177712,0.141311972369729,0.214620131029781,0.1826509945961578,0.1746328694664551,0.1840684456177712,0.141311972369729,0.21460233644866358,0.1826509945961578,0.1746328694664551,0.1840684456177712,0.141311972369729,0.21460233644866358,0.07922512248092277,0.1746328694664551,0.09057168139225882,0.141311972369729,0.21460233644866358,0.1824665294433866,0.1746328694664551,0.17156975142325934,0.006803317855580727
0.22285426115679846,0.22552054663089366,0.2642589432246899,0.2524345209567131,0.18496331323550122,0.22285426115679846,0.22552054663089366,0.26426217501072397,0.2524345209567131,0.18496331323550122,0.22285426115679846,0.22552054663089366,0.2642589432246899,0.2524345209567131,0.18496331323550122,0.22285426115679846,0.22552054663089366,0.2642589432246899,0.11343995417542604,0.18496331323550122,0.12709204529942564,0.22552054663089366,0.2642589432246899,0.25231116204674753,0.18496331323550122,0.22061124065041565,0.007873516420369108
0.36589583600299863,0.3314859436379716,0.37892007566420355,0.39586324691383423,0.34729434739629217,0.36589583600299863,0.3314859436379716,0.3789364271290851,0.39586324691383423,0.34729434739629217,0.36589583600299863,0.3314859436379716,0.37892007566420355,0.39586324691383423,0.34729434739629217,0.36589583600299863,0.3314859436379716,0.37892007566420355,0.1827879418148631,0.34729434739629217,0.21789714300009205,0.3314859436379716,0.37892007566420355,0.3958190783300929,0.34729434739629217,0.3494478173142306,0.00966811407137374
0.46224524745965445,0.39791655392214487,0.4873376533275298,0.4683845115903778,0.3630762071372527,0.46224524745965445,0.39791655392214487,0.4874119931617658,0.4683845115903778,0.3630762071372527,0.46224524745965445,0.39791655392214487,0.4873376533275298,0.4683845115903778,0.3630762071372527,0.46224524745965445,0.39791655392214487,0.4873376533275298,0.21924925470999845,0.3630762071372527,0.2834810355932218,0.39791655392214487,0.4873376533275298,0.468317595172669,0.3630762071372527,0.41867635287418054,0.013399925598088206
0.46277327016426834,0.39929312395831856,0.48491734459182245,0.4688805440958058,0.32795062961804533,0.46277327016426834,0.39929312395831856,0.4849175529729762,0.4688805440958058,0.32795062961804533,0.46277327016426834,0.39929312395831856,0.48491734459182245,0.4688805440958058,0.32795062961804533,0.46277327016426834,0.39929312395831856,0.48491734459182245,0.22141629121750875,0.32795062961804533,0.28806111509373156,0.39929312395831856,0.48491734459182245,0.46874855434697754,0.32795062961804533,0.41187065491299174,0.014551468287371578
0.40047376963685355,0.37412819734155556,0.39682190207794665,0.4125418324088569,0.25466176905539567,0.40047376963685355,0.37412819734155556,0.3968274946383354,0.4125418324088569,0.25466176905539567,0.40047376963685355,0.37412819734155556,0.39682190207794665,0.4125418324088569,0.25466176905539567,0.40047376963685355,0.37412819734155556,0.39682190207794665,0.1966905327467714,0.25466176905539567,0.24198896654535834,0.37412819734155556,0.39682190207794665,0.41233211696911987,0.25466176905539567,0.3527438850788045,0.013593653021374866
0.5764983332457934,0.5718133861078997,0.5304317098196616,0.5840114034322945,0.45154817165532884,0.5764983332457934,0.5718133861078997,0.5304252070109926,0.5840114034322945,0.45154817165532884,0.5764983332457934,0.5718133861078997,0.5304317098196616,0.5840114034322945,0.45154817165532884,0.5764983332457934,0.5718133861078997,0.5304317098196616,0.2937407871663705,0.45154817165532884,0.3775431476765215,0.5718133861078997,0.5304317098196616,0.5838507318521806,0.45154817165532884,0.5232848818032365,0.014557595585366514
0.607421042410254,0.60507956898051,0.5702022321308018,0.5770478120497067,0.4256012244806522,0.607421042410254,0.60507956898051,0.5701754540627787,0.5770478120497067,0.4256012244806522,0.607421042410254,0.60507956898051,0.5702022321308018,0.5770478120497067,0.4256012244806522,0.607421042410254,0.60507956898051,0.5702022321308018,0.28406592712374834,0.4256012244806522,0.38147885550768446,0.60507956898051,0.5702022321308018,0.5769965100544082,0.4256012244806522,0.5363102899347109,0.01776474523642013
0.3843460968631036,0.4403912325152288,0.3618914643292499,0.43549300785102,0.22756891498457332,0.3843460968631036,0.4403912325152288,0.36176474865457653,0.43549300785102,0.22756891498457332,0.3843460968631036,0.4403912325152288,0.3618914643292499,0.43549300785102,0.22756891498457332,0.3843460968631036,0.4403912325152288,0.3618914643292499,0.2244847311622233,0.22756891498457332,0.26765031954848345,0.4403912325152288,0.3618914643292499,0.43541395090277535,0.22756891498457332,0.35682175024358176,0.01625835803087564
0.25631056574186933,0.3417950567546005,0.23133754996206918,0.3161168148993019,0.1112911446350477,0.25631056574186933,0.3417950567546005,0.2312856387863742,0.3161168148993019,0.1112911446350477,0.25631056574186933,0.3417950567546005,0.23133754996206918,0.3161168148993019,0.1112911446350477,0.25631056574186933,0.3417950567546005,0.23133754996206918,0.17432163528938194,0.1112911446350477,0.1967860676749999,0.3417950567546005,0.23133754996206918,0.31620161061211793,0.1112911446350477,0.24331875467299097,0.015940995907172077
0.34436420879042684,0.415783039055677,0.32624432226325206,0.41675156759670756,0.2618020505957789,0.34436420879042684,0.415783039055677,0.3262818840640561,0.41675156759670756,0.2618020505957789,0.34436420879042684,0.415783039055677,0.32624432226325206,0.41675156759670756,0.2618020505957789,0.34436420879042684,0.415783039055677,0.32624432226325206,0.225118555698864,0.2618020505957789,0.2581110021385741,0.415783039055677,0.32624432226325206,0.4168155524017422,0.2618020505957789,0.34187765078261423,0.012630831724630247
0.38646174445147413,0.4610051958854272,0.3610084292005602,0.44767154393199976,0.30271714538925326,0.38646174445147413,0.4610051958854272,0.36102397608839387,0.44767154393199976,0.30271714538925326,0.38646174445147413,0.4610051958854272,0.3610084292005602,0.44767154393199976,0.30271714538925326,0.38646174445147413,0.4610051958854272,0.3610084292005602,0.23162301250128506,0.30271714538925326,0.265259995941029,0.4610051958854272,0.3610084292005602,0.4477218136917385,0.30271714538925326,0.37828543323999947,0.013477861909651043
0.38756865135387253,0.450748591714925,0.3936256550938844,0.46448126911659277,0.3183449685077523,0.38756865135387253,0.450748591714925,0.393629573067476,0.46448126911659277,0.3183449685077523,0.38756865135387253,0.450748591714925,0.3936256550938844,0.46448126911659277,0.3183449685077523,0.38756865135387253,0.450748591714925,0.3936256550938844,0.23901163977203227,0.3183449685077523,0.26219976695276653,0.450748591714925,0.3936256550938844,0.4646085286337925,0.3183449685077523,0.3889255337072104,0.012741447160350918
0.15792931334254137,0.29869539755435065,0.20944120217271206,0.25574229771278056,0.14009090089545706,0.15792931334254137,0.29869539755435065,0.20943858931747367,0.25574229771278056,0.14009090089545706,0.15792931334254137,0.29869539755435065,0.20944120217271206,0.25574229771278056,0.14009090089545706,0.15792931334254137,0.29869539755435065,0.20944120217271206,0.14831866879474384,0.14009090089545706,0.1320865238490132,0.29869539755435065,0.20944120217271206,0.25572739955089513,0.14009090089545706,0.2070484651584208,0.01193850552234316
0.08475602168529525,0.2274149248211812,0.049820558609316584,0.08212498958946542,0.06631265908806633,0.08475602168529525,0.2274149248211812,0.049773857585257354,0.08212498958946542,0.06631265908806633,0.08475602168529525,0.2274149248211812,0.049820558609316584,0.08212498958946542,0.06631265908806633,0.08475602168529525,0.2274149248211812,0.049820558609316584,0.08570189545027937,0.06631265908806633,0.09304502741421244,0.2274149248211812,0.049820558609316584,0.0820973922862082,0.06631265908806633,0.1025574952891615,0.012510882985315266
0.06427885905094777,0.22528627246396435,0.03805568088571075,0.08837561259564139,0.0734273905908081,0.06427885905094777,0.22528627246396435,0.03788355212232702,0.08837561259564139,0.0734273905908081,0.06427885905094777,0.22528627246396435,0.03805568088571075,0.08837561259564139,0.0734273905908081,0.06427885905094777,0.22528627246396435,0.03805568088571075,0.07757275401696091,0.0734273905908081,0.07255614949001361,0.22528627246396435,0.03805568088571075,0.08844908555163883,0.0734273905908081,0.09777979415953444,0.012889848828351527
-0.012927945206486371,0.1416456518110111,0.0058551595583904185,0.014097472405288601,-0.01705865773302819,-0.012927945206486371,0.1416456518110111,0.005802209659175944,0.014097472405288601,-0.01705865773302819,-0.012927945206486371,0.1416456518110111,0.0058551595583904185,0.014097472405288601,-0.01705865773302819,-0.012927945206486371,0.1416456518110111,0.0058551595583904185,0.04547378190863413,-0.01705865773302819,0.025776952597756093,0.1416456518110111,0.0058551595583904185,0.014094189773525364,-0.01705865773302819,0.029123335158099534,0.011431046046147197
-0.265678107618866,-0.12076853585769216,-0.22588798134411053,-0.2704695552977608,-0.24010317008840415,-0.265678107618866,-0.12076853585769216,-0.22590183398191463,-0.2704695552977608,-0.24010317008840415,-0.265678107618866,-0.12076853585769216,-0.22588798134411053,-0.2704695552977608,-0.24010317008840415,-0.265678107618866,-0.12076853585769216,-0.22588798134411053,-0.08051129943538836,-0.24010317008840415,-0.13152939001267508,-0.12076853585769216,-0.22588798134411053,-0.2704126998362618,-0.24010317008840415,-0.21161547098967642,0.012120178610675924
-0.22644766207993042,-0.09330425556822072,-0.21892627502728604,-0.24039439753787734,-0.2051371109638733,-0.22644766207993042,-0.09330425556822072,-0.21891750111537725,-0.24039439753787734,-0.2051371109638733,-0.22644766207993042,-0.09330425556822072,-0.21892627502728604,-0.24039439753787734,-0.2051371109638733,-0.22644766207993042,-0.09330425556822072,-0.21892627502728604,-0.08016291941596412,-0.2051371109638733,-0.12874953357535576,-0.09330425556822072,-0.21892627502728604,-0.2401861434081168,-0.2051371109638733,-0.18651607484871127,0.011303005641622094
-0.17074474977011928,-0.012125169444760126,-0.16284442421336293,-0.1460236757970786,-0.10161036285238313,-0.17074474977011928,-0.012125169444760126,-0.1628616747424939,-0.1460236757970786,-0.10161036285238313,-0.17074474977011928,-0.012125169444760126,-0.16284442421336293,-0.1460236757970786,-0.10161036285238313,-0.17074474977011928,-0.012125169444760126,-0.16284442421336293,-0.04881241742731842,-0.10161036285238313,-0.10138390172911761,-0.012125169444760126,-0.16284442421336293,-0.14586019018328164,-0.10161036285238313,-0.11200094275572373,0.01149385536053635
-0.16033300743950155,-0.06817076368031474,-0.1285841007613621,-0.17302779791552036,-0.09823920169499441,-0.16033300743950155,-0.06817076368031474,-0.12868449897238632,-0.17302779791552036,-0.09823920169499441,-0.16033300743950155,-0.06817076368031474,-0.1285841007613621,-0.17302779791552036,-0.09823920169499441,-0.16033300743950155,-0.06817076368031474,-0.1285841007613621,-0.06366551349714089,-0.09823920169499441,-0.09294844530289954,-0.06817076368031474,-0.1285841007613621,-0.17285674763892964,-0.09823920169499441,-0.11859827435351673,0.007622043130269193
-0.16435284296194336,-0.09839118144622515,-0.17760481127257555,-0.21795411060975636,-0.10283708899534034,-0.16435284296194336,-0.09839118144622515,-0.17766616388855888,-0.21795411060975636,-0.10283708899534034,-0.16435284296194336,-0.09839118144622515,-0.17760481127257555,-0.21795411060975636,-0.10283708899534034,-0.16435284296194336,-0.09839118144622515,-0.17760481127257555,-0.09091622034034774,-0.10283708899534034,-0.10170600343082978,-0.09839118144622515,-0.17760481127257555,-0.21765368500045504,-0.10283708899534034,-0.14463105494541453,0.008996533988490426
-0.22133085864997726,-0.14186978734212413,-0.23085252696397077,-0.2829082021585379,-0.1172514029001859,-0.22133085864997726,-0.14186978734212413,-0.23094392242887518,-0.2829082021585379,-0.1172514029001859,-0.22133085864997726,-0.14186978734212413,-0.23085252696397077,-0.2829082021585379,-0.1172514029001859,-0.22133085864997726,-0.14186978734212413,-0.23085252696397077,-0.12517304569675344,-0.1172514029001859,-0.149411118240139,-0.14186978734212413,-0.23085252696397077,-0.28259439893338345,-0.1172514029001859,-0.1896474634176843,0.011808692968979736
-0.3106907424713204,-0.252164546097287,-0.2478360553024274,-0.30739422582831377,-0.13900597789294394,-0.3106907424713204,-0.252164546097287,-0.24793166449855805,-0.30739422582831377,-0.13900597789294394,-0.3106907424713204,-0.252164546097287,-0.2478360553024274,-0.30739422582831377,-0.13900597789294394,-0.3106907424713204,-0.252164546097287,-0.2478360553024274,-0.15458533693205573,-0.13900597789294394,-0.21516284453362466,-0.252164546097287,-0.2478360553024274,-0.30709587479701667,-0.13900597789294394,-0.24147672837169362,0.012280185809420476
-0.21985065382972183,-0.1890405990800822,-0.15605653796370683,-0.23852424184367652,-0.10492511331232107,-0.21985065382972183,-0.1890405990800822,-0.15606678161094786,-0.23852424184367652,-0.10492511331232107,-0.21985065382972183,-0.1890405990800822,-0.15605653796370683,-0.23852424184367652,-0.10492511331232107,-0.21985065382972183,-0.1890405990800822,-0.15605653796370683,-0.12641687336151414,-0.10492511331232107,-0.1741491800003151,-0.1890405990800822,-0.15605653796370683,-0.23827656181614654,-0.10492511331232107,-0.17535757805822738,0.00910165749248421
-0.2248349483868666,-0.18243488506318278,-0.1628994288705372,-0.2488460896921238,-0.13534834043678778,-0.2248349483868666,-0.18243488506318278,-0.1629061477858811,-0.2488460896921238,-0.13534834043678778,-0.2248349483868666,-0.18243488506318278,-0.1628994288705372,-0.2488460896921238,-0.13534834043678778,-0.2248349483868666,-0.18243488506318278,-0.1628994288705372,-0.13343280983957134,-0.13534834043678778,-0.1795349100037267,-0.18243488506318278,-0.1628994288705372,-0.2485278498761798,-0.13534834043678778,-0.18443174492444794,0.007853880371211217
-0.2574264153229245,-0.14874170804641262,-0.1593920636904931,-0.20115109383246368,-0.1270263199473839,-0.2574264153229245,-0.14874170804641262,-0.15937768805543154,-0.20115109383246368,-0.1270263199473839,-0.2574264153229245,-0.14874170804641262,-0.1593920636904931,-0.20115109383246368,-0.1270263199473839,-0.2574264153229245,-0.14874170804641262,-0.1593920636904931,-0.12069234846441977,-0.1270263199473839,-0.20175652477208408,-0.14874170804641262,-0.1593920636904931,-0.20090352551323337,-0.1270263199473839,-0.17329189697300854,0.008741125299032274
-0.29074396346016057,-0.13840727241156406,-0.23031325493264362,-0.2475589514310722,-0.1567983356266802,-0.29074396346016057,-0.13840727241156406,-0.23027072889750688,-0.2475589514310722,-0.1567983356266802,-0.29074396346016057,-0.13840727241156406,-0.23031325493264362,-0.2475589514310722,-0.1567983356266802,-0.29074396346016057,-0.13840727241156406,-0.23031325493264362,-0.1359999298510276,-0.1567983356266802,-0.21666455464713308,-0.13840727241156406,-0.23031325493264362,-0.24745610938472873,-0.1567983356266802,-0.20533300363344203,0.010991628625368758
-0.2818891309461958,-0.18709225712718225,-0.2542397033812695,-0.25168063335394353,-0.2096380870745025,-0.2818891309461958,-0.18709225712718225,-0.25422771941493183,-0.25168063335394353,-0.2096380870745025,-0.2818891309461958,-0.18709225712718225,-0.2542397033812695,-0.25168063335394353,-0.2096380870745025,-0.2818891309461958,-0.18709225712718225,-0.2542397033812695,-0.13363792511553946,-0.2096380870745025,-0.2133741989629172,-0.18709225712718225,-0.2542397033812695,-0.2515739669700003,-0.2096380870745025,-0.22944091075374018,0.007484898668125259
-0.24815594017006426,-0.08639172080452075,-0.1821838662777929,-0.16777689874979015,-0.2162681383263137,-0.24815594017006426,-0.08639172080452075,-0.18212524796827162,-0.16777689874979015,-0.2162681383263137,-0.24815594017006426,-0.08639172080452075,-0.1821838662777929,-0.16777689874979015,-0.2162681383263137,-0.24815594017006426,-0.08639172080452075,-0.1821838662777929,-0.08675356331434653,-0.2162681383263137,-0.17985054815640425,-0.08639172080452075,-0.1821838662777929,-0.16777992334949832,-0.2162681383263137,-0.17417994001933967,0.010915028254536755
-0.2712134551571049,-0.1557460353542122,-0.23743167307974733,-0.21957117760687392,-0.24550125027759695,-0.2712134551571049,-0.1557460353542122,-0.23745477066905726,-0.21957117760687392,-0.24550125027759695,-0.2712134551571049,-0.1557460353542122,-0.23743167307974733,-0.21957117760687392,-0.24550125027759695,-0.2712134551571049,-0.1557460353542122,-0.23743167307974733,-0.10788447909481733,-0.24550125027759695,-0.1936709938362555,-0.1557460353542122,-0.23743167307974733,-0.21945758857117567,-0.24550125027759695,-0.21831993224393528,0.00869121655209837
-0.23434287469949025,-0.13128885024699105,-0.20734414863084955,-0.21264154478253797,-0.21900959977283177,-0.23434287469949025,-0.13128885024699105,-0.20739250992463984,-0.21264154478253797,-0.21900959977283177,-0.23434287469949025,-0.13128885024699105,-0.20734414863084955,-0.21264154478253797,-0.21900959977283177,-0.23434287469949025,-0.13128885024699105,-0.20734414863084955,-0.10197346184487435,-0.21900959977283177,-0.16954459606890593,-0.13128885024699105,-0.20734414863084955,-0.21251554832765385,-0.21900959977283177,-0.19390364375736646,0.0079076128954919
-0.08150194943239136,-0.015374187662550522,-0.02270531464282329,-0.05716618717157025,-0.08416682568989352,-0.08150194943239136,-0.015374187662550522,-0.022769997617093477,-0.05716618717157025,-0.08416682568989352,-0.08150194943239136,-0.015374187662550522,-0.02270531464282329,-0.05716618717157025,-0.08416682568989352,-0.08150194943239136,-0.015374187662550522,-0.02270531464282329,-0.033629016184096194,-0.08416682568989352,-0.0844408516534562,-0.015374187662550522,-0.02270531464282329,-0.05701681726857537,-0.08416682568989352,-0.05135557469204044,0.00570210463588437
-0.15199152927295767,-0.09310472347408891,-0.12967573864467424,-0.19311913811401563,-0.10369805227504604,-0.15199152927295767,-0.09310472347408891,-0.12969585220523305,-0.19311913811401563,-0.10369805227504604,-0.15199152927295767,-0.09310472347408891,-0.12967573864467424,-0.19311913811401563,-0.10369805227504604,-0.15199152927295767,-0.09310472347408891,-0.12967573864467424,-0.08556632140062104,-0.10369805227504604,-0.11870376649227952,-0.09310472347408891,-0.12967573864467424,-0.19294468772576326,-0.10369805227504604,-0.12867803970328584,0.006813185142200156
-0.2596676309083251,-0.2139048842135965,-0.23007309512785773,-0.3134750480964809,-0.19296797668664642,-0.2596676309083251,-0.2139048842135965,-0.23011637623806291,-0.3134750480964809,-0.19296797668664642,-0.2596676309083251,-0.2139048842135965,-0.23007309512785773,-0.3134750480964809,-0.19296797668664642,-0.2596676309083251,-0.2139048842135965,-0.23007309512785773,-0.14808111698437684,-0.19296797668664642,-0.19228875236374116,-0.2139048842135965,-0.23007309512785773,-0.3133119812659117,-0.19296797668664642,-0.23270202319149927,0.008545649479784275
-0.28354554244342467,-0.23765723768260297,-0.2593913669401974,-0.3376727261629648,-0.1948701070716954,-0.28354554244342467,-0.23765723768260297,-0.2594007224440458,-0.3376727261629648,-0.1948701070716954,-0.28354554244342467,-0.23765723768260297,-0.2593913669401974,-0.3376727261629648,-0.1948701070716954,-0.28354554244342467,-0.23765723768260297,-0.2593913669401974,-0.15783052629334204,-0.1948701070716954,-0.20155871920827736,-0.23765723768260297,-0.2593913669401974,-0.3374510609429753,-0.1948701070716954,-0.25214574274734053,0.009792814932277008
-0.35746698019472256,-0.2825553973888528,-0.3190004708691968,-0.3787908240497876,-0.2577889549860462,-0.35746698019472256,-0.2825553973888528,-0.3190165603032393,-0.3787908240497876,-0.2577889549860462,-0.35746698019472256,-0.2825553973888528,-0.3190004708691968,-0.3787908240497876,-0.2577889549860462,-0.35746698019472256,-0.2825553973888528,-0.3190004708691968,-0.18569649391788706,-0.2577889549860462,-0.2510945011030087,-0.2825553973888528,-0.3190004708691968,-0.3786178574533723,-0.2577889549860462,-0.30713557804228175,0.00995643013300457
-0.37046648073241284,-0.2687701961008093,-0.30254906226018385,-0.34685583410893217,-0.27882054018975755,-0.37046648073241284,-0.2687701961008093,-0.30251249152049353,-0.34685583410893217,-0.27882054018975755,-0.37046648073241284,-0.2687701961008093,-0.30254906226018385,-0.34685583410893217,-0.27882054018975755,-0.37046648073241284,-0.2687701961008093,-0.30254906226018385,-0.1834011827236038,-0.27882054018975755,-0.2746476342676495,-0.2687701961008093,-0.30254906226018385,-0.3466056443686247,-0.27882054018975755,-0.3031100123452155,0.008750250092041955
-0.43270228881877665,-0.3219035420354732,-0.35855954593010486,-0.41312931253866736,-0.35585155372355487,-0.43270228881877665,-0.3219035420354732,-0.3585143265057096,-0.41312931253866736,-0.35585155372355487,-0.43270228881877665,-0.3219035420354732,-0.35855954593010486,-0.41312931253866736,-0.35585155372355487,-0.43270228881877665,-0.3219035420354732,-0.35855954593010486,-0.21081417320951204,-0.35585155372355487,-0.3181724557235638,-0.3219035420354732,-0.35855954593010486,-0.4130229543314624,-0.35585155372355487,-0.3637493866070766,0.009878481567435853
-0.3246433341412857,-0.22863155479445693,-0.2865649859336371,-0.3345870615132988,-0.26971370741765127,-0.3246433341412857,-0.22863155479445693,-0.2864849319365185,-0.3345870615132988,-0.26971370741765127,-0.3246433341412857,-0.22863155479445693,-0.2865649859336371,-0.3345870615132988,-0.26971370741765127,-0.3246433341412857,-0.22863155479445693,-0.2865649859336371,-0.17319263545754673,-0.26971370741765127,-0.2588447936147571,-0.22863155479445693,-0.2865649859336371,-0.3346551484731009,-0.26971370741765127,-0.27973993141528203,0.008383984422755638
-0.4145823456113539,-0.3207572970219748,-0.36660727456692294,-0.38110567195758493,-0.37580033688242126,-0.4145823456113539,-0.3207572970219748,-0.3664991727163987,-0.38110567195758493,-0.37580033688242126,-0.4145823456113539,-0.3207572970219748,-0.36660727456692294,-0.38110567195758493,-0.37580033688242126,-0.4145823456113539,-0.3207572970219748,-0.36660727456692294,-0.19488850378161957,-0.37580033688242126,-0.3047222370689768,-0.3207572970219748,-0.36660727456692294,-0.3811558250693285,-0.37580033688242126,-0.35992517618976655,0.009045458671147033
-0.2783162724679216,-0.2540676194783875,-0.24527324121435656,-0.25177004869757974,-0.26819459832131154,-0.2783162724679216,-0.2540676194783875,-0.24523134888897596,-0.25177004869757974,-0.26819459832131154,-0.2783162724679216,-0.2540676194783875,-0.24527324121435656,-0.25177004869757974,-0.26819459832131154,-0.2783162724679216,-0.2540676194783875,-0.24527324121435656,-0.1410365977396221,-0.26819459832131154,-0.23352466649225714,-0.2540676194783875,-0.24527324121435656,-0.25177078346837684,-0.26819459832131154,-0.2533017074563832,0.005105315719868839
-0.2590483680294464,-0.2285941061727481,-0.2844267133494682,-0.23468013568455495,-0.22536327386137164,-0.2590483680294464,-0.2285941061727481,-0.2844025704950713,-0.23468013568455495,-0.22536327386137164,-0.2590483680294464,-0.2285941061727481,-0.2844267133494682,-0.23468013568455495,-0.22536327386137164,-0.2590483680294464,-0.2285941061727481,-0.2844267133494682,-0.12186953973046488,-0.22536327386137164,-0.20849980177885324,-0.2285941061727481,-0.2844267133494682,-0.2347496148663086,-0.22536327386137164,-0.23988996638442484,0.006574865507947543
-0.25869409257322123,-0.22172789513383165,-0.3088516092000013,-0.26364480850739846,-0.2462136393680903,-0.25869409257322123,-0.22172789513383165,-0.30889802270544064,-0.26364480850739846,-0.2462136393680903,-0.25869409257322123,-0.22172789513383165,-0.3088516092000013,-0.26364480850739846,-0.2462136393680903,-0.25869409257322123,-0.22172789513383165,-0.3088516092000013,-0.13212545037010792,-0.2462136393680903,-0.20898103400129844,-0.22172789513383165,-0.3088516092000013,-0.2636864999712707,-0.2462136393680903,-0.2525806364869125,0.00763090391552625
-0.29794702681677115,-0.26530535610341077,-0.3213461484209165,-0.3112486557606801,-0.2988413410312133,-0.29794702681677115,-0.26530535610341077,-0.3213999865433561,-0.3112486557606801,-0.2988413410312133,-0.29794702681677115,-0.26530535610341077,-0.3213461484209165,-0.3112486557606801,-0.2988413410312133,-0.29794702681677115,-0.26530535610341077,-0.3213461484209165,-0.15447490058257718,-0.2988413410312133,-0.23475349953817076,-0.26530535610341077,-0.3213461484209165,-0.311325898803758,-0.2988413410312133,-0.2901442575749509,0.006998559865600919
-0.2601966092294028,-0.25619612343807857,-0.3073863689730578,-0.2816759820825141,-0.28441510756013905,-0.2601966092294028,-0.25619612343807857,-0.3074394280069098,-0.2816759820825141,-0.28441510756013905,-0.2601966092294028,-0.25619612343807857,-0.3073863689730578,-0.2816759820825141,-0.28441510756013905,-0.2601966092294028,-0.25619612343807857,-0.3073863689730578,-0.1402995158749688,-0.28441510756013905,-0.21300416782851825,-0.25619612343807857,-0.3073863689730578,-0.28173327740161436,-0.28441510756013905,-0.27043569612641927,0.0067915627320354645
-0.2578552331199808,-0.23797106306458346,-0.2937041859035313,-0.2779559011235391,-0.29966218954812673,-0.2578552331199808,-0.23797106306458346,-0.2938592648575903,-0.2779559011235391,-0.29966218954812673,-0.2578552331199808,-0.23797106306458346,-0.2937041859035313,-0.2779559011235391,-0.29966218954812673,-0.2578552331199808,-0.23797106306458346,-0.2937041859035313,-0.14593843919420274,-0.29966218954812673,-0.22122133457125973,-0.23797106306458346,-0.2937041859035313,-0.2778612753806057,-0.29966218954812673,-0.26668607826127505,0.006870567887649775
-0.3624841929157834,-0.32034690815389294,-0.33303817165642274,-0.333047114717589,-0.36566241716660364,-0.3624841929157834,-0.32034690815389294,-0.33316645912204346,-0.333047114717589,-0.36566241716660364,-0.3624841929157834,-0.32034690815389294,-0.33303817165642274,-0.333047114717589,-0.36566241716660364,-0.3624841929157834,-0.32034690815389294,-0.33303817165642274,-0.17347396109065802,-0.36566241716660364,-0.28586849816400495,-0.32034690815389294,-0.33303817165642274,-0.333181051765339,-0.36566241716660364,-0.3334786959674448,0.0075728484078621565
-0.37473262877278735,-0.3137506533829051,-0.347360970298664,-0.2770061785530607,-0.3485417118474656,-0.37473262877278735,-0.3137506533829051,-0.3474381838192281,-0.2770061785530607,-0.3485417118474656,-0.37473262877278735,-0.3137506533829051,-0.347360970298664,-0.2770061785530607,-0.3485417118474656,-0.37473262877278735,-0.3137506533829051,-0.347360970298664,-0.14963462559303098,-0.3485417118474656,-0.28623377688632773,-0.3137506533829051,-0.347360970298664,-0.27715723106199097,-0.3485417118474656,-0.32365274301829666,0.00938167360783218
-0.28349772035261933,-0.19862396454397285,-0.2262563800903123,-0.17060501828943755,-0.2584856385759685,-0.28349772035261933,-0.19862396454397285,-0.22625676132464842,-0.17060501828943755,-0.2584856385759685,-0.28349772035261933,-0.19862396454397285,-0.2262563800903123,-0.17060501828943755,-0.2584856385759685,-0.28349772035261933,-0.19862396454397285,-0.2262563800903123,-0.11257035656176557,-0.2584856385759685,-0.24467047953370386,-0.19862396454397285,-0.2262563800903123,-0.1705373270974239,-0.2584856385759685,-0.2236165758702915,0.00855775613301431
-0.28844773269883955,-0.18637994647427036,-0.2133034573817466,-0.17727006121788816,-0.27349954626665307,-0.28844773269883955,-0.18637994647427036,-0.2132741933049022,-0.17727006121788816,-0.27349954626665307,-0.28844773269883955,-0.18637994647427036,-0.2133034573817466,-0.17727006121788816,-0.27349954626665307,-0.28844773269883955,-0.18637994647427036,-0.2133034573817466,-0.11052336773329899,-0.27349954626665307,-0.244654496137919,-0.18637994647427036,-0.2133034573817466,-0.17727649215894148,-0.27349954626665307,-0.2233576382806275,0.009490197521836092
-0.1677570520828167,-0.13720108819988502,-0.1444271663739456,-0.11308757780572451,-0.17252117554854238,-0.1677570520828167,-0.13720108819988502,-0.14433323147860058,-0.11308757780572451,-0.17252117554854238,-0.1677570520828167,-0.13720108819988502,-0.1444271663739456,-0.11308757780572451,-0.17252117554854238,-0.1677570520828167,-0.13720108819988502,-0.1444271663739456,-0.07292678475946013,-0.17252117554854238,-0.16297884448001337,-0.13720108819988502,-0.1444271663739456,-0.1132497493267095,-0.17252117554854238,-0.14520398144124574,0.004921618704619967
-0.21851668674893315,-0.25597048628135205,-0.1846915292151176,-0.17820806406228595,-0.24419207515749652,-0.21851668674893315,-0.25597048628135205,-0.1846777710214184,-0.17820806406228595,-0.24419207515749652,-0.21851668674893315,-0.25597048628135205,-0.1846915292151176,-0.17820806406228595,-0.24419207515749652,-0.21851668674893315,-0.25597048628135205,-0.1846915292151176,-0.09889354452952817,-0.24419207515749652,-0.17376660388092896,-0.25597048628135205,-0.1846915292151176,-0.17826131523966757,-0.24419207515749652,-0.21135476391635383,0.007601263905204171
-0.20706544519150835,-0.236495069740924,-0.17158063917641234,-0.16814283426692883,-0.2288552577955833,-0.20706544519150835,-0.236495069740924,-0.17157021829633365,-0.16814283426692883,-0.2288552577955833,-0.20706544519150835,-0.236495069740924,-0.17158063917641234,-0.16814283426692883,-0.2288552577955833,-0.20706544519150835,-0.236495069740924,-0.17158063917641234,-0.09150154529993787,-0.2288552577955833,-0.1542240184374854,-0.236495069740924,-0.17158063917641234,-0.1682420181128476,-0.2288552577955833,-0.1972520911240644,0.007102864150161503
-0.25560030816232016,-0.23700975540545158,-0.2748876161825169,-0.2425853011619368,-0.2783665457403115,-0.25560030816232016,-0.23700975540545158,-0.27489851836758133,-0.2425853011619368,-0.2783665457403115,-0.25560030816232016,-0.23700975540545158,-0.2748876161825169,-0.2425853011619368,-0.2783665457403115,-0.25560030816232016,-0.23700975540545158,-0.2748876161825169,-0.12385400457453287,-0.2783665457403115,-0.18420370723280022,-0.23700975540545158,-0.2748876161825169,-0.24269422985075464,-0.2783665457403115,-0.2500895826647857,0.0066274570910321495
-0.21908045488868416,-0.18403178436003684,-0.2107641276182074,-0.1883946278774939,-0.2538552322086919,-0.21908045488868416,-0.18403178436003684,-0.210683972607058,-0.1883946278774939,-0.2538552322086919,-0.21908045488868416,-0.18403178436003684,-0.2107641276182074,-0.1883946278774939,-0.2538552322086919,-0.21908045488868416,-0.18403178436003684,-0.2107641276182074,-0.09496604158754247,-0.2538552322086919,-0.15561690897449104,-0.18403178436003684,-0.2107641276182074,-0.1884435407656892,-0.2538552322086919,-0.20494831041753891,0.006876735623100392
-0.24080097016807628,-0.2794173163304225,-0.24544159844725297,-0.1936965597883552,-0.27902625627058825,-0.24080097016807628,-0.2794173163304225,-0.245397631152972,-0.1936965597883552,-0.27902625627058825,-0.24080097016807628,-0.2794173163304225,-0.24544159844725297,-0.1936965597883552,-0.27902625627058825,-0.24080097016807628,-0.2794173163304225,-0.24544159844725297,-0.10786328131326874,-0.27902625627058825,-0.18764841771785498,-0.2794173163304225,-0.24544159844725297,-0.19375801123103492,-0.27902625627058825,-0.24211780632986268,0.00824556126639142
-0.1761352383759611,-0.2250635507536037,-0.16255200454123359,-0.13733015437067211,-0.22160681422843317,-0.1761352383759611,-0.2250635507536037,-0.16255594760732603,-0.13733015437067211,-0.22160681422843317,-0.1761352383759611,-0.2250635507536037,-0.16255200454123359,-0.13733015437067211,-0.22160681422843317,-0.1761352383759611,-0.2250635507536037,-0.16255200454123359,-0.08717288380170024,-0.22160681422843317,-0.1657596595468124,-0.2250635507536037,-0.16255200454123359,-0.13739442940343594,-0.22160681422843317,-0.18211896720201015,0.007480828392141277
-0.22106609259132368,-0.17553739375301278,-0.1770504705309718,-0.12392455388155112,-0.22327681806164107,-0.22106609259132368,-0.17553739375301278,-0.17716276900683858,-0.12392455388155112,-0.22327681806164107,-0.22106609259132368,-0.17553739375301278,-0.1770504705309718,-0.12392455388155112,-0.22327681806164107,-0.22106609259132368,-0.17553739375301278,-0.1770504705309718,-0.07927279382668724,-0.22327681806164107,-0.18494497734058662,-0.17553739375301278,-0.1770504705309718,-0.1239828104848273,-0.22327681806164107,-0.1809469729546417,0.007743168722518968
-0.22015179926124753,-0.20247114194117907,-0.16680630920038564,-0.13854686335504426,-0.22492066972234892,-0.22015179926124753,-0.20247114194117907,-0.16687660986376612,-0.13854686335504426,-0.22492066972234892,-0.22015179926124753,-0.20247114194117907,-0.16680630920038564,-0.13854686335504426,-0.22492066972234892,-0.22015179926124753,-0.20247114194117907,-0.16680630920038564,-0.08049249696788895,-0.22492066972234892,-0.18019467911654538,-0.20247114194117907,-0.16680630920038564,-0.13871667947469188,-0.22492066972234892,-0.18666850190608789,0.007398621226936196
-0.1349468196647542,-0.16286202926281593,-0.10202530194862625,-0.09772578809223194,-0.1903035402950252,-0.1349468196647542,-0.16286202926281593,-0.10200722483441285,-0.09772578809223194,-0.1903035402950252,-0.1349468196647542,-0.16286202926281593,-0.10202530194862625,-0.09772578809223194,-0.1903035402950252,-0.1349468196647542,-0.16286202926281593,-0.10202530194862625,-0.05988543207501156,-0.1903035402950252,-0.11499422526251316,-0.16286202926281593,-0.10202530194862625,-0.09784912576925603,-0.1903035402950252,-0.1352651882584247,0.007462798803120046
-0.2218466595006228,-0.22822763246563757,-0.19122309825733627,-0.1818194021714653,-0.2758668285591892,-0.2218466595006228,-0.22822763246563757,-0.19120898238328213,-0.1818194021714653,-0.2758668285591892,-0.2218466595006228,-0.22822763246563757,-0.19122309825733627,-0.1818194021714653,-0.2758668285591892,-0.2218466595006228,-0.22822763246563757,-0.19122309825733627,-0.08526060271758086,-0.2758668285591892,-0.136734567221459,-0.22822763246563757,-0.19122309825733627,-0.18196155509133774,-0.2758668285591892,-0.212535010003361,0.008736648624291517
-0.13378893512774684,-0.16607423307717584,-0.10262357510906356,-0.09010519466098117,-0.19657540501338067,-0.13378893512774684,-0.16607423307717584,-0.10247660151696453,-0.09010519466098117,-0.19657540501338067,-0.13378893512774684,-0.16607423307717584,-0.10262357510906356,-0.09010519466098117,-0.19657540501338067,-0.13378893512774684,-0.16607423307717584,-0.10262357510906356,-0.045994480823532906,-0.19657540501338067,-0.07375405618676197,-0.16607423307717584,-0.10262357510906356,-0.09021161125802714,-0.19657540501338067,-0.1336660226067302,0.008657895740654845
0.015827745241751196,-0.11605904417934262,0.005377527649121893,-0.00855229950337142,-0.08366733793401812,0.015827745241751196,-0.11605904417934262,0.0054735978905546484,-0.00855229950337142,-0.08366733793401812,0.015827745241751196,-0.11605904417934262,0.005377527649121893,-0.00855229950337142,-0.08366733793401812,0.015827745241751196,-0.11605904417934262,0.005377527649121893,-0.001031424299358653,-0.08366733793401812,0.023359062680418183,-0.11605904417934262,0.005377527649121893,-0.008648176021581877,-0.08366733793401812,-0.036812586290535736,0.010411464891340606
-0.05816035782430884,-0.21094017230795326,-0.05904843732989766,-0.12123167462883812,-0.16333918960015917,-0.05816035782430884,-0.21094017230795326,-0.05902733280156595,-0.12123167462883812,-0.16333918960015917,-0.05816035782430884,-0.21094017230795326,-0.05904843732989766,-0.12123167462883812,-0.16333918960015917,-0.05816035782430884,-0.21094017230795326,-0.05904843732989766,-0.04134090490880338,-0.16333918960015917,0.008633240310650476,-0.21094017230795326,-0.05904843732989766,-0.12111682068156573,-0.16333918960015917,-0.11667115328500749,0.01283499642272336
-0.034188661670781724,-0.1688447981529939,-0.07786376816908931,-0.07436132571811903,-0.08190330685383285,-0.034188661670781724,-0.1688447981529939,-0.0777596527951739,-0.07436132571811903,-0.08190330685383285,-0.034188661670781724,-0.1688447981529939,-0.07786376816908931,-0.07436132571811903,-0.08190330685383285,-0.034188661670781724,-0.1688447981529939,-0.07786376816908931,-0.018702060833818868,-0.08190330685383285,0.03055329813897759,-0.1688447981529939,-0.07786376816908931,-0.07429348961132148,-0.08190330685383285,-0.08260944506597247,0.009910389175695481
-0.0034025795408577507,-0.10147529419023003,-0.08386845189067582,-0.036216054300327406,-0.037105483274082314,-0.0034025795408577507,-0.10147529419023003,-0.08383425935520157,-0.036216054300327406,-0.037105483274082314,-0.0034025795408577507,-0.10147529419023003,-0.08386845189067582,-0.036216054300327406,-0.037105483274082314,-0.0034025795408577507,-0.10147529419023003,-0.08386845189067582,0.001819798412927003,-0.037105483274082314,0.05080884416014243,-0.10147529419023003,-0.08386845189067582,-0.03605314443742613,-0.037105483274082314,-0.048715797486729454,0.00804498768033984
0.16116578622881136,0.034236857593891126,0.08807993331895964,0.12646099988849824,0.15540244410378884,0.16116578622881136,0.034236857593891126,0.0880369757329955,0.12646099988849824,0.15540244410378884,0.16116578622881136,0.034236857593891126,0.08807993331895964,0.12646099988849824,0.15540244410378884,0.16116578622881136,0.034236857593891126,0.08807993331895964,0.06907871489722535,0.15540244410378884,0.13642491080059246,0.034236857593891126,0.08807993331895964,0.1267477586234752,0.15540244410378884,0.1097940298559707,0.009227751514002281
0.24087022567930927,0.14800255113427419,0.13346655565333793,0.16158078316720684,0.22671701388435236,0.24087022567930927,0.14800255113427419,0.13350862799740512,0.16158078316720684,0.22671701388435236,0.24087022567930927,0.14800255113427419,0.13346655565333793,0.16158078316720684,0.22671701388435236,0.24087022567930927,0.14800255113427419,0.13346655565333793,0.0814455000092341,0.22671701388435236,0.1706527062781426,0.14800255113427419,0.13346655565333793,0.1618004912187,0.22671701388435236,0.17612378501715295,0.00898280165386735
0.2767765498821197,0.20515588805278906,0.16071418873789253,0.18388027117865569,0.18512143075656948,0.2767765498821197,0.20515588805278906,0.1607035150853507,0.18388027117865569,0.18512143075656948,0.2767765498821197,0.20515588805278906,0.16071418873789253,0.18388027117865569,0.18512143075656948,0.2767765498821197,0.20515588805278906,0.16071418873789253,0.0848574065761385,0.18512143075656948,0.17318144461752405,0.20515588805278906,0.16071418873789253,0.18409152174569993,0.18512143075656948,0.19423297000350087,0.008477503766531827
0.18879872013963853,0.14637484387127822,0.06658846756423292,0.10857476230664936,0.11409851531314666,0.18879872013963853,0.14637484387127822,0.06663920288500985,0.10857476230664936,0.11409851531314666,0.18879872013963853,0.14637484387127822,0.06658846756423292,0.10857476230664936,0.11409851531314666,0.18879872013963853,0.14637484387127822,0.06658846756423292,0.05999836185013645,0.11409851531314666,0.1387249582815855,0.14637484387127822,0.06658846756423292,0.10873070128140042,0.11409851531314666,0.12094932231822764,0.007970213062184102
0.25856162237181834,0.23349308289253481,0.08591674602637264,0.15554096277721513,0.203930555258106,0.25856162237181834,0.23349308289253481,0.08591160410070114,0.15554096277721513,0.203930555258106,0.25856162237181834,0.23349308289253481,0.08591674602637264,0.15554096277721513,0.203930555258106,0.25856162237181834,0.23349308289253481,0.08591674602637264,0.08395238212295261,0.203930555258106,0.19045437295771692,0.23349308289253481,0.08591674602637264,0.15565044032213388,0.203930555258106,0.1819049340872447,0.01226309259433857
0.18218486030587538,0.14241771495908928,0.044381273128923836,0.06760250885241567,0.15297448791024884,0.18218486030587538,0.14241771495908928,0.04444848867606392,0.06760250885241567,0.15297448791024884,0.18218486030587538,0.14241771495908928,0.044381273128923836,0.06760250885241567,0.15297448791024884,0.18218486030587538,0.14241771495908928,0.044381273128923836,0.04190260792857955,0.15297448791024884,0.13150011952113386,0.14241771495908928,0.044381273128923836,0.06746783335335142,0.15297448791024884,0.11485408496489054,0.010270461287996626
0.17227088043359673,0.1482610479458796,0.13228558872669596,0.13389984054719312,0.21666501804184074,0.17227088043359673,0.1482610479458796,0.13224696616326936,0.13389984054719312,0.21666501804184074,0.17227088043359673,0.1482610479458796,0.13228558872669596,0.13389984054719312,0.21666501804184074,0.17227088043359673,0.1482610479458796,0.13228558872669596,0.06885628563960756,0.21666501804184074,0.12930798885503458,0.1482610479458796,0.13228558872669596,0.13398434799984932,0.21666501804184074,0.1563580526751645,0.007106505192649719
0.023020563651792912,0.12260626854273628,-0.04680299928155461,-0.02279871477722133,0.0397592028880041,0.023020563651792912,0.12260626854273628,-0.04679804969619592,-0.02279871477722133,0.0397592028880041,0.023020563651792912,0.12260626854273628,-0.04680299928155461,-0.02279871477722133,0.0397592028880041,0.023020563651792912,0.12260626854273628,-0.04680299928155461,0.01233019229141901,0.0397592028880041,0.05715251908339642,0.12260626854273628,-0.04680299928155461,-0.022611423236056957,0.0397592028880041,0.025934988349822143,0.011422707245872488
-0.17213180055400187,-0.07676599487306364,-0.2728702666022062,-0.2887545885535702,-0.19331836689893603,-0.17213180055400187,-0.07676599487306364,-0.27283288757213375,-0.2887545885535702,-0.19331836689893603,-0.17213180055400187,-0.07676599487306364,-0.2728702666022062,-0.2887545885535702,-0.19331836689893603,-0.17213180055400187,-0.07676599487306364,-0.2728702666022062,-0.09749145432855305,-0.19331836689893603,-0.052087741772132906,-0.07676599487306364,-0.2728702666022062,-0.28874124965706116,-0.19331836689893603,-0.1883138870590169,0.015994559047544828
0.012253391449366229,-0.0032276300855717797,-0.030045668828660364,-0.04410237133815477,0.06412165143442702,0.012253391449366229,-0.0032276300855717797,-0.03013801217106993,-0.04410237133815477,0.06412165143442702,0.012253391449366229,-0.0032276300855717797,-0.030045668828660364,-0.04410237133815477,0.06412165143442702,0.012253391449366229,-0.0032276300855717797,-0.030045668828660364,-0.01169179041201474,0.06412165143442702,0.02048988120136617,-0.0032276300855717797,-0.030045668828660364,-0.04410261978420286,0.06412165143442702,0.0014220536818685603,0.007234101481919311
0.14429891600087505,0.14868250958893225,0.12443932465581267,0.1019088867510714,0.2119761061886522,0.14429891600087505,0.14868250958893225,0.12450908034278795,0.1019088867510714,0.2119761061886522,0.14429891600087505,0.14868250958893225,0.12443932465581267,0.1019088867510714,0.2119761061886522,0.14429891600087505,0.14868250958893225,0.12443932465581267,0.04201203326634079,0.2119761061886522,0.0821685446058048,0.14868250958893225,0.12443932465581267,0.10188101361281929,0.2119761061886522,0.1413817349438256,0.008436769694423467
0.28743384365622054,0.2713155505945878,0.1740403448329539,0.18363662803053252,0.34777589987920543,0.28743384365622054,0.2713155505945878,0.17406898090885986,0.18363662803053252,0.34777589987920543,0.28743384365622054,0.2713155505945878,0.1740403448329539,0.18363662803053252,0.34777589987920543,0.28743384365622054,0.2713155505945878,0.1740403448329539,0.09032051460136646,0.34777589987920543,0.16849836948560123,0.2713155505945878,0.1740403448329539,0.1837490635661769,0.34777589987920543,0.24435603275917062,0.014329514257800725
-0.016301508904643675,-0.08740006676374117,-0.1080583258168239,-0.09215135765593459,0.04903011650560772,-0.016301508904643675,-0.08740006676374117,-0.10795269111674986,-0.09215135765593459,0.04903011650560772,-0.016301508904643675,-0.08740006676374117,-0.1080583258168239,-0.09215135765593459,0.04903011650560772,-0.016301508904643675,-0.08740006676374117,-0.1080583258168239,-0.03700074012465432,0.04903011650560772,-0.013234261773198181,-0.08740006676374117,-0.1080583258168239,-0.09188920819417219,0.04903011650560772,-0.04863280257412463,0.011500600346364331
-0.030502785695703333,-0.03898705227442329,-0.08911382994289709,-0.1003796650570721,0.0812840977224144,-0.030502785695703333,-0.03898705227442329,-0.08906921844368508,-0.1003796650570721,0.0812840977224144,-0.030502785695703333,-0.03898705227442329,-0.08911382994289709,-0.1003796650570721,0.0812840977224144,-0.030502785695703333,-0.03898705227442329,-0.08911382994289709,-0.02973765348186057,0.0812840977224144,-0.006628602120630349,-0.03898705227442329,-0.08911382994289709,-0.10017935120798455,0.0812840977224144,-0.03174940222959292,0.012406410553415638
0.11676495466004772,0.09303462966706667,0.0549992350656957,0.0006229616743928468,0.2958722199812585,0.11676495466004772,0.09303462966706667,0.055158549007426075,0.0006229616743928468,0.2958722199812585,0.11676495466004772,0.09303462966706667,0.0549992350656957,0.0006229616743928468,0.2958722199812585,0.11676495466004772,0.09303462966706667,0.0549992350656957,0.02032369636967936,0.2958722199812585,0.08830598642074498,0.09303462966706667,0.0549992350656957,0.0007252857593779306,0.2958722199812585,0.1119189363890003,0.01944316743626259
-0.029990131859661526,-0.11639296607627003,-0.10212253934749178,-0.20326286771260352,0.04357301612686688,-0.029990131859661526,-0.11639296607627003,-0.10210054515649199,-0.20326286771260352,0.04357301612686688,-0.029990131859661526,-0.11639296607627003,-0.10212253934749178,-0.20326286771260352,0.04357301612686688,-0.029990131859661526,-0.11639296607627003,-0.10212253934749178,-0.06783745106986509,0.04357301612686688,-0.019203242861193428,-0.11639296607627003,-0.10212253934749178,-0.20314778345772033,0.04357301612686688,-0.07578512241034842,0.015668210044134497
-0.10144438857297793,-0.08413887352774485,-0.18483011478748126,-0.2628815358479743,0.019320441612610765,-0.10144438857297793,-0.08413887352774485,-0.18472748302648406,-0.2628815358479743,0.019320441612610765,-0.10144438857297793,-0.08413887352774485,-0.18483011478748126,-0.2628815358479743,0.019320441612610765,-0.10144438857297793,-0.08413887352774485,-0.18483011478748126,-0.07564376209897937,0.019320441612610765,-0.030403360120257412,-0.08413887352774485,-0.18483011478748126,-0.2631459781625739,0.019320441612610765,-0.11247021455878899,0.018236626593867947
0.016166825922705786,0.04761582064812842,-0.044674429603751314,-0.07551365375215148,0.14836016204806998,0.016166825922705786,0.04761582064812842,-0.04479181401319125,-0.07551365375215148,0.14836016204806998,0.016166825922705786,0.04761582064812842,-0.044674429603751314,-0.07551365375215148,0.14836016204806998,0.016166825922705786,0.04761582064812842,-0.044674429603751314,-0.014915135183277719,0.14836016204806998,0.03126454601487108,0.04761582064812842,-0.044674429603751314,-0.075439546383909,0.14836016204806998,0.02141706351739394,0.014933480160133473
-0.2532174236191143,-0.1929999696400029,-0.20715584368141193,-0.2006477714597515,0.05289324464021257,-0.2532174236191143,-0.1929999696400029,-0.20734657914622392,-0.2006477714597515,0.05289324464021257,-0.2532174236191143,-0.1929999696400029,-0.20715584368141193,-0.2006477714597515,0.05289324464021257,-0.2532174236191143,-0.1929999696400029,-0.20715584368141193,-0.08218712387179432,0.05289324464021257,-0.13852107220999765,-0.1929999696400029,-0.20715584368141193,-0.20033029442685835,0.05289324464021257,-0.15089420312940743,0.02108530510823687
-0.241212556008116,-0.17586016330106202,-0.12167873821569414,-0.18715152800558035,0.035091991960508336,-0.241212556008116,-0.17586016330106202,-0.12174677540766964,-0.18715152800558035,0.035091991960508336,-0.241212556008116,-0.17586016330106202,-0.12167873821569414,-0.18715152800558035,0.035091991960508336,-0.241212556008116,-0.17586016330106202,-0.12167873821569414,-0.075511796378948,0.035091991960508336,-0.13968642858685437,-0.17586016330106202,-0.12167873821569414,-0.1867828329363037,0.035091991960508336,-0.129623538036981,0.018089225497667314
-0.06581393760475635,-0.0024644423263298163,0.029090146856225664,-0.020839816568704355,0.13634360481652266,-0.06581393760475635,-0.0024644423263298163,0.028961583953542158,-0.020839816568704355,0.13634360481652266,-0.06581393760475635,-0.0024644423263298163,0.029090146856225664,-0.020839816568704355,0.13634360481652266,-0.06581393760475635,-0.0024644423263298163,0.029090146856225664,0.007696424499131455,0.13634360481652266,-0.01944934913059866,-0.0024644423263298163,0.029090146856225664,-0.02062733469857394,0.13634360481652266,0.01826250097496918,0.012911282906597654
-0.2246332217117248,-0.13847553720942332,-0.15859713080358973,-0.23354678288522296,-0.12802682938815074,-0.2246332217117248,-0.13847553720942332,-0.15863271198841652,-0.23354678288522296,-0.12802682938815074,-0.2246332217117248,-0.13847553720942332,-0.15859713080358973,-0.23354678288522296,-0.12802682938815074,-0.2246332217117248,-0.13847553720942332,-0.15859713080358973,-0.08819430152133974,-0.12802682938815074,-0.13228749683030214,-0.13847553720942332,-0.15859713080358973,-0.2333386757051766,-0.12802682938815074,-0.1671410711100013,0.008805820072782635
-0.21917619862335602,-0.1482374150350043,-0.20046750852504638,-0.28181129431206786,-0.22829336791875782,-0.21917619862335602,-0.1482374150350043,-0.20030963828201034,-0.28181129431206786,-0.22829336791875782,-0.21917619862335602,-0.1482374150350043,-0.20046750852504638,-0.28181129431206786,-0.22829336791875782,-0.21917619862335602,-0.1482374150350043,-0.20046750852504638,-0.12184360904779724,-0.22829336791875782,-0.14500358499245863,-0.1482374150350043,-0.20046750852504638,-0.28200905062412296,-0.22829336791875782,-0.2062331403698005,0.009100950923559406
-0.10165732824388594,-0.062433545734250924,-0.06440086172121576,-0.14849885609005728,-0.08224194645205689,-0.10165732824388594,-0.062433545734250924,-0.064414594936429,-0.14849885609005728,-0.08224194645205689,-0.10165732824388594,-0.062433545734250924,-0.06440086172121576,-0.14849885609005728,-0.08224194645205689,-0.10165732824388594,-0.062433545734250924,-0.06440086172121576,-0.07419100455432118,-0.08224194645205689,-0.08484244282568151,-0.062433545734250924,-0.06440086172121576,-0.14842613322135817,-0.08224194645205689,-0.08819923858399631,0.0057906225765823344
0.07814968809353966,0.06616848743106,0.1330173534198091,0.08262438802510685,0.03962351236592453,0.07814968809353966,0.06616848743106,0.1327356160193688,0.08262438802510685,0.03962351236592453,0.07814968809353966,0.06616848743106,0.1330173534198091,0.08262438802510685,0.03962351236592453,0.07814968809353966,0.06616848743106,0.1330173534198091,0.01450294688862406,0.03962351236592453,0.002741562778188856,0.06616848743106,0.1330173534198091,0.08294127485700574,0.03962351236592453,0.07417690918627302,0.007080448713949985
0.17330300765857815,0.16384788689794552,0.15057582397995598,0.21614116524538016,0.29945842202835043,0.17330300765857815,0.16384788689794552,0.15043599455279996,0.21614116524538016,0.29945842202835043,0.17330300765857815,0.16384788689794552,0.15057582397995598,0.21614116524538016,0.29945842202835043,0.17330300765857815,0.16384788689794552,0.15057582397995598,0.08872109739342171,0.29945842202835043,0.09272704159637339,0.16384788689794552,0.15057582397995598,0.21612409657808979,0.29945842202835043,0.19233914388169768,0.012059986726816392
-0.04159277052727782,0.0657415269957721,0.04216100988487595,0.08930194210377866,0.15454314896988183,-0.04159277052727782,0.0657415269957721,0.04213264156510775,0.08930194210377866,0.15454314896988183,-0.04159277052727782,0.0657415269957721,0.04216100988487595,0.08930194210377866,0.15454314896988183,-0.04159277052727782,0.0657415269957721,0.04216100988487595,0.03686421490878367,0.15454314896988183,-0.0032552287650967474,0.0657415269957721,0.04216100988487595,0.08928735981020458,0.15454314896988183,0.06146524604355991,0.012130683369540178
0.1584216769679841,0.21333745893819603,0.31416601770912617,0.25698500822902376,0.3280440845723383,0.1584216769679841,0.21333745893819603,0.3142809546439347,0.25698500822902376,0.3280440845723383,0.1584216769679841,0.21333745893819603,0.31416601770912617,0.25698500822902376,0.3280440845723383,0.1584216769679841,0.21333745893819603,0.31416601770912617,0.10911808603548982,0.3280440845723383,0.0928793196110568,0.21333745893819603,0.31416601770912617,0.25732882951447944,0.3280440845723383,0.24567282843012578,0.014442949252218684
-0.005484738704710349,-0.05613902952866484,0.07371351279229875,0.0678305023449981,0.07566349530115306,-0.005484738704710349,-0.05613902952866484,0.0734770710179517,0.0678305023449981,0.07566349530115306,-0.005484738704710349,-0.05613902952866484,0.07371351279229875,0.0678305023449981,0.07566349530115306,-0.005484738704710349,-0.05613902952866484,0.07371351279229875,0.02201104133862817,0.07566349530115306,-0.0018154921932256587,-0.05613902952866484,0.07371351279229875,0.06832464164409503,0.07566349530115306,0.029441047762209526,0.010297594975451555
-0.12395042038878967,-0.2731741462220524,-0.04423441731089366,-0.0748071775468246,-0.061604024235408165,-0.12395042038878967,-0.2731741462220524,-0.04438149383183184,-0.0748071775468246,-0.061604024235408165,-0.12395042038878967,-0.2731741462220524,-0.04423441731089366,-0.0748071775468246,-0.061604024235408165,-0.12395042038878967,-0.2731741462220524,-0.04423441731089366,-0.03690889263733036,-0.061604024235408165,-0.07787251893443158,-0.2731741462220524,-0.04423441731089366,-0.07453415581783446,-0.061604024235408165,-0.11218995187791751,0.016569321661327446
0.18959671539451284,0.2525718343226223,0.28925752299451524,0.22424881243967637,0.2884681416719225,0.18959671539451284,0.2525718343226223,0.28940110329957963,0.22424881243967637,0.2884681416719225,0.18959671539451284,0.2525718343226223,0.28925752299451524,0.22424881243967637,0.2884681416719225,0.18959671539451284,0.2525718343226223,0.28925752299451524,0.11604953830597811,0.2884681416719225,0.13722818667380757,0.2525718343226223,0.28925752299451524,0.22405494939755943,0.2884681416719225,0.24240388194099158,0.009736809404175296
0.20776769304198964,0.30162782015507494,0.21298048905649838,0.15755225374809456,0.19844907707639195,0.20776769304198964,0.30162782015507494,0.21315761797005248,0.15755225374809456,0.19844907707639195,0.20776769304198964,0.30162782015507494,0.21298048905649838,0.15755225374809456,0.19844907707639195,0.20776769304198964,0.30162782015507494,0.21298048905649838,0.1001007950721419,0.19844907707639195,0.16029710766318686,0.30162782015507494,0.21298048905649838,0.15715280786499888,0.19844907707639195,0.21146969217463799,0.01024696425386555
-0.19894175506953835,0.03885902781156357,-0.08083002603230338,-0.084562100613787,-0.11683418482374869,-0.19894175506953835,0.03885902781156357,-0.0806459456146527,-0.084562100613787,-0.11683418482374869,-0.19894175506953835,0.03885902781156357,-0.08083002603230338,-0.084562100613787,-0.11683418482374869,-0.19894175506953835,0.03885902781156357,-0.08083002603230338,-0.006740751660983023,-0.11683418482374869,-0.06003634605810706,0.03885902781156357,-0.08083002603230338,-0.08478450030347232,-0.11683418482374869,-0.07979427019787474,0.01466878434954205
-0.024510736948245272,0.02871547723175614,-0.09921284747659521,-0.072971723785342,0.026641378877132343,-0.024510736948245272,0.02871547723175614,-0.09910294625064754,-0.072971723785342,0.026641378877132343,-0.024510736948245272,0.02871547723175614,-0.09921284747659521,-0.072971723785342,0.026641378877132343,-0.024510736948245272,0.02871547723175614,-0.09921284747659521,-0.014077650404496107,0.026641378877132343,0.005922405978068904,0.02871547723175614,-0.09921284747659521,-0.07252905384848803,0.026641378877132343,-0.024672498921460333,0.01003984331078506
-0.07408916537403142,0.020262455170687737,0.00647087767626961,-0.12799513232144336,-0.00361402565183073,-0.07408916537403142,0.020262455170687737,0.0063779847000428585,-0.12799513232144336,-0.00361402565183073,-0.07408916537403142,0.020262455170687737,0.00647087767626961,-0.12799513232144336,-0.00361402565183073,-0.07408916537403142,0.020262455170687737,0.00647087767626961,-0.03395735736914606,-0.00361402565183073,-0.01662421795644527,0.020262455170687737,0.00647087767626961,-0.12726076421886645,-0.00361402565183073,-0.029707230200220293,0.010302588858367363
0.008525518220063512,0.09278445544969097,0.06179731643318735,-0.0109405377315737,0.06665185564862826,0.008525518220063512,0.09278445544969097,0.061885057098150155,-0.0109405377315737,0.06665185564862826,0.008525518220063512,0.09278445544969097,0.06179731643318735,-0.0109405377315737,0.06665185564862826,0.008525518220063512,0.09278445544969097,0.06179731643318735,0.029880366665661476,0.06665185564862826,0.0530383723021418,0.09278445544969097,0.06179731643318735,-0.010486482924034788,0.06665185564862826,0.047198743762071886,0.007139831815933455
0.026421868619755623,0.06809245295427398,-0.08523203675362169,-0.06200557546860446,0.07326712984408508,0.026421868619755623,0.06809245295427398,-0.0849472595448723,-0.06200557546860446,0.07326712984408508,0.026421868619755623,0.06809245295427398,-0.08523203675362169,-0.06200557546860446,0.07326712984408508,0.026421868619755623,0.06809245295427398,-0.08523203675362169,0.021751911063160413,0.07326712984408508,0.07970014983928976,0.06809245295427398,-0.08523203675362169,-0.06188225978104316,0.07326712984408508,0.009606522265082094,0.012947906641773844
-0.188942799522799,0.003232014802961108,-0.24874013053236993,-0.17112269744899436,-0.11677816154726464,-0.188942799522799,0.003232014802961108,-0.2485055890438919,-0.17112269744899436,-0.11677816154726464,-0.188942799522799,0.003232014802961108,-0.24874013053236993,-0.17112269744899436,-0.11677816154726464,-0.188942799522799,0.003232014802961108,-0.24874013053236993,-0.0469331990751179,-0.11677816154726464,-0.08147518689430922,0.003232014802961108,-0.24874013053236993,-0.17116230830112347,-0.11677816154726464,-0.13519627318414473,0.017066056337016366
-0.15192449570964914,-0.010655741771072503,-0.11357451464107647,-0.11881208791835864,-0.0652964036592476,-0.15192449570964914,-0.010655741771072503,-0.11351028594736412,-0.11881208791835864,-0.0652964036592476,-0.15192449570964914,-0.010655741771072503,-0.11357451464107647,-0.11881208791835864,-0.0652964036592476,-0.15192449570964914,-0.010655741771072503,-0.11357451464107647,-0.028227308181558435,-0.0652964036592476,-0.0533177485095437,-0.010655741771072503,-0.11357451464107647,-0.11889928727705326,-0.0652964036592476,-0.08448590648900392,0.009637277982832619
-0.1652402547054461,-0.18493648157602313,-0.2743820701876768,-0.26446600108401563,-0.19366666709731495,-0.1652402547054461,-0.18493648157602313,-0.27431837817897625,-0.26446600108401563,-0.19366666709731495,-0.1652402547054461,-0.18493648157602313,-0.2743820701876768,-0.26446600108401563,-0.19366666709731495,-0.1652402547054461,-0.18493648157602313,-0.2743820701876768,-0.10844677860326121,-0.19366666709731495,-0.09056587598914491,-0.18493648157602313,-0.2743820701876768,-0.2643711783471163,-0.19366666709731495,-0.20730421029238907,0.010337186863918168
0.1388160117858134,0.11729554538659946,0.1381861187940777,0.06419240087654184,0.21217070173980024,0.1388160117858134,0.11729554538659946,0.1382668413095948,0.06419240087654184,0.21217070173980024,0.1388160117858134,0.11729554538659946,0.1381861187940777,0.06419240087654184,0.21217070173980024,0.1388160117858134,0.11729554538659946,0.1381861187940777,0.04566854939315671,0.21217070173980024,0.11126092662942007,0.11729554538659946,0.1381861187940777,0.06427875150126341,0.21217070173980024,0.13229568117658494,0.009596218123930227
-0.4778287233441308,-0.3715263929263891,-0.3833887707977536,-0.4554488196487422,-0.34110544257518416,-0.4778287233441308,-0.3715263929263891,-0.38337149356765005,-0.4554488196487422,-0.34110544257518416,-0.4778287233441308,-0.3715263929263891,-0.3833887707977536,-0.4554488196487422,-0.34110544257518416,-0.4778287233441308,-0.3715263929263891,-0.3833887707977536,-0.16776777435759416,-0.34110544257518416,-0.2170766108828154,-0.3715263929263891,-0.3833887707977536,-0.45568514567604124,-0.34110544257518416,-0.3839310655002294,0.01469003390123474
-0.7181058680159812,-0.5420680141403118,-0.6664336093217078,-0.6675159100602945,-0.4997486568196146,-0.7181058680159812,-0.5420680141403118,-0.6663846520745719,-0.6675159100602945,-0.4997486568196146,-0.7181058680159812,-0.5420680141403118,-0.6664336093217078,-0.6675159100602945,-0.4997486568196146,-0.7181058680159812,-0.5420680141403118,-0.6664336093217078,-0.24682165399989228,-0.4997486568196146,-0.3183936304348774,-0.5420680141403118,-0.6664336093217078,-0.6676924203278383,-0.4997486568196146,-0.5859632540467381,0.02360761388518169
-0.3021914269006569,-0.07643607759014559,-0.2445816071026962,-0.22136817541839054,-0.18048633576558704,-0.3021914269006569,-0.07643607759014559,-0.24430615226015068,-0.22136817541839054,-0.18048633576558704,-0.3021914269006569,-0.07643607759014559,-0.2445816071026962,-0.22136817541839054,-0.18048633576558704,-0.3021914269006569,-0.07643607759014559,-0.2445816071026962,-0.053058899847266486,-0.18048633576558704,-0.1070976679173579,-0.07643607759014559,-0.2445816071026962,-0.22157594557552363,-0.18048633576558704,-0.19047389578590185,0.015675496643437304
0.4095399265862475,0.4405636116517633,0.4084612646938712,0.4515019449902664,0.4588781206434224,0.4095399265862475,0.4405636116517633,0.40838671772429586,0.4515019449902664,0.4588781206434224,0.4095399265862475,0.4405636116517633,0.4084612646938712,0.4515019449902664,0.4588781206434224,0.4095399265862475,0.4405636116517633,0.4084612646938712,0.23566681867054948,0.4588781206434224,0.2610745775602092,0.4405636116517633,0.4084612646938712,0.45137800349380935,0.4588781206434224,0.41920901516064263,0.010666915738507398
0.2949646241845162,0.20350946157796806,0.2224295739793811,0.23582633765141187,0.3840619324723221,0.2949646241845162,0.20350946157796806,0.22211291026098232,0.23582633765141187,0.3840619324723221,0.2949646241845162,0.20350946157796806,0.2224295739793811,0.23582633765141187,0.3840619324723221,0.2949646241845162,0.20350946157796806,0.2224295739793811,0.11909488309272696,0.3840619324723221,0.16390688914011498,0.20350946157796806,0.2224295739793811,0.23568182966119827,0.3840619324723221,0.258228371520652,0.014477491367532883
-0.028757615417883846,-0.06540141342346227,-0.11061930180867907,-0.05014358967971143,0.037211443253767504,-0.028757615417883846,-0.06540141342346227,-0.110481315163256,-0.05014358967971143,0.037211443253767504,-0.028757615417883846,-0.06540141342346227,-0.11061930180867907,-0.05014358967971143,0.037211443253767504,-0.028757615417883846,-0.06540141342346227,-0.11061930180867907,-0.012209093544418044,0.037211443253767504,-0.013329144145168345,-0.06540141342346227,-0.11061930180867907,-0.05029535420904212,0.037211443253767504,-0.04140812783422978,0.009632036899068712
-0.3942190565069573,-0.22437079535827703,-0.33466273828923826,-0.29731736692354477,-0.28033828233949043,-0.3942190565069573,-0.22437079535827703,-0.3347109425250832,-0.29731736692354477,-0.28033828233949043,-0.3942190565069573,-0.22437079535827703,-0.33466273828923826,-0.29731736692354477,-0.28033828233949043,-0.3942190565069573,-0.22437079535827703,-0.33466273828923826,-0.13969199928748688,-0.28033828233949043,-0.25156783502744323,-0.22437079535827703,-0.33466273828923826,-0.29728617309186545,-0.28033828233949043,-0.2941712647350454,0.012358461604184605
-0.3639754465897114,-0.11321924390684561,-0.20062742917635304,-0.2649059278973782,-0.06273265477493838,-0.3639754465897114,-0.11321924390684561,-0.2005913503141153,-0.2649059278973782,-0.06273265477493838,-0.3639754465897114,-0.11321924390684561,-0.20062742917635304,-0.2649059278973782,-0.06273265477493838,-0.3639754465897114,-0.11321924390684561,-0.20062742917635304,-0.10002515907023751,-0.06273265477493838,-0.18584350086997833,-0.11321924390684561,-0.20062742917635304,-0.26483863024105564,-0.06273265477493838,-0.18736749682642798,0.020094702303918768
-0.37486957040974184,-0.015338259990867688,-0.3319371576093122,-0.21062975587668128,-0.17042674335323324,-0.37486957040974184,-0.015338259990867688,-0.3318756641921283,-0.21062975587668128,-0.17042674335323324,-0.37486957040974184,-0.015338259990867688,-0.3319371576093122,-0.21062975587668128,-0.17042674335323324,-0.37486957040974184,-0.015338259990867688,-0.3319371576093122,-0.08437344246684148,-0.17042674335323324,-0.17552776280011895,-0.015338259990867688,-0.3319371576093122,-0.21071443528655429,-0.17042674335323324,-0.20761730004689632,0.024719427870923752
0.06363856465213864,0.2717510303496043,-0.114755740738367,0.07531538207861131,-0.07575111837500796,0.06363856465213864,0.2717510303496043,-0.11461247810845897,0.07531538207861131,-0.07575111837500796,0.06363856465213864,0.2717510303496043,-0.114755740738367,0.07531538207861131,-0.07575111837500796,0.06363856465213864,0.2717510303496043,-0.114755740738367,0.03706172470185044,-0.07575111837500796,0.044992689799322506,0.2717510303496043,-0.114755740738367,0.07522201275768857,-0.07575111837500796,0.04176563803657219,0.026672069867527928
0.33647646915133006,0.3847347151111724,0.4111060419797083,0.4237261406642302,0.38677735925762646,0.33647646915133006,0.3847347151111724,0.410979589780312,0.4237261406642302,0.38677735925762646,0.33647646915133006,0.3847347151111724,0.4111060419797083,0.4237261406642302,0.38677735925762646,0.33647646915133006,0.3847347151111724,0.4111060419797083,0.15545430401026814,0.38677735925762646,0.14652018642928968,0.3847347151111724,0.4111060419797083,0.4233563900636172,0.38677735925762646,0.370215172345773,0.01375078986657696
0.5131089174169828,0.557745925369673,0.504509711351415,0.49188250892974095,0.45768207561874885,0.5131089174169828,0.557745925369673,0.5045603234201106,0.49188250892974095,0.45768207561874885,0.5131089174169828,0.557745925369673,0.504509711351415,0.49188250892974095,0.45768207561874885,0.5131089174169828,0.557745925369673,0.504509711351415,0.2422338323476525,0.45768207561874885,0.3184239038997692,0.557745925369673,0.504509711351415,0.491408440072151,0.45768207561874885,0.48719554186178426,0.013700220803628933
0.2837809398359591,0.42455760245348045,0.28613485081378115,0.3162329475196388,0.2360870979016032,0.2837809398359591,0.42455760245348045,0.2861664871056646,0.3162329475196388,0.2360870979016032,0.2837809398359591,0.42455760245348045,0.28613485081378115,0.3162329475196388,0.2360870979016032,0.2837809398359591,0.42455760245348045,0.28613485081378115,0.16567547091495846,0.2360870979016032,0.20623937133030054,0.42455760245348045,0.28613485081378115,0.31625080597532557,0.2360870979016032,0.30023670569038174,0.014027291662956217
0.46492394002626636,0.45933183855585047,0.42246356292896653,0.4405228499834146,0.22779700967351876,0.46492394002626636,0.45933183855585047,0.4224663387329448,0.4405228499834146,0.22779700967351876,0.46492394002626636,0.45933183855585047,0.42246356292896653,0.4405228499834146,0.22779700967351876,0.46492394002626636,0.45933183855585047,0.42246356292896653,0.20915842654459835,0.22779700967351876,0.28376244846553406,0.45933183855585047,0.42246356292896653,0.4405621287500259,0.22779700967351876,0.386508485816445,0.019103245022756517
0.2583090017932189,0.37333188516147636,0.41851399299431735,0.3161234808449149,0.20687463767705333,0.2583090017932189,0.37333188516147636,0.4185547375738334,0.3161234808449149,0.20687463767705333,0.2583090017932189,0.37333188516147636,0.41851399299431735,0.3161234808449149,0.20687463767705333,0.2583090017932189,0.37333188516147636,0.41851399299431735,0.15599862397822847,0.20687463767705333,0.18455439655661696,0.37333188516147636,0.41851399299431735,0.31662839183797264,0.20687463767705333,0.3052972474329676,0.016726694828452883
0.07566783094142276,0.13668980087840185,0.027254865136634655,0.010486015696018279,0.13466569994934666,0.07566783094142276,0.13668980087840185,0.027461104422744683,0.010486015696018279,0.13466569994934666,0.07566783094142276,0.13668980087840185,0.027254865136634655,0.010486015696018279,0.13466569994934666,0.07566783094142276,0.13668980087840185,0.027254865136634655,0.03742466337849508,0.13466569994934666,0.09387382836328685,0.13668980087840185,0.027254865136634655,0.010806563038569042,0.13466569994934666,0.07877969978968492,0.01009388181258734
0.2588470279565924,0.19392699739358035,0.27705327793876067,0.20412286198347945,0.1923463111746122,0.2588470279565924,0.19392699739358035,0.2771660947339832,0.20412286198347945,0.1923463111746122,0.2588470279565924,0.19392699739358035,0.27705327793876067,0.20412286198347945,0.1923463111746122,0.2588470279565924,0.19392699739358035,0.27705327793876067,0.12313695457065964,0.1923463111746122,0.20391426807574303,0.19392699739358035,0.27705327793876067,0.20435664108213958,0.1923463111746122,0.2198364124334136,0.007863134155963448
0.16998171593071673,0.030265016351768446,0.13579407118700876,-0.029889987948276516,-0.023391084535160752,0.16998171593071673,0.030265016351768446,0.1358124391648238,-0.029889987948276516,-0.023391084535160752,0.16998171593071673,0.030265016351768446,0.13579407118700876,-0.029889987948276516,-0.023391084535160752,0.16998171593071673,0.030265016351768446,0.13579407118700876,0.011268481772051508,-0.023391084535160752,0.10865000823221958,0.030265016351768446,0.13579407118700876,-0.030465263959861058,-0.023391084535160752,0.055722740356733774,0.015342771666217133
0.42649277206601494,0.2911588414525284,0.44379363760573093,0.42285534202635316,0.37976282513095305,0.42649277206601494,0.2911588414525284,0.44364141417463904,0.42285534202635316,0.37976282513095305,0.42649277206601494,0.2911588414525284,0.44379363760573093,0.42285534202635316,0.37976282513095305,0.42649277206601494,0.2911588414525284,0.44379363760573093,0.1948034313257056,0.37976282513095305,0.2528542602515374,0.2911588414525284,0.44379363760573093,0.4224276619496748,0.37976282513095305,0.37672187061540036,0.01391977534792777
0.5876582922190661,0.421950797155453,0.5941143244630462,0.5422610732241544,0.48664811979171096,0.5876582922190661,0.421950797155453,0.5942332545712806,0.5422610732241544,0.48664811979171096,0.5876582922190661,0.421950797155453,0.5941143244630462,0.5422610732241544,0.48664811979171096,0.5876582922190661,0.421950797155453,0.5941143244630462,0.26358428667577577,0.48664811979171096,0.3615254802986695,0.421950797155453,0.5941143244630462,0.5421381845084445,0.48664811979171096,0.5063339790876362,0.016988403761272426
-0.34909916393568,-0.4804251351502605,-0.3144275666861247,-0.2647195508672879,-0.39981098179576613,-0.34909916393568,-0.4804251351502605,-0.3143587167528152,-0.2647195508672879,-0.39981098179576613,-0.34909916393568,-0.4804251351502605,-0.3144275666861247,-0.2647195508672879,-0.39981098179576613,-0.34909916393568,-0.4804251351502605,-0.3144275666861247,-0.10459447589965598,-0.39981098179576613,-0.15826969835007726,-0.4804251351502605,-0.3144275666861247,-0.2647818994669983,-0.39981098179576613,-0.34765803801155054,0.018799428711683698
-0.4548472718253801,-0.5000329044199305,-0.3515958708910061,-0.2896976397644474,-0.43948539359343425,-0.4548472718253801,-0.5000329044199305,-0.3514801904129764,-0.2896976397644474,-0.43948539359343425,-0.4548472718253801,-0.5000329044199305,-0.3515958708910061,-0.2896976397644474,-0.43948539359343425,-0.4548472718253801,-0.5000329044199305,-0.3515958708910061,-0.1317754750895975,-0.43948539359343425,-0.22185629064978976,-0.5000329044199305,-0.3515958708910061,-0.2897499317733657,-0.43948539359343425,-0.39149275472605766,0.018896985962892982
-0.2857679205590258,-0.47125271515774253,-0.21494376214164204,-0.20764819939080562,-0.20980515918896056,-0.2857679205590258,-0.47125271515774253,-0.21477221630270843,-0.20764819939080562,-0.20980515918896056,-0.2857679205590258,-0.47125271515774253,-0.21494376214164204,-0.20764819939080562,-0.20980515918896056,-0.2857679205590258,-0.47125271515774253,-0.21494376214164204,-0.08633127346899139,-0.20980515918896056,-0.11490692406620799,-0.47125271515774253,-0.21494376214164204,-0.20771654479607135,-0.20980515918896056,-0.2661923063737033,0.021830388689511593
0.10456029872884437,-0.18731846575879735,0.1066592745719879,0.10172354986165899,0.009881110265302733,0.10456029872884437,-0.18731846575879735,0.1068210570383728,0.10172354986165899,0.009881110265302733,0.10456029872884437,-0.18731846575879735,0.1066592745719879,0.10172354986165899,0.009881110265302733,0.10456029872884437,-0.18731846575879735,0.1066592745719879,0.017202393141632785,0.009881110265302733,0.018468929440700887,-0.18731846575879735,0.1066592745719879,0.10118259820820345,0.009881110265302733,0.020261485725989722,0.02177616813952914
0.10352583254695619,0.08443902832417832,0.13009448745654612,0.09317518095211307,0.050702730239839885,0.10352583254695619,0.08443902832417832,0.13017334976301356,0.09317518095211307,0.050702730239839885,0.10352583254695619,0.08443902832417832,0.13009448745654612,0.09317518095211307,0.050702730239839885,0.10352583254695619,0.08443902832417832,0.13009448745654612,0.025335491931149708,0.050702730239839885,0.03418705711178366,0.08443902832417832,0.13009448745654612,0.09243644090552498,0.050702730239839885,0.08687391821607646,0.006043485555311085
0.1529078268591232,0.2230606396738324,0.2091675837805289,0.09411140627190935,0.06029243953441454,0.1529078268591232,0.2230606396738324,0.2091267201333357,0.09411140627190935,0.06029243953441454,0.1529078268591232,0.2230606396738324,0.2091675837805289,0.09411140627190935,0.06029243953441454,0.1529078268591232,0.2230606396738324,0.2091675837805289,0.049824142995159526,0.06029243953441454,0.08860815906468902,0.2230606396738324,0.2091675837805289,0.09388733469478305,0.06029243953441454,0.14355390457214157,0.012993732977720841
-0.027673904244887138,-0.11225135462487501,-0.057494567655710524,-0.10996758313791688,-0.025542337705114226,-0.027673904244887138,-0.11225135462487501,-0.05735827954612378,-0.10996758313791688,-0.025542337705114226,-0.027673904244887138,-0.11225135462487501,-0.057494567655710524,-0.10996758313791688,-0.025542337705114226,-0.027673904244887138,-0.11225135462487501,-0.057494567655710524,-0.036883565918400106,-0.025542337705114226,-0.001563930912751315,-0.11225135462487501,-0.057494567655710524,-0.11014052948331396,-0.025542337705114226,-0.06261965618106707,0.007603804270223744
0.17698326446722942,0.12357793569304847,0.07009738626063267,0.10335209669311786,0.038521156276184,0.17698326446722942,0.12357793569304847,0.07034717206463821,0.10335209669311786,0.038521156276184,0.17698326446722942,0.12357793569304847,0.07009738626063267,0.10335209669311786,0.038521156276184,0.17698326446722942,0.12357793569304847,0.07009738626063267,0.030586431833248873,0.038521156276184,0.06110004208101567,0.12357793569304847,0.07009738626063267,0.1027592956189215,0.038521156276184,0.09494669177739151,0.009246526108365244
0.48926037936901934,0.36618752209071953,0.3812573056724326,0.31820652614925926,0.2968824598703696,0.48926037936901934,0.36618752209071953,0.3814941740862017,0.31820652614925926,0.2968824598703696,0.48926037936901934,0.36618752209071953,0.3812573056724326,0.31820652614925926,0.2968824598703696,0.48926037936901934,0.36618752209071953,0.3812573056724326,0.13118003929789634,0.2968824598703696,0.2530422329380901,0.36618752209071953,0.3812573056724326,0.3181170610092695,0.2968824598703696,0.3534349494300195,0.015636659390335966
0.6366765530744373,0.38369157833020595,0.5780526458131809,0.6526090344902793,0.4523559538126614,0.6366765530744373,0.38369157833020595,0.5781054716271333,0.6526090344902793,0.4523559538126614,0.6366765530744373,0.38369157833020595,0.5780526458131809,0.6526090344902793,0.4523559538126614,0.6366765530744373,0.38369157833020595,0.5780526458131809,0.22981160355081032,0.4523559538126614,0.32611575284268574,0.38369157833020595,0.5780526458131809,0.6528428600109859,0.4523559538126614,0.5113542899106904,0.024096704640214874
0.46166973168655634,0.1509739963844295,0.4107824712400468,0.515692049254449,0.35811350314295487,0.46166973168655634,0.1509739963844295,0.4107780132573759,0.515692049254449,0.35811350314295487,0.46166973168655634,0.1509739963844295,0.4107824712400468,0.515692049254449,0.35811350314295487,0.46166973168655634,0.1509739963844295,0.4107824712400468,0.18274312702962495,0.35811350314295487,0.26309655314521385,0.1509739963844295,0.4107824712400468,0.5157710907064108,0.35811350314295487,0.35818844964981233,0.025128311838043246
0.3338671472397794,0.04680495981554825,0.09414459775503978,0.25667541017013196,0.11539693299882732,0.3338671472397794,0.04680495981554825,0.09404602550421763,0.25667541017013196,0.11539693299882732,0.3338671472397794,0.04680495981554825,0.09414459775503978,0.25667541017013196,0.11539693299882732,0.3338671472397794,0.04680495981554825,0.09414459775503978,0.11035708068315962,0.11539693299882732,0.2054169813084215,0.04680495981554825,0.09414459775503978,0.25662865633207377,0.11539693299882732,0.1583812567355769,0.019940938612062118
0.24018234102177613,-0.05800818025880094,-0.06706597543022262,0.06708244525319755,-0.1347440540402373,0.24018234102177613,-0.05800818025880094,-0.06715641923437098,0.06708244525319755,-0.1347440540402373,0.24018234102177613,-0.05800818025880094,-0.06706597543022262,0.06708244525319755,-0.1347440540402373,0.24018234102177613,-0.05800818025880094,-0.06706597543022262,0.03179871159268561,-0.1347440540402373,0.13661255708465575,-0.05800818025880094,-0.06706597543022262,0.06728191799889953,-0.1347440540402373,0.003939535762899419,0.024750114472339272
0.35146155996741857,0.250202319642684,0.33696832798872256,0.22636971514868637,0.1823306045443308,0.35146155996741857,0.250202319642684,0.33694115690854404,0.22636971514868637,0.1823306045443308,0.35146155996741857,0.250202319642684,0.33696832798872256,0.22636971514868637,0.1823306045443308,0.35146155996741857,0.250202319642684,0.33696832798872256,0.10613229945232149,0.1823306045443308,0.22296465837111626,0.250202319642684,0.33696832798872256,0.22616140211619287,0.1823306045443308,0.2595077134021549,0.01377281699436225
0.026830948914581446,0.06951496663476739,-0.031289182166522496,0.003974392064645358,-0.0836904777516727,0.026830948914581446,0.06951496663476739,-0.03126205894828166,0.003974392064645358,-0.0836904777516727,0.026830948914581446,0.06951496663476739,-0.031289182166522496,0.003974392064645358,-0.0836904777516727,0.026830948914581446,0.06951496663476739,-0.031289182166522496,0.022777676526791874,-0.0836904777516727,0.07321906787198311,0.06951496663476739,-0.031289182166522496,0.0033405500717766435,-0.0836904777516727,-0.00034848307504338813,0.01058957874094127
0.14331215463540167,-0.03888663414794103,0.03341942740133325,0.3011635087872827,-0.02049625686239332,0.14331215463540167,-0.03888663414794103,0.03347164684968567,0.3011635087872827,-0.02049625686239332,0.14331215463540167,-0.03888663414794103,0.03341942740133325,0.3011635087872827,-0.02049625686239332,0.14331215463540167,-0.03888663414794103,0.03341942740133325,0.10446016136403716,-0.02049625686239332,0.07794391844028142,-0.03888663414794103,0.03341942740133325,0.30096818719235596,-0.02049625686239332,0.07321385253213905,0.0229736743676787
0.15590495280334077,-0.013935576489906606,-0.0934198837446555,0.06374909660238044,-0.06307269881429979,0.15590495280334077,-0.013935576489906606,-0.09338905919099398,0.06374909660238044,-0.06307269881429979,0.15590495280334077,-0.013935576489906606,-0.0934198837446555,0.06374909660238044,-0.06307269881429979,0.15590495280334077,-0.013935576489906606,-0.0934198837446555,0.023622592612375058,-0.06307269881429979,0.10165390857816554,-0.013935576489906606,-0.0934198837446555,0.06424386834433383,-0.06307269881429979,0.006091099994589233,0.01700683046356387
0.10108221827696942,0.1318987202770459,0.06356311468291068,0.06860999625598231,-0.07202555568008275,0.10108221827696942,0.1318987202770459,0.06377323986982579,0.06860999625598231,-0.07202555568008275,0.10108221827696942,0.1318987202770459,0.06356311468291068,0.06860999625598231,-0.07202555568008275,0.10108221827696942,0.1318987202770459,0.06356311468291068,0.029156254410605747,-0.07202555568008275,0.024136731641943247,0.1318987202770459,0.06356311468291068,0.06851420156467136,-0.07202555568008275,0.053974302843173165,0.0136686927239081
0.5084700387448964,0.3543639744471906,0.38886506493821804,0.37880424585470246,0.28360201914204947,0.5084700387448964,0.3543639744471906,0.3892178378977453,0.37880424585470246,0.28360201914204947,0.5084700387448964,0.3543639744471906,0.38886506493821804,0.37880424585470246,0.28360201914204947,0.5084700387448964,0.3543639744471906,0.38886506493821804,0.16826871676201913,0.28360201914204947,0.2782508847596692,0.3543639744471906,0.38886506493821804,0.37825854520951224,0.28360201914204947,0.36518316419486846,0.01597441643957263
0.43187584606559926,0.32122366826854176,0.4436127157828581,0.591946901075086,0.4197761293845566,0.43187584606559926,0.32122366826854176,0.44371789920520205,0.591946901075086,0.4197761293845566,0.43187584606559926,0.32122366826854176,0.4436127157828581,0.591946901075086,0.4197761293845566,0.43187584606559926,0.32122366826854176,0.4436127157828581,0.22143654867225263,0.4197761293845566,0.2087682576564947,0.32122366826854176,0.4436127157828581,0.5919982190210014,0.4197761293845566,0.41794859453758126,0.019781991671992228
0.08013029195600752,0.08754368823819719,0.07871762588693697,0.29181469813939775,0.2609137171112139,0.08013029195600752,0.08754368823819719,0.07868615536918395,0.29181469813939775,0.2609137171112139,0.08013029195600752,0.08754368823819719,0.07871762588693697,0.29181469813939775,0.2609137171112139,0.08013029195600752,0.08754368823819719,0.07871762588693697,0.07887512981847308,0.2609137171112139,-0.003949225469582065,0.08754368823819719,0.07871762588693697,0.29203850788260005,0.2609137171112139,0.14795093440550805,0.019018776223485783
-0.13231358670308258,-0.06398915862315263,-0.35104337612177167,-0.09256179525371822,-0.003429519031097413,-0.13231358670308258,-0.06398915862315263,-0.35053390509559323,-0.09256179525371822,-0.003429519031097413,-0.13231358670308258,-0.06398915862315263,-0.35104337612177167,-0.09256179525371822,-0.003429519031097413,-0.13231358670308258,-0.06398915862315263,-0.35104337612177167,-0.06647241767154081,-0.003429519031097413,-0.11240311188878468,-0.06398915862315263,-0.35104337612177167,-0.09257728606331543,-0.003429519031097413,-0.12680773384204225,0.02339233460407843
-0.5195392551448453,-0.3694390653583576,-0.6233090829108171,-0.35612252731411476,-0.3169794141346722,-0.5195392551448453,-0.3694390653583576,-0.6232064766722362,-0.35612252731411476,-0.3169794141346722,-0.5195392551448453,-0.3694390653583576,-0.6233090829108171,-0.35612252731411476,-0.3169794141346722,-0.5195392551448453,-0.3694390653583576,-0.6233090829108171,-0.1734202612352684,-0.3169794141346722,-0.31531913814989243,-0.3694390653583576,-0.6233090829108171,-0.3560473850680073,-0.3169794141346722,-0.4215938637102218,0.024811249811693175
-0.18767919665564825,-0.0965115968836078,-0.06738353716745064,-0.02459858472361951,0.038809704052115125,-0.18767919665564825,-0.0965115968836078,-0.06740751537843812,-0.02459858472361951,0.038809704052115125,-0.18767919665564825,-0.0965115968836078,-0.06738353716745064,-0.02459858472361951,0.038809704052115125,-0.18767919665564825,-0.0965115968836078,-0.06738353716745064,-0.004468326365308421,0.038809704052115125,-0.09086517987826774,-0.0965115968836078,-0.06738353716745064,-0.024258930312932723,0.038809704052115125,-0.0627822442222266,0.01413360573070615
-0.5333604620526092,-0.49171204591450773,-0.6223898317733518,-0.6337086985066096,-0.4420525619415923,-0.5333604620526092,-0.49171204591450773,-0.6224645943716721,-0.6337086985066096,-0.4420525619415923,-0.5333604620526092,-0.49171204591450773,-0.6223898317733518,-0.6337086985066096,-0.4420525619415923,-0.5333604620526092,-0.49171204591450773,-0.6223898317733518,-0.2645353341883765,-0.4420525619415923,-0.28178924226909874,-0.49171204591450773,-0.6223898317733518,-0.6334253514398727,-0.4420525619415923,-0.5198065932949277,0.020045629058907107
-0.016763975946122053,-0.08142182056879191,-0.2629991279638963,-0.10368407895287057,-0.26623893916257446,-0.016763975946122053,-0.08142182056879191,-0.2630096855406336,-0.10368407895287057,-0.26623893916257446,-0.016763975946122053,-0.08142182056879191,-0.2629991279638963,-0.10368407895287057,-0.26623893916257446,-0.016763975946122053,-0.08142182056879191,-0.2629991279638963,-0.05484805719390693,-0.26623893916257446,-0.020506338083509316,-0.08142182056879191,-0.2629991279638963,-0.10394925300826069,-0.26623893916257446,-0.14442887139927307,0.019981867559782093
0.10259982547365373,-0.15074180736116838,0.10175135585075341,0.09191792949274291,-0.1550406580351664,0.10259982547365373,-0.15074180736116838,0.10189855428643843,0.09191792949274291,-0.1550406580351664,0.10259982547365373,-0.15074180736116838,0.10175135585075341,0.09191792949274291,-0.1550406580351664,0.10259982547365373,-0.15074180736116838,0.10175135585075341,-0.014778409469569076,-0.1550406580351664,-0.011397354717202109,-0.15074180736116838,0.10175135585075341,0.09173899716447227,-0.1550406580351664,-0.01073168103766708,0.023499227285428925
0.02130083290480585,-0.014262279304377514,0.04191930289195177,0.020161639240405017,-0.05130699777454397,0.02130083290480585,-0.014262279304377514,0.04177083412440896,0.020161639240405017,-0.05130699777454397,0.02130083290480585,-0.014262279304377514,0.04191930289195177,0.020161639240405017,-0.05130699777454397,0.02130083290480585,-0.014262279304377514,0.04191930289195177,-0.05527466684786696,-0.05130699777454397,-0.10440535251301247,-0.014262279304377514,0.04191930289195177,0.020481615591597325,-0.05130699777454397,-0.004476339765249402,0.007831054270800043
-0.33851777050966997,-0.4777424488544335,-0.47622809939563865,-0.49034496741325834,-0.5411634506014582,-0.33851777050966997,-0.4777424488544335,-0.4762678172492097,-0.49034496741325834,-0.5411634506014582,-0.33851777050966997,-0.4777424488544335,-0.47622809939563865,-0.49034496741325834,-0.5411634506014582,-0.33851777050966997,-0.4777424488544335,-0.47622809939563865,-0.2446152310116123,-0.5411634506014582,-0.26342257532636815,-0.4777424488544335,-0.47622809939563865,-0.49003927516026197,-0.5411634506014582,-0.4519557111155168,0.01673051579858687
0.07674738228755945,-0.1772698977758861,-0.004305349345406343,-0.05088430008190928,-0.18263938786936795,0.07674738228755945,-0.1772698977758861,-0.004172517574394306,-0.05088430008190928,-0.18263938786936795,0.07674738228755945,-0.1772698977758861,-0.004305349345406343,-0.05088430008190928,-0.18263938786936795,0.07674738228755945,-0.1772698977758861,-0.004305349345406343,-0.053409577897250524,-0.18263938786936795,-0.004996388332485829,-0.1772698977758861,-0.004305349345406343,-0.05083826819218399,-0.18263938786936795,-0.07103391794798801,0.018999809108734524
-0.11608718042426155,-0.14355940483536428,-0.09233467228438756,-0.07465848917995213,-0.15286649729656002,-0.11608718042426155,-0.14355940483536428,-0.09257805889526724,-0.07465848917995213,-0.15286649729656002,-0.11608718042426155,-0.14355940483536428,-0.09233467228438756,-0.07465848917995213,-0.15286649729656002,-0.11608718042426155,-0.14355940483536428,-0.09233467228438756,-0.06919315989014868,-0.15286649729656002,-0.12448288643562955,-0.14355940483536428,-0.09233467228438756,-0.07483395903180197,-0.15286649729656002,-0.11603521813147685,0.005879157301522487
-0.022888868281428623,-0.11281459656140069,-0.1266142802669357,-0.10112886726879294,-0.24015840594838736,-0.022888868281428623,-0.11281459656140069,-0.12651037757005246,-0.10112886726879294,-0.24015840594838736,-0.022888868281428623,-0.11281459656140069,-0.1266142802669357,-0.10112886726879294,-0.24015840594838736,-0.022888868281428623,-0.11281459656140069,-0.1266142802669357,-0.042403365422174114,-0.24015840594838736,-0.03452360795638498,-0.11281459656140069,-0.1266142802669357,-0.10188242730501976,-0.24015840594838736,-0.11886335947209632,0.01387193004441289
-0.12937321805889296,-0.25958027071624346,-0.16678725761978894,-0.3328725505650301,-0.44666503080951714,-0.12937321805889296,-0.25958027071624346,-0.16677239690829906,-0.3328725505650301,-0.44666503080951714,-0.12937321805889296,-0.25958027071624346,-0.16678725761978894,-0.3328725505650301,-0.44666503080951714,-0.12937321805889296,-0.25958027071624346,-0.16678725761978894,-0.14072935177026674,-0.44666503080951714,-0.10709388317923886,-0.25958027071624346,-0.16678725761978894,-0.3334851776227594,-0.44666503080951714,-0.2585026748607674,0.023031761922658895
-0.18365637486418712,-0.3356551734520675,-0.205974457245452,-0.3605461003187065,-0.3680727553926167,-0.18365637486418712,-0.3356551734520675,-0.2061747554759386,-0.3605461003187065,-0.3680727553926167,-0.18365637486418712,-0.3356551734520675,-0.205974457245452,-0.3605461003187065,-0.3680727553926167,-0.18365637486418712,-0.3356551734520675,-0.205974457245452,-0.15925231810893822,-0.3680727553926167,-0.1301326352555654,-0.3356551734520675,-0.205974457245452,-0.36069110680380395,-0.3680727553926167,-0.2806020835704937,0.016722828918189495
0.057996325898143825,0.1979803766194705,0.033476134739417074,0.12747792873031918,0.10076359750087942,0.057996325898143825,0.1979803766194705,0.03344393769009976,0.12747792873031918,0.10076359750087942,0.057996325898143825,0.1979803766194705,0.033476134739417074,0.12747792873031918,0.10076359750087942,0.057996325898143825,0.1979803766194705,0.033476134739417074,0.05198055191637365,0.10076359750087942,0.020623115450483998,0.1979803766194705,0.033476134739417074,0.12756717164613962,0.10076359750087942,0.09902633104184191,0.011688274470660396
0.10653242599920557,0.22406958945890956,0.18965422428585557,0.17873701207734113,0.07012134352902102,0.10653242599920557,0.22406958945890956,0.18939179807315654,0.17873701207734113,0.07012134352902102,0.10653242599920557,0.22406958945890956,0.18965422428585557,0.17873701207734113,0.07012134352902102,0.10653242599920557,0.22406958945890956,0.18965422428585557,0.06316889436107787,0.07012134352902102,0.0484454243120625,0.22406958945890956,0.18965422428585557,0.17897374980570746,0.07012134352902102,0.14687568675455703,0.012131310292912022
0.15446625942734288,0.2613970862719647,0.348252143109236,0.27825293715432653,0.2070345207935007,0.15446625942734288,0.2613970862719647,0.348124485554954,0.27825293715432653,0.2070345207935007,0.15446625942734288,0.2613970862719647,0.348252143109236,0.27825293715432653,0.2070345207935007,0.15446625942734288,0.2613970862719647,0.348252143109236,0.1277025186370279,0.2070345207935007,0.10169493306503288,0.2613970862719647,0.348252143109236,0.27813503222675556,0.2070345207935007,0.24173789705681567,0.014307584595682701
-0.15377431063377814,-0.09333999524495958,-0.1460011240683283,-0.119457815339949,-0.15613043147749706,-0.15377431063377814,-0.09333999524495958,-0.14618479471543364,-0.119457815339949,-0.15613043147749706,-0.15377431063377814,-0.09333999524495958,-0.1460011240683283,-0.119457815339949,-0.15613043147749706,-0.15377431063377814,-0.09333999524495958,-0.1460011240683283,-0.07834120430690482,-0.15613043147749706,-0.13623106545084387,-0.09333999524495958,-0.1460011240683283,-0.1196969908003009,-0.15613043147749706,-0.13141125494856154,0.00508057706384464
0.3084418053620483,0.13834945937072982,0.2278998302213353,0.28730174012301957,0.19118575352509087,0.3084418053620483,0.13834945937072982,0.22783353439257423,0.28730174012301957,0.19118575352509087,0.3084418053620483,0.13834945937072982,0.2278998302213353,0.28730174012301957,0.19118575352509087,0.3084418053620483,0.13834945937072982,0.2278998302213353,0.08450032756475022,0.19118575352509087,0.1242643960082363,0.13834945937072982,0.2278998302213353,0.2874278716152593,0.19118575352509087,0.21515895827050063,0.013252507960974718
-0.03241320065272055,-0.1457342548337529,-0.019013805831224518,0.07062579579922221,0.05914313612724374,-0.03241320065272055,-0.1457342548337529,-0.019231559203503047,0.07062579579922221,0.05914313612724374,-0.03241320065272055,-0.1457342548337529,-0.019013805831224518,0.07062579579922221,0.05914313612724374,-0.03241320065272055,-0.1457342548337529,-0.019013805831224518,-0.009657979174893194,0.05914313612724374,-0.045197021642134454,-0.1457342548337529,-0.019013805831224518,0.07097079708384738,0.05914313612724374,-0.017196079800293713,0.014907128588445092
0.0340844435659498,-0.025991626977688864,0.04977921625251676,0.1041297240669281,0.16874542506519769,0.0340844435659498,-0.025991626977688864,0.049519229702109396,0.1041297240669281,0.16874542506519769,0.0340844435659498,-0.025991626977688864,0.04977921625251676,0.1041297240669281,0.16874542506519769,0.0340844435659498,-0.025991626977688864,0.04977921625251676,0.013329454899916065,0.16874542506519769,-0.010205981583646963,-0.025991626977688864,0.04977921625251676,0.10459182634095814,0.16874542506519769,0.06075389325086125,0.013257122600703166
0.02199519224701317,-0.03385456568687903,-0.08359132465241281,-0.020777068562187157,-0.056606378779326415,0.02199519224701317,-0.03385456568687903,-0.0835060912230617,-0.020777068562187157,-0.056606378779326415,0.02199519224701317,-0.03385456568687903,-0.08359132465241281,-0.020777068562187157,-0.056606378779326415,0.02199519224701317,-0.03385456568687903,-0.08359132465241281,-0.016752619732310677,-0.056606378779326415,-0.013750739065910084,-0.03385456568687903,-0.08359132465241281,-0.02039593516166253,-0.056606378779326415,-0.03581703371288529,0.00664712980372074
-0.3596966620538326,-0.2291821153115856,-0.43348782403889774,-0.3871307046305467,-0.41307793967327977,-0.3596966620538326,-0.2291821153115856,-0.4334556271701854,-0.3871307046305467,-0.41307793967327977,-0.3596966620538326,-0.2291821153115856,-0.43348782403889774,-0.3871307046305467,-0.41307793967327977,-0.3596966620538326,-0.2291821153115856,-0.43348782403889774,-0.17931446163725412,-0.41307793967327977,-0.2411497320609648,-0.2291821153115856,-0.43348782403889774,-0.38660370919629494,-0.41307793967327977,-0.3514381545300636,0.016385118683574743
-0.07814537918725348,0.007150351356815551,-0.14117698460613703,-0.034892232533114735,-0.12173677794434114,-0.07814537918725348,0.007150351356815551,-0.14107152653656177,-0.034892232533114735,-0.12173677794434114,-0.07814537918725348,0.007150351356815551,-0.14117698460613703,-0.034892232533114735,-0.12173677794434114,-0.07814537918725348,0.007150351356815551,-0.14117698460613703,-0.03910066607243361,-0.12173677794434114,-0.10806026039146902,0.007150351356815551,-0.14117698460613703,-0.03439249658718613,-0.12173677794434114,-0.0751009294119274,0.010773470501565827
-0.48677776081957547,-0.24884247549849772,-0.36695237219708887,-0.3519649598823371,-0.43804930088423716,-0.48677776081957547,-0.24884247549849772,-0.3669379636483897,-0.3519649598823371,-0.43804930088423716,-0.48677776081957547,-0.24884247549849772,-0.36695237219708887,-0.3519649598823371,-0.43804930088423716,-0.48677776081957547,-0.24884247549849772,-0.36695237219708887,-0.19784642795751592,-0.43804930088423716,-0.3409377993130152,-0.24884247549849772,-0.36695237219708887,-0.35146222352984224,-0.43804930088423716,-0.36649834832304423,0.016762519422493946
-0.47134486598807634,-0.37110479519112494,-0.4858483456736928,-0.33305414835272606,-0.4868223882884886,-0.47134486598807634,-0.37110479519112494,-0.486141116746157,-0.33305414835272606,-0.4868223882884886,-0.47134486598807634,-0.37110479519112494,-0.4858483456736928,-0.33305414835272606,-0.4868223882884886,-0.47134486598807634,-0.37110479519112494,-0.4858483456736928,-0.16710963504164364,-0.4868223882884886,-0.33076820218567243,-0.37110479519112494,-0.4858483456736928,-0.3329438590177281,-0.4868223882884886,-0.41738136088378097,0.01610282553978867
-0.41769556746523273,-0.3370866833438012,-0.5435058494896299,-0.39112810835034767,-0.4341135993289348,-0.41769556746523273,-0.3370866833438012,-0.5435943933784352,-0.39112810835034767,-0.4341135993289348,-0.41769556746523273,-0.3370866833438012,-0.5435058494896299,-0.39112810835034767,-0.4341135993289348,-0.41769556746523273,-0.3370866833438012,-0.5435058494896299,-0.14675766575857857,-0.4341135993289348,-0.21473496991609373,-0.3370866833438012,-0.5435058494896299,-0.39107093429687695,-0.4341135993289348,-0.4068139747833663,0.018706914701238787
-0.11582092408111179,-0.03428368324611018,-0.15550787390639162,-0.08045520194225048,-0.021664090683183045,-0.11582092408111179,-0.03428368324611018,-0.155746216913806,-0.08045520194225048,-0.021664090683183045,-0.11582092408111179,-0.03428368324611018,-0.15550787390639162,-0.08045520194225048,-0.021664090683183045,-0.11582092408111179,-0.03428368324611018,-0.15550787390639162,-0.02369198268061587,-0.021664090683183045,-0.05354426994441307,-0.03428368324611018,-0.15550787390639162,-0.08021917770506014,-0.021664090683183045,-0.07678485258668505,0.009981046526706935
-0.5360050675261986,-0.39908645943261284,-0.431275945754162,-0.40565891971666207,-0.5540431553297309,-0.5360050675261986,-0.39908645943261284,-0.4314225727857485,-0.40565891971666207,-0.5540431553297309,-0.5360050675261986,-0.39908645943261284,-0.431275945754162,-0.40565891971666207,-0.5540431553297309,-0.5360050675261986,-0.39908645943261284,-0.431275945754162,-0.20047175404852982,-0.5540431553297309,-0.35507518947935424,-0.39908645943261284,-0.431275945754162,-0.40545203891236425,-0.5540431553297309,-0.44976681765236576,0.016528642877026396
-0.15567610355678682,-0.11516325811675553,-0.3052463805094704,-0.18521627139813135,-0.3728295618123769,-0.15567610355678682,-0.11516325811675553,-0.3052228096411221,-0.18521627139813135,-0.3728295618123769,-0.15567610355678682,-0.11516325811675553,-0.3052463805094704,-0.18521627139813135,-0.3728295618123769,-0.15567610355678682,-0.11516325811675553,-0.3052463805094704,-0.1142677729991243,-0.3728295618123769,-0.15923792484964844,-0.11516325811675553,-0.3052463805094704,-0.18473362410523614,-0.3728295618123769,-0.22411059926800866,0.019372518165988374
-0.04724394153794398,0.07651617665518202,-0.07805228068120604,-0.031343967046944254,-0.12840327046932687,-0.04724394153794398,0.07651617665518202,-0.07802002199682234,-0.031343967046944254,-0.12840327046932687,-0.04724394153794398,0.07651617665518202,-0.07805228068120604,-0.031343967046944254,-0.12840327046932687,-0.04724394153794398,0.07651617665518202,-0.07805228068120604,-0.019231687987103042,-0.12840327046932687,-0.030021109040156462,0.07651617665518202,-0.07805228068120604,-0.03126585199533565,-0.12840327046932687,-0.04052763720430298,0.013314429444599237
0.3678674726196866,0.44363864754574805,0.28454220644551276,0.4189430814945021,0.19822974992950987,0.3678674726196866,0.44363864754574805,0.2846790787811331,0.4189430814945021,0.19822974992950987,0.3678674726196866,0.44363864754574805,0.28454220644551276,0.4189430814945021,0.19822974992950987,0.3678674726196866,0.44363864754574805,0.28454220644551276,0.17913657799789087,0.19822974992950987,0.21369702550236633,0.44363864754574805,0.28454220644551276,0.4188761745163259,0.19822974992950987,0.3268879521967324,0.01901888694789981
-0.05766629929504721,-0.3251631679430822,-0.24164073067000247,0.09227440373673353,-0.19203327245074042,-0.05766629929504721,-0.3251631679430822,-0.24173139445350056,0.09227440373673353,-0.19203327245074042,-0.05766629929504721,-0.3251631679430822,-0.24164073067000247,0.09227440373673353,-0.19203327245074042,-0.05766629929504721,-0.3251631679430822,-0.24164073067000247,0.007514591973825483,-0.19203327245074042,-0.07493787756843256,-0.3251631679430822,-0.24164073067000247,0.0926435795314058,-0.19203327245074042,-0.14891592844543253,0.027838429563428524
-0.34418262275516825,-0.40237636713716146,-0.39804463996662437,-0.338439115702996,-0.539359898906162,-0.34418262275516825,-0.40237636713716146,-0.39811162602690714,-0.338439115702996,-0.539359898906162,-0.34418262275516825,-0.40237636713716146,-0.39804463996662437,-0.338439115702996,-0.539359898906162,-0.34418262275516825,-0.40237636713716146,-0.39804463996662437,-0.17357632291495137,-0.539359898906162,-0.2724066647359489,-0.40237636713716146,-0.39804463996662437,-0.3382889469728885,-0.539359898906162,-0.3950116515545388,0.017174151084266568
-0.3634549593365874,-0.3693989581114621,-0.2793499355947548,-0.27612159668518205,-0.5202953780545899,-0.3634549593365874,-0.3693989581114621,-0.27931986410144055,-0.27612159668518205,-0.5202953780545899,-0.3634549593365874,-0.3693989581114621,-0.2793499355947548,-0.27612159668518205,-0.5202953780545899,-0.3634549593365874,-0.3693989581114621,-0.2793499355947548,-0.12186236812110546,-0.5202953780545899,-0.20685574656579872,-0.3693989581114621,-0.2793499355947548,-0.2763424482365011,-0.5202953780545899,-0.3492974591054408,0.020263416683084193
-0.28819874765085396,-0.3977013875979765,-0.2792318542794606,-0.2557410617382191,-0.40771621293811877,-0.28819874765085396,-0.3977013875979765,-0.27902742798641966,-0.2557410617382191,-0.40771621293811877,-0.28819874765085396,-0.3977013875979765,-0.2792318542794606,-0.2557410617382191,-0.40771621293811877,-0.28819874765085396,-0.3977013875979765,-0.2792318542794606,-0.11959317346488899,-0.40771621293811877,-0.16824163897034844,-0.3977013875979765,-0.2792318542794606,-0.25595475944089147,-0.40771621293811877,-0.31547402381915757,0.015699152664540663
0.10123485850744895,0.034833825224670205,0.07754894203200093,0.04280704606384383,-0.07610058079631589,0.10123485850744895,0.034833825224670205,0.07729868242285456,0.04280704606384383,-0.07610058079631589,0.10123485850744895,0.034833825224670205,0.07754894203200093,0.04280704606384383,-0.07610058079631589,0.10123485850744895,0.034833825224670205,0.07754894203200093,-0.0021806601934166933,-0.07610058079631589,0.0010681060716436703,0.034833825224670205,0.07754894203200093,0.042859735181599384,-0.07610058079631589,0.030250737038951335,0.011800286858479848
0.1691085307679416,0.051559819168888,0.024380961738691403,0.16306443482771418,0.05800850883375876,0.1691085307679416,0.051559819168888,0.02422849554352028,0.16306443482771418,0.05800850883375876,0.1691085307679416,0.051559819168888,0.024380961738691403,0.16306443482771418,0.05800850883375876,0.1691085307679416,0.051559819168888,0.024380961738691403,0.05559794283533938,0.05800850883375876,0.039852502162906527,0.051559819168888,0.024380961738691403,0.16307912658860746,0.05800850883375876,0.08375003926613127,0.011311328129586176
0.0025793695972535766,-0.05803647212355172,-0.013267044853323182,0.07588053918511375,0.03361010702951227,0.0025793695972535766,-0.05803647212355172,-0.013293232592800243,0.07588053918511375,0.03361010702951227,0.0025793695972535766,-0.05803647212355172,-0.013267044853323182,0.07588053918511375,0.03361010702951227,0.0025793695972535766,-0.05803647212355172,-0.013267044853323182,0.024321294823275396,0.03361010702951227,-0.018601042021050795,-0.05803647212355172,-0.013267044853323182,0.07596968212176322,0.03361010702951227,0.005246231735682128,0.008475407794873267
0.06653638293733968,-0.014320358962349929,0.12568638597502474,0.15325781861826082,0.07420727474871797,0.06653638293733968,-0.014320358962349929,0.12576248937488282,0.15325781861826082,0.07420727474871797,0.06653638293733968,-0.014320358962349929,0.12568638597502474,0.15325781861826082,0.07420727474871797,0.06653638293733968,-0.014320358962349929,0.12568638597502474,0.048034514533122845,0.07420727474871797,-0.0006792878207615634,-0.014320358962349929,0.12568638597502474,0.15330229707156384,0.07420727474871797,0.07418076494379554,0.01136630626550914
0.30427316336504656,0.3038887269912847,0.25996146136997406,0.3935925129050282,0.2382564064240442,0.30427316336504656,0.3038887269912847,0.25995584069296424,0.3935925129050282,0.2382564064240442,0.30427316336504656,0.3038887269912847,0.25996146136997406,0.3935925129050282,0.2382564064240442,0.30427316336504656,0.3038887269912847,0.25996146136997406,0.16137829599871767,0.2382564064240442,0.13963403022853593,0.3038887269912847,0.25996146136997406,0.3934962249063594,0.2382564064240442,0.2841162438623355,0.012457433879874573
0.28339033496596333,0.27324520081366477,0.3916155631515183,0.33747998435832866,0.33885632229372903,0.28339033496596333,0.27324520081366477,0.3916979327372467,0.33747998435832866,0.33885632229372903,0.28339033496596333,0.27324520081366477,0.3916155631515183,0.33747998435832866,0.33885632229372903,0.28339033496596333,0.27324520081366477,0.3916155631515183,0.14361249563938647,0.33885632229372903,0.1485806477903436,0.27324520081366477,0.3916155631515183,0.3373001050766808,0.33885632229372903,0.31176649369302156,0.012633472245311113
-0.06279569691293471,-0.11755762100941033,0.10948695243697094,0.016035598496300273,-0.046690631044176596,-0.06279569691293471,-0.11755762100941033,0.10932955041262109,0.016035598496300273,-0.046690631044176596,-0.06279569691293471,-0.11755762100941033,0.10948695243697094,0.016035598496300273,-0.046690631044176596,-0.06279569691293471,-0.11755762100941033,0.10948695243697094,-0.01763975671770022,-0.046690631044176596,-0.08719407151564938,-0.11755762100941033,0.10948695243697094,0.016111253260531453,-0.046690631044176596,-0.022630498689723444,0.015282782686896925
-0.06386414651495835,0.01065013592107731,0.12065936934618532,0.14598397676695957,0.04073170178333114,-0.06386414651495835,0.01065013592107731,0.12062428584333995,0.14598397676695957,0.04073170178333114,-0.06386414651495835,0.01065013592107731,0.12065936934618532,0.14598397676695957,0.04073170178333114,-0.06386414651495835,0.01065013592107731,0.12065936934618532,0.04886202141870018,0.04073170178333114,-0.0704792534473985,0.01065013592107731,0.12065936934618532,0.14577193428436624,0.04073170178333114,0.04667283992987348,0.014467010074110814
0.010649245680458544,0.04294486341692166,0.14377109000813543,0.0944903044259611,-0.034203596503546485,0.010649245680458544,0.04294486341692166,0.14391912487911743,0.0944903044259611,-0.034203596503546485,0.010649245680458544,0.04294486341692166,0.14377109000813543,0.0944903044259611,-0.034203596503546485,0.010649245680458544,0.04294486341692166,0.14377109000813543,0.02865122655990904,-0.034203596503546485,-0.022222653270664208,0.04294486341692166,0.14377109000813543,0.09438699127978757,-0.034203596503546485,0.04758373120189139,0.012361303846210571
-0.08590468629941438,-0.09097200852591696,0.12934478443006076,0.08160859213623914,-0.06982570618743561,-0.08590468629941438,-0.09097200852591696,0.1292286550724395,0.08160859213623914,-0.06982570618743561,-0.08590468629941438,-0.09097200852591696,0.12934478443006076,0.08160859213623914,-0.06982570618743561,-0.08590468629941438,-0.09097200852591696,0.12934478443006076,-0.010252617184669646,-0.06982570618743561,-0.08905832142885559,-0.09097200852591696,0.12934478443006076,0.08153809955113943,-0.06982570618743561,-0.010957863545016246,0.01799826730073279
-0.12037810283682977,-0.17642840973029514,-0.03512010503697553,-0.06440187418375293,-0.1644541651786642,-0.12037810283682977,-0.17642840973029514,-0.03502376462046268,-0.06440187418375293,-0.1644541651786642,-0.12037810283682977,-0.17642840973029514,-0.03512010503697553,-0.06440187418375293,-0.1644541651786642,-0.12037810283682977,-0.17642840973029514,-0.03512010503697553,-0.05569064094120933,-0.1644541651786642,-0.09109704171022345,-0.17642840973029514,-0.03512010503697553,-0.06446829544059964,-0.1644541651786642,-0.11063564285215087,0.010882422656523987
0.13726306328653817,0.03592441557275257,0.10211406508952751,0.10052811744439244,0.0913692335726191,0.13726306328653817,0.03592441557275257,0.10206682831595236,0.10052811744439244,0.0913692335726191,0.13726306328653817,0.03592441557275257,0.10211406508952751,0.10052811744439244,0.0913692335726191,0.13726306328653817,0.03592441557275257,0.10211406508952751,0.04249217999855194,0.0913692335726191,0.06185063192833262,0.03592441557275257,0.10211406508952751,0.10054838065241986,0.0913692335726191,0.0881007652983822,0.006528165259868313
0.25042014001341345,0.21032826836228383,0.31029712370809553,0.2717215095752238,0.302804449163608,0.25042014001341345,0.21032826836228383,0.310215021948216,0.2717215095752238,0.302804449163608,0.25042014001341345,0.21032826836228383,0.31029712370809553,0.2717215095752238,0.302804449163608,0.25042014001341345,0.21032826836228383,0.31029712370809553,0.11933438686860019,0.302804449163608,0.13922552220012296,0.21032826836228383,0.31029712370809553,0.2713538269137175,0.302804449163608,0.25855303716687295,0.010330492004635393
-0.08115443156810077,-0.16043545133163206,-0.08328082471163024,-0.1260028798759059,-0.0670846174734513,-0.08115443156810077,-0.16043545133163206,-0.08331255410262241,-0.1260028798759059,-0.0670846174734513,-0.08115443156810077,-0.16043545133163206,-0.08328082471163024,-0.1260028798759059,-0.0670846174734513,-0.08115443156810077,-0.16043545133163206,-0.08328082471163024,-0.051532615018143456,-0.0670846174734513,-0.03374404674368498,-0.16043545133163206,-0.08328082471163024,-0.12623612303540657,-0.0670846174734513,-0.09872701390687666,0.0074329574512741374
-0.2758560801811423,-0.20010774127940187,-0.1717135509153317,-0.2519124753438494,-0.23047545108826598,-0.2758560801811423,-0.20010774127940187,-0.17160624777844374,-0.2519124753438494,-0.23047545108826598,-0.2758560801811423,-0.20010774127940187,-0.1717135509153317,-0.2519124753438494,-0.23047545108826598,-0.2758560801811423,-0.20010774127940187,-0.1717135509153317,-0.11479224190003195,-0.23047545108826598,-0.1444875410798293,-0.20010774127940187,-0.1717135509153317,-0.2518576754559739,-0.23047545108826598,-0.2152670247388025,0.008499409846431629
-0.2131428997349074,-0.1946450846134285,-0.22835857958564204,-0.23179206953051334,-0.21068315079892788,-0.2131428997349074,-0.1946450846134285,-0.22822286808469672,-0.23179206953051334,-0.21068315079892788,-0.2131428997349074,-0.1946450846134285,-0.22835857958564204,-0.23179206953051334,-0.21068315079892788,-0.2131428997349074,-0.1946450846134285,-0.22835857958564204,-0.09622140097243652,-0.21068315079892788,-0.10277706937788074,-0.1946450846134285,-0.22835857958564204,-0.23157747814219923,-0.21068315079892788,-0.20587288478050933,0.0066572926438458885
0.07725666894353861,-0.08048543081840019,0.022454233729473087,-0.05925755478580698,-0.01038434400719081,0.07725666894353861,-0.08048543081840019,0.022431658669004387,-0.05925755478580698,-0.01038434400719081,0.07725666894353861,-0.08048543081840019,0.022454233729473087,-0.05925755478580698,-0.01038434400719081,0.07725666894353861,-0.08048543081840019,0.022454233729473087,-0.032284464127612926,-0.01038434400719081,0.027202024572032264,-0.08048543081840019,0.022454233729473087,-0.05930699107424811,-0.01038434400719081,-0.01100942799016614,0.010533956737325087
-0.01377088918890136,-0.09732710060271524,-0.09050639305458774,-0.0610365405186026,0.012179837079387523,-0.01377088918890136,-0.09732710060271524,-0.09056624016061299,-0.0610365405186026,0.012179837079387523,-0.01377088918890136,-0.09732710060271524,-0.09050639305458774,-0.0610365405186026,0.012179837079387523,-0.01377088918890136,-0.09732710060271524,-0.09050639305458774,-0.042208522459681055,0.012179837079387523,-0.024857808329130014,-0.09732710060271524,-0.09050639305458774,-0.06050805493449342,0.012179837079387523,-0.04976382776121281,0.00833501378130593
-0.05313451231836159,-0.15248346986105915,0.008301665587145648,-0.002045949116180191,-0.020152377311012038,-0.05313451231836159,-0.15248346986105915,0.008316076865869437,-0.002045949116180191,-0.020152377311012038,-0.05313451231836159,-0.15248346986105915,0.008301665587145648,-0.002045949116180191,-0.020152377311012038,-0.05313451231836159,-0.15248346986105915,0.008301665587145648,-0.03397329227772578,-0.020152377311012038,-0.062278268749974976,-0.15248346986105915,0.008301665587145648,-0.0019356606676122962,-0.020152377311012038,-0.04554078459852815,0.011308578303119064
-0.2556448062678676,-0.2772379453119343,-0.2062767036596315,-0.22404832675534483,-0.21610343543731508,-0.2556448062678676,-0.2772379453119343,-0.20628921773721987,-0.22404832675534483,-0.21610343543731508,-0.2556448062678676,-0.2772379453119343,-0.2062767036596315,-0.22404832675534483,-0.21610343543731508,-0.2556448062678676,-0.2772379453119343,-0.2062767036596315,-0.12003141876790316,-0.21610343543731508,-0.17357145685286535,-0.2772379453119343,-0.2062767036596315,-0.2239919121148827,-0.21610343543731508,-0.22841687716780598,0.007117007947587256
-0.3482746564485638,-0.2695803583160118,-0.3484424483165961,-0.2726923884216221,-0.42031966927360587,-0.3482746564485638,-0.2695803583160118,-0.3482426774422898,-0.2726923884216221,-0.42031966927360587,-0.3482746564485638,-0.2695803583160118,-0.3484424483165961,-0.2726923884216221,-0.42031966927360587,-0.3482746564485638,-0.2695803583160118,-0.3484424483165961,-0.11176576064656808,-0.42031966927360587,-0.1872103878047217,-0.2695803583160118,-0.3484424483165961,-0.2725064136934401,-0.42031966927360587,-0.31896683847442453,0.014686456958414747
-0.20695065969234291,-0.17226165236043658,-0.17753056265311962,-0.07061157988816119,-0.23188604584326233,-0.20695065969234291,-0.17226165236043658,-0.17721427558102779,-0.07061157988816119,-0.23188604584326233,-0.20695065969234291,-0.17226165236043658,-0.17753056265311962,-0.07061157988816119,-0.23188604584326233,-0.20695065969234291,-0.17226165236043658,-0.17753056265311962,-0.05302265538222228,-0.23188604584326233,-0.13601688868034448,-0.17226165236043658,-0.17753056265311962,-0.07041094360077799,-0.23188604584326233,-0.16828651533236802,0.011040664804371748
-0.4275651682643034,-0.369033839489018,-0.38855118959844615,-0.28999005164419517,-0.35961223799742453,-0.4275651682643034,-0.369033839489018,-0.38844274280987995,-0.28999005164419517,-0.35961223799742453,-0.4275651682643034,-0.369033839489018,-0.38855118959844615,-0.28999005164419517,-0.35961223799742453,-0.4275651682643034,-0.369033839489018,-0.38855118959844615,-0.17783654328709947,-0.35961223799742453,-0.3162991429125634,-0.369033839489018,-0.38855118959844615,-0.28968283604241707,-0.35961223799742453,-0.35799708955471027,0.010910852961376588
-0.5446919838063828,-0.49644719308996166,-0.5505988413514245,-0.46742097603660776,-0.4879400714935043,-0.5446919838063828,-0.49644719308996166,-0.5504840680501731,-0.46742097603660776,-0.4879400714935043,-0.5446919838063828,-0.49644719308996166,-0.5505988413514245,-0.46742097603660776,-0.4879400714935043,-0.5446919838063828,-0.49644719308996166,-0.5505988413514245,-0.24926118940454395,-0.4879400714935043,-0.3799570635821985,-0.49644719308996166,-0.5505988413514245,-0.4670173836655571,-0.4879400714935043,-0.4940832902544343,0.012542023520635758
-0.3211274877744538,-0.2908617596086199,-0.355622516720953,-0.31012180733097794,-0.22222907967660951,-0.3211274877744538,-0.2908617596086199,-0.3553540221973032,-0.31012180733097794,-0.22222907967660951,-0.3211274877744538,-0.2908617596086199,-0.355622516720953,-0.31012180733097794,-0.22222907967660951,-0.3211274877744538,-0.2908617596086199,-0.355622516720953,-0.14696216917113833,-0.22222907967660951,-0.19996759468776076,-0.2908617596086199,-0.355622516720953,-0.310084393467555,-0.22222907967660951,-0.2886075126369787,0.010987791416387362
-0.21618388409843659,-0.07855568009863868,-0.16986804703503397,-0.14316752858550616,-0.10949841671523868,-0.21618388409843659,-0.07855568009863868,-0.16973386530829174,-0.14316752858550616,-0.10949841671523868,-0.21618388409843659,-0.07855568009863868,-0.16986804703503397,-0.14316752858550616,-0.10949841671523868,-0.21618388409843659,-0.07855568009863868,-0.16986804703503397,-0.07141291011214211,-0.10949841671523868,-0.12094925408363912,-0.07855568009863868,-0.16986804703503397,-0.14297663471587788,-0.10949841671523868,-0.13676213834318954,0.00928532189940301
-0.45558739369465684,-0.3230721814049811,-0.3311496080912423,-0.3125412969407221,-0.37230294405667747,-0.45558739369465684,-0.3230721814049811,-0.3309964648609035,-0.3125412969407221,-0.37230294405667747,-0.45558739369465684,-0.3230721814049811,-0.3311496080912423,-0.3125412969407221,-0.37230294405667747,-0.45558739369465684,-0.3230721814049811,-0.3311496080912423,-0.18999671790706252,-0.37230294405667747,-0.30588628473838625,-0.3230721814049811,-0.3311496080912423,-0.3124782554024435,-0.37230294405667747,-0.34803220992731404,0.011472879576120237
-0.30644515607277983,-0.20772258254072912,-0.1586342048191834,-0.22806591915356625,-0.24818842007459607,-0.30644515607277983,-0.20772258254072912,-0.15838031664615448,-0.22806591915356625,-0.24818842007459607,-0.30644515607277983,-0.20772258254072912,-0.1586342048191834,-0.22806591915356625,-0.24818842007459607,-0.30644515607277983,-0.20772258254072912,-0.1586342048191834,-0.14463961439572295,-0.24818842007459607,-0.23125842097977228,-0.20772258254072912,-0.1586342048191834,-0.22821564117390167,-0.24818842007459607,-0.22346256829202915,0.009547176619229967
0.0247185838108023,0.1617313783133345,0.2820763107234779,0.14669777939414913,0.05506680823884146,0.0247185838108023,0.1617313783133345,0.2820875733187003,0.14669777939414913,0.05506680823884146,0.0247185838108023,0.1617313783133345,0.2820763107234779,0.14669777939414913,0.05506680823884146,0.0247185838108023,0.1617313783133345,0.2820763107234779,0.0031901245814366765,0.05506680823884146,-0.05592019257040327,0.1617313783133345,0.2820763107234779,0.14676827336893136,0.05506680823884146,0.12509558511116453,0.019384721355987667
-0.4321052671949242,-0.2594544640630741,-0.2347681405811768,-0.2883734463171523,-0.3689690813551335,-0.4321052671949242,-0.2594544640630741,-0.23443023792855128,-0.2883734463171523,-0.3689690813551335,-0.4321052671949242,-0.2594544640630741,-0.2347681405811768,-0.2883734463171523,-0.3689690813551335,-0.4321052671949242,-0.2594544640630741,-0.2347681405811768,-0.18479813687409477,-0.3689690813551335,-0.31821238035328286,-0.2594544640630741,-0.2347681405811768,-0.2883896282350752,-0.3689690813551335,-0.30802248322151604,0.01444699812175563
-0.3966377293647653,-0.30289186572845245,-0.30672721097652694,-0.30905020491501317,-0.4107313890023071,-0.3966377293647653,-0.30289186572845245,-0.30631044318153433,-0.30905020491501317,-0.4107313890023071,-0.3966377293647653,-0.30289186572845245,-0.30672721097652694,-0.30905020491501317,-0.4107313890023071,-0.3966377293647653,-0.30289186572845245,-0.30672721097652694,-0.18249061784411783,-0.4107313890023071,-0.29690463384203974,-0.30289186572845245,-0.30672721097652694,-0.30896608395330133,-0.4107313890023071,-0.3361359371434,0.011123382146368072
-0.36146362653007985,-0.3617621936054602,-0.35081674133417023,-0.40139816210307117,-0.436197743621364,-0.36146362653007985,-0.3617621936054602,-0.3506456362571086,-0.40139816210307117,-0.436197743621364,-0.36146362653007985,-0.3617621936054602,-0.35081674133417023,-0.40139816210307117,-0.436197743621364,-0.36146362653007985,-0.3617621936054602,-0.35081674133417023,-0.20825958624561075,-0.436197743621364,-0.24550350408906843,-0.3617621936054602,-0.35081674133417023,-0.40113800596890997,-0.436197743621364,-0.3699464950584413,0.010375596356691075
-0.3969420066316203,-0.3998885049979394,-0.24898851533764305,-0.38228454942469053,-0.2860067347884361,-0.3969420066316203,-0.3998885049979394,-0.24918957338586928,-0.38228454942469053,-0.2860067347884361,-0.3969420066316203,-0.3998885049979394,-0.24898851533764305,-0.38228454942469053,-0.2860067347884361,-0.3969420066316203,-0.3998885049979394,-0.24898851533764305,-0.20559811408461837,-0.2860067347884361,-0.2739974768343604,-0.3998885049979394,-0.24898851533764305,-0.38182637341947434,-0.2860067347884361,-0.3308265389122931,0.013259990554774649
-0.30250174511437905,-0.2565767221336581,-0.2273084598640871,-0.22728213911754233,-0.22133840354972176,-0.30250174511437905,-0.2565767221336581,-0.22716116999138078,-0.22728213911754233,-0.22133840354972176,-0.30250174511437905,-0.2565767221336581,-0.2273084598640871,-0.22728213911754233,-0.22133840354972176,-0.30250174511437905,-0.2565767221336581,-0.2273084598640871,-0.14223410575960097,-0.22133840354972176,-0.2415486427558145,-0.2565767221336581,-0.2273084598640871,-0.22762171219353985,-0.22133840354972176,-0.24116913985534916,0.006761323666443658
-0.43268741269478367,-0.3474516379620547,-0.3048496258097393,-0.24391188485380502,-0.2749474217879386,-0.43268741269478367,-0.3474516379620547,-0.3042370804898959,-0.24391188485380502,-0.2749474217879386,-0.43268741269478367,-0.3474516379620547,-0.3048496258097393,-0.24391188485380502,-0.2749474217879386,-0.43268741269478367,-0.3474516379620547,-0.3048496258097393,-0.1912573300102705,-0.2749474217879386,-0.37695882793683555,-0.3474516379620547,-0.3048496258097393,-0.2443293249034359,-0.2749474217879386,-0.31642646682679654,0.012918146901914748
-0.4612041110667212,-0.4026578641884593,-0.36233975088606624,-0.44520313778797843,-0.3298804270570176,-0.4612041110667212,-0.4026578641884593,-0.3621228457951459,-0.44520313778797843,-0.3298804270570176,-0.4612041110667212,-0.4026578641884593,-0.36233975088606624,-0.44520313778797843,-0.3298804270570176,-0.4612041110667212,-0.4026578641884593,-0.36233975088606624,-0.22299773146061072,-0.3298804270570176,-0.30234035908578427,-0.4026578641884593,-0.36233975088606624,-0.4453212714345852,-0.3298804270570176,-0.3850103410071439,0.01177642188861941
-0.47405695636389034,-0.4470024048291494,-0.4918788977673311,-0.4818660959167962,-0.39265291758084886,-0.47405695636389034,-0.4470024048291494,-0.49181926882128957,-0.4818660959167962,-0.39265291758084886,-0.47405695636389034,-0.4470024048291494,-0.4918788977673311,-0.4818660959167962,-0.39265291758084886,-0.47405695636389034,-0.4470024048291494,-0.4918788977673311,-0.23971242493382253,-0.39265291758084886,-0.31850096483711443,-0.4470024048291494,-0.4918788977673311,-0.481879267205694,-0.39265291758084886,-0.4415812096849273,0.011856262671672243
-0.1495221393028209,-0.2297005061173943,-0.1721848896670727,-0.1455088244946327,-0.11597112295748258,-0.1495221393028209,-0.2297005061173943,-0.17237243136302924,-0.1455088244946327,-0.11597112295748258,-0.1495221393028209,-0.2297005061173943,-0.1721848896670727,-0.1455088244946327,-0.11597112295748258,-0.1495221393028209,-0.2297005061173943,-0.1721848896670727,-0.09455576438279535,-0.11597112295748258,-0.1271197270255538,-0.2297005061173943,-0.1721848896670727,-0.14561840273681162,-0.11597112295748258,-0.15965516240984187,0.00797761470421051
0.0624883742315231,0.09342947843690194,0.06507210459844143,0.08342367020768965,0.10037548212832954,0.0624883742315231,0.09342947843690194,0.06523052243052224,0.08342367020768965,0.10037548212832954,0.0624883742315231,0.09342947843690194,0.06507210459844143,0.08342367020768965,0.10037548212832954,0.0624883742315231,0.09342947843690194,0.06507210459844143,0.03565948174973103,0.10037548212832954,0.04837534259070034,0.09342947843690194,0.06507210459844143,0.0830297504228437,0.10037548212832954,0.07847331303851528,0.0035660719187530954
-0.12552969048213394,-0.1323249948905657,-0.14241927458828438,-0.09022052785776014,-0.18142787344966757,-0.12552969048213394,-0.1323249948905657,-0.1422489980395258,-0.09022052785776014,-0.18142787344966757,-0.12552969048213394,-0.1323249948905657,-0.14241927458828438,-0.09022052785776014,-0.18142787344966757,-0.12552969048213394,-0.1323249948905657,-0.14241927458828438,-0.06340073614510991,-0.18142787344966757,-0.07877522430762697,-0.1323249948905657,-0.14241927458828438,-0.09025042194116904,-0.18142787344966757,-0.13143588663958203,0.0064965349922030185
-0.14238735008776168,-0.2980354708573655,-0.12207591170120168,-0.07030883843191309,-0.17829883424801726,-0.14238735008776168,-0.2980354708573655,-0.12216405673328055,-0.07030883843191309,-0.17829883424801726,-0.14238735008776168,-0.2980354708573655,-0.12207591170120168,-0.07030883843191309,-0.17829883424801726,-0.14238735008776168,-0.2980354708573655,-0.12207591170120168,-0.048110751528617074,-0.17829883424801726,-0.05900926184415546,-0.2980354708573655,-0.12207591170120168,-0.07021008372430988,-0.17829883424801726,-0.15799780967235477,0.015698229954664203
-0.26859463244510645,-0.20025542359160925,-0.09616388823361204,-0.24824987348271124,-0.06211086127379256,-0.26859463244510645,-0.20025542359160925,-0.0961841511526932,-0.24824987348271124,-0.06211086127379256,-0.26859463244510645,-0.20025542359160925,-0.09616388823361204,-0.24824987348271124,-0.06211086127379256,-0.26859463244510645,-0.20025542359160925,-0.09616388823361204,-0.09981868716769622,-0.06211086127379256,-0.12496052213403509,-0.20025542359160925,-0.09616388823361204,-0.24839827130189612,-0.06211086127379256,-0.1633990703698535,0.015654777465539456
-0.2158872062697718,-0.15006032515082096,-0.014637996707284601,-0.21294588140241982,-0.024226324603713968,-0.2158872062697718,-0.15006032515082096,-0.014595279886914224,-0.21294588140241982,-0.024226324603713968,-0.2158872062697718,-0.15006032515082096,-0.014637996707284601,-0.21294588140241982,-0.024226324603713968,-0.2158872062697718,-0.15006032515082096,-0.014637996707284601,-0.09664795208610709,-0.024226324603713968,-0.12499619814370123,-0.15006032515082096,-0.014637996707284601,-0.21326299789221395,-0.024226324603713968,-0.11527496531588385,0.01651573684130127
-0.29976362529519274,-0.3951309511496046,-0.2748928689127906,-0.38179401973459715,-0.29870281914531066,-0.29976362529519274,-0.3951309511496046,-0.27477171344341295,-0.38179401973459715,-0.29870281914531066,-0.29976362529519274,-0.3951309511496046,-0.2748928689127906,-0.38179401973459715,-0.29870281914531066,-0.29976362529519274,-0.3951309511496046,-0.2748928689127906,-0.192649938239358,-0.29870281914531066,-0.21814688245714026,-0.3951309511496046,-0.2748928689127906,-0.3817466163975973,-0.29870281914531066,-0.3192196815219124,0.011378686130466794
-0.5995006375061249,-0.5865014903796011,-0.5326992788872098,-0.6576187008222985,-0.48163290077632076,-0.5995006375061249,-0.5865014903796011,-0.5324567422823123,-0.6576187008222985,-0.48163290077632076,-0.5995006375061249,-0.5865014903796011,-0.5326992788872098,-0.6576187008222985,-0.48163290077632076,-0.5995006375061249,-0.5865014903796011,-0.5326992788872098,-0.3232554086887815,-0.48163290077632076,-0.39120594174873263,-0.5865014903796011,-0.5326992788872098,-0.6575616958310873,-0.48163290077632076,-0.5498723004948303,0.015897822835279556
-0.35167707027507544,-0.3701361472381339,-0.3505585926200796,-0.4008946528580301,-0.2922146286681493,-0.35167707027507544,-0.3701361472381339,-0.35053175509405626,-0.4008946528580301,-0.2922146286681493,-0.35167707027507544,-0.3701361472381339,-0.3505585926200796,-0.4008946528580301,-0.2922146286681493,-0.35167707027507544,-0.3701361472381339,-0.3505585926200796,-0.20338560046562446,-0.2922146286681493,-0.23229544336852112,-0.3701361472381339,-0.3505585926200796,-0.40115662119365486,-0.2922146286681493,-0.3404299963923193,0.00978099935824412
-0.04334109058516454,-0.059096892415164325,-0.07793774286593759,-0.057807056932798404,-0.05994911549198104,-0.04334109058516454,-0.059096892415164325,-0.07789766936488123,-0.057807056932798404,-0.05994911549198104,-0.04334109058516454,-0.059096892415164325,-0.07793774286593759,-0.057807056932798404,-0.05994911549198104,-0.04334109058516454,-0.059096892415164325,-0.07793774286593759,-0.03912661962070917,-0.05994911549198104,-0.03304377666205022,-0.059096892415164325,-0.07793774286593759,-0.05804558122286677,-0.05994911549198104,-0.05847520764036153,0.002431841025207082
-0.11555096959688733,-0.28491970163956765,-0.22914133898838746,-0.27480414623258653,-0.23598349606010616,-0.11555096959688733,-0.28491970163956765,-0.22921905612887933,-0.27480414623258653,-0.23598349606010616,-0.11555096959688733,-0.28491970163956765,-0.22914133898838746,-0.27480414623258653,-0.23598349606010616,-0.11555096959688733,-0.28491970163956765,-0.22914133898838746,-0.12565747553211068,-0.23598349606010616,-0.08523932956914936,-0.28491970163956765,-0.22914133898838746,-0.27487047541701026,-0.23598349606010616,-0.22090735992737515,0.01273815988566029
-0.20901677585893438,-0.29753792624174286,-0.22820917401139168,-0.22098055272096515,-0.15459012016769283,-0.20901677585893438,-0.29753792624174286,-0.2283372430959596,-0.22098055272096515,-0.15459012016769283,-0.20901677585893438,-0.29753792624174286,-0.22820917401139168,-0.22098055272096515,-0.15459012016769283,-0.20901677585893438,-0.29753792624174286,-0.22820917401139168,-0.11423126625378685,-0.15459012016769283,-0.13949748368191156,-0.29753792624174286,-0.22820917401139168,-0.22098310667886137,-0.15459012016769283,-0.21502139157607594,0.010327437401081276
-0.1526264933783803,-0.09618030170139744,-0.07283426636903234,-0.11982248133790951,-0.1279071753702843,-0.1526264933783803,-0.09618030170139744,-0.07275723667016798,-0.11982248133790951,-0.1279071753702843,-0.1526264933783803,-0.09618030170139744,-0.07283426636903234,-0.11982248133790951,-0.1279071753702843,-0.1526264933783803,-0.09618030170139744,-0.07283426636903234,-0.07011532701361987,-0.1279071753702843,-0.10210808262560712,-0.09618030170139744,-0.07283426636903234,-0.11970970539170502,-0.1279071753702843,-0.1098575288025155,0.00537441245396274
-0.043869094134278315,-0.0060745428767977755,-0.005964362939314721,-0.05163336840699564,-0.09049069455130919,-0.043869094134278315,-0.0060745428767977755,-0.005951629637997597,-0.05163336840699564,-0.09049069455130919,-0.043869094134278315,-0.0060745428767977755,-0.005964362939314721,-0.05163336840699564,-0.09049069455130919,-0.043869094134278315,-0.0060745428767977755,-0.005964362939314721,-0.03946111223765782,-0.09049069455130919,-0.02942213759304189,-0.0060745428767977755,-0.005964362939314721,-0.05155419818974736,-0.09049069455130919,-0.03853796793257354,0.006195823932941462
0.3208644290537456,0.3965231095518621,0.3211172576984177,0.3967018018082864,0.33517263384962664,0.3208644290537456,0.3965231095518621,0.3211553898668802,0.3967018018082864,0.33517263384962664,0.3208644290537456,0.3965231095518621,0.3211172576984177,0.3967018018082864,0.33517263384962664,0.3208644290537456,0.3965231095518621,0.3211172576984177,0.16523438932557025,0.33517263384962664,0.20424859969837825,0.3965231095518621,0.3211172576984177,0.3967100685647906,0.33517263384962664,0.340154372675863,0.011174768198846526
0.16189530518362666,0.2484741371194957,0.07334623946377174,0.08345374686467251,0.04782581362828544,0.16189530518362666,0.2484741371194957,0.0733678108838687,0.08345374686467251,0.04782581362828544,0.16189530518362666,0.2484741371194957,0.07334623946377174,0.08345374686467251,0.04782581362828544,0.16189530518362666,0.2484741371194957,0.07334623946377174,0.04255365351443547,0.04782581362828544,0.10633875924953522,0.2484741371194957,0.07334623946377174,0.08339645120165864,0.04782581362828544,0.1191393539108806,0.014570151802235413
0.0919627585380643,0.14705836735383407,0.07728332093015454,0.07863191478824028,0.09269334404829858,0.0919627585380643,0.14705836735383407,0.07732545306423175,0.07863191478824028,0.09269334404829858,0.0919627585380643,0.14705836735383407,0.07728332093015454,0.07863191478824028,0.09269334404829858,0.0919627585380643,0.14705836735383407,0.07728332093015454,0.03313581588180842,0.09269334404829858,0.06399776542126379,0.14705836735383407,0.07728332093015454,0.07857184797963658,0.09269334404829858,0.094586780063808,0.005689322937175896
-0.10545253052173435,-0.19585504891797442,-0.07778518178677886,-0.12399261169018341,0.035360041505689166,-0.10545253052173435,-0.19585504891797442,-0.07749400298354782,-0.12399261169018341,0.035360041505689166,-0.10545253052173435,-0.19585504891797442,-0.07778518178677886,-0.12399261169018341,0.035360041505689166,-0.10545253052173435,-0.19585504891797442,-0.07778518178677886,-0.06962510639293527,0.035360041505689166,-0.07921129122415019,-0.19585504891797442,-0.07778518178677886,-0.12406471247703556,0.035360041505689166,-0.09031195337774793,0.014752652125196
-0.19535751558579778,-0.303438345817404,-0.05380896037409407,-0.1444806009259598,-0.017624580079073537,-0.19535751558579778,-0.303438345817404,-0.0536595492819208,-0.1444806009259598,-0.017624580079073537,-0.19535751558579778,-0.303438345817404,-0.05380896037409407,-0.1444806009259598,-0.017624580079073537,-0.19535751558579778,-0.303438345817404,-0.05380896037409407,-0.09526935087045468,-0.017624580079073537,-0.14949592608628615,-0.303438345817404,-0.05380896037409407,-0.14444215043606648,-0.017624580079073537,-0.13913157251098252,0.02000074474410056
-0.08283932581685816,-0.19782729357390574,-0.09622135680533485,-0.051378511940969526,0.017074851136103953,-0.08283932581685816,-0.19782729357390574,-0.09607090566525331,-0.051378511940969526,0.017074851136103953,-0.08283932581685816,-0.19782729357390574,-0.09622135680533485,-0.051378511940969526,0.017074851136103953,-0.08283932581685816,-0.19782729357390574,-0.09622135680533485,-0.06215038391641907,0.017074851136103953,-0.10557458884676715,-0.19782729357390574,-0.09622135680533485,-0.0513301146951351,0.017074851136103953,-0.08357065886497062,0.013689440021150467
-0.12408863799546062,-0.015044698155376197,-0.04248932725700638,-0.027212027184252214,0.060520026500576383,-0.12408863799546062,-0.015044698155376197,-0.04239323214861235,-0.027212027184252214,0.060520026500576383,-0.12408863799546062,-0.015044698155376197,-0.04248932725700638,-0.027212027184252214,0.060520026500576383,-0.12408863799546062,-0.015044698155376197,-0.04248932725700638,-0.04555611198601201,0.060520026500576383,-0.10989272916346751,-0.015044698155376197,-0.04248932725700638,-0.027398177857813476,0.060520026500576383,-0.029832462079701166,0.0114307359453221
0.30689829391463896,0.22532227609844563,0.32416799452422906,0.16558376035268824,0.28169863655793703,0.30689829391463896,0.22532227609844563,0.32423395043827696,0.16558376035268824,0.28169863655793703,0.30689829391463896,0.22532227609844563,0.32416799452422906,0.16558376035268824,0.28169863655793703,0.30689829391463896,0.22532227609844563,0.32416799452422906,0.053134100190471184,0.28169863655793703,0.13693709258766737,0.22532227609844563,0.32416799452422906,0.1649682449951905,0.28169863655793703,0.24941577545228227,0.014069741182862408
-0.13381890037110616,-0.10113296616872589,-0.06627107155002702,-0.089726719109863,0.016406011973886067,-0.13381890037110616,-0.10113296616872589,-0.06624098941790425,-0.089726719109863,0.016406011973886067,-0.13381890037110616,-0.10113296616872589,-0.06627107155002702,-0.089726719109863,0.016406011973886067,-0.13381890037110616,-0.10113296616872589,-0.06627107155002702,-0.04962643383810466,0.016406011973886067,-0.07795908420153215,-0.10113296616872589,-0.06627107155002702,-0.0897045292368001,0.016406011973886067,-0.07106823410730648,0.009651070912009955
-0.2520320792577169,-0.2569549441948443,-0.12491966952880361,-0.2613160812384983,-0.09037341110736613,-0.2520320792577169,-0.2569549441948443,-0.1249195248755088,-0.2613160812384983,-0.09037341110736613,-0.2520320792577169,-0.2569549441948443,-0.12491966952880361,-0.2613160812384983,-0.09037341110736613,-0.2520320792577169,-0.2569549441948443,-0.12491966952880361,-0.13022244515130801,-0.09037341110736613,-0.19031538295287095,-0.2569549441948443,-0.12491966952880361,-0.26171150743582544,-0.09037341110736613,-0.18942263503152573,0.014281612845834986
-0.1798643689373916,-0.20024967058191082,-0.24354217679941145,-0.2670645621285139,-0.17005092808297015,-0.1798643689373916,-0.20024967058191082,-0.24337159758602092,-0.2670645621285139,-0.17005092808297015,-0.1798643689373916,-0.20024967058191082,-0.24354217679941145,-0.2670645621285139,-0.17005092808297015,-0.1798643689373916,-0.20024967058191082,-0.24354217679941145,-0.14533257734108085,-0.17005092808297015,-0.15824054463681309,-0.20024967058191082,-0.24354217679941145,-0.2674512019181148,-0.17005092808297015,-0.20642875136556754,0.007576622966280397
-0.13838990342152038,-0.192097191819308,-0.23502113872468305,-0.18568516157804515,-0.06525305546119228,-0.13838990342152038,-0.192097191819308,-0.23496484459753147,-0.18568516157804515,-0.06525305546119228,-0.13838990342152038,-0.192097191819308,-0.23502113872468305,-0.18568516157804515,-0.06525305546119228,-0.13838990342152038,-0.192097191819308,-0.23502113872468305,-0.1154031583482431,-0.06525305546119228,-0.13917830934967296,-0.192097191819308,-0.23502113872468305,-0.18596228125953435,-0.06525305546119228,-0.16051837933105728,0.011442524596200479
-0.31822898580336206,-0.1294330274558073,-0.28256623128396013,-0.24842008662633,-0.13779692073006483,-0.31822898580336206,-0.1294330274558073,-0.2825526779140636,-0.24842008662633,-0.13779692073006483,-0.31822898580336206,-0.1294330274558073,-0.28256623128396013,-0.24842008662633,-0.13779692073006483,-0.31822898580336206,-0.1294330274558073,-0.28256623128396013,-0.12968996452839784,-0.13779692073006483,-0.20550387980525422,-0.1294330274558073,-0.28256623128396013,-0.24862247182406455,-0.13779692073006483,-0.21403839452917672,0.014867889533874027
-0.24246924321633062,-0.29504645873738417,-0.24679495439352006,-0.27322284082182924,-0.06634892627818323,-0.24246924321633062,-0.29504645873738417,-0.2465444603471749,-0.27322284082182924,-0.06634892627818323,-0.24246924321633062,-0.29504645873738417,-0.24679495439352006,-0.27322284082182924,-0.06634892627818323,-0.24246924321633062,-0.29504645873738417,-0.24679495439352006,-0.13216627662750371,-0.06634892627818323,-0.16299297914606894,-0.29504645873738417,-0.24679495439352006,-0.27358361078550036,-0.06634892627818323,-0.21595958259555903,0.0163483580052716
-0.1620135596674733,-0.28380145656403566,-0.18859533674147816,-0.12683736131286144,0.09490692887496031,-0.1620135596674733,-0.28380145656403566,-0.1884681853433436,-0.12683736131286144,0.09490692887496031,-0.1620135596674733,-0.28380145656403566,-0.18859533674147816,-0.12683736131286144,0.09490692887496031,-0.1620135596674733,-0.28380145656403566,-0.18859533674147816,-0.061652145256466895,0.09490692887496031,-0.11628062992380478,-0.28380145656403566,-0.18859533674147816,-0.1268449428053797,0.09490692887496031,-0.12882664845395048,0.024723297044825922
-0.14119717585500555,-0.1613511543533039,-0.025396781070752564,-0.06311694507642002,0.018047957932403522,-0.14119717585500555,-0.1613511543533039,-0.025554112180505222,-0.06311694507642002,0.018047957932403522,-0.14119717585500555,-0.1613511543533039,-0.025396781070752564,-0.06311694507642002,0.018047957932403522,-0.14119717585500555,-0.1613511543533039,-0.025396781070752564,-0.049517499915385156,0.018047957932403522,-0.10947792826438882,-0.1613511543533039,-0.025396781070752564,-0.0630451497174985,0.018047957932403522,-0.07279349340458285,0.013165818631799752
0.0015107514314004022,0.0025379863906412068,0.007741054837375519,0.05767970016157025,0.08975575702571953,0.0015107514314004022,0.0025379863906412068,0.007661667418184252,0.05767970016157025,0.08975575702571953,0.0015107514314004022,0.0025379863906412068,0.007741054837375519,0.05767970016157025,0.08975575702571953,0.0015107514314004022,0.0025379863906412068,0.007741054837375519,0.010211248102242877,0.08975575702571953,0.0178807581651675,0.0025379863906412068,0.007741054837375519,0.05766602983277731,0.08975575702571953,0.03059738984639961,0.006899878673623041
-0.23059965130630553,-0.2795629059807416,-0.20582426151229233,-0.14616084209130886,-0.15968778867475575,-0.23059965130630553,-0.2795629059807416,-0.20581630595015224,-0.14616084209130886,-0.15968778867475575,-0.23059965130630553,-0.2795629059807416,-0.20582426151229233,-0.14616084209130886,-0.15968778867475575,-0.23059965130630553,-0.2795629059807416,-0.20582426151229233,-0.08894029295698498,-0.15968778867475575,-0.1185719735844191,-0.2795629059807416,-0.20582426151229233,-0.14603026582129625,-0.15968778867475575,-0.19759161956554627,0.010678518744927463
-0.462298391763507,-0.5212484291077604,-0.41274772865591824,-0.39227996600817305,-0.35848332033472863,-0.462298391763507,-0.5212484291077604,-0.4126212950179897,-0.39227996600817305,-0.35848332033472863,-0.462298391763507,-0.5212484291077604,-0.41274772865591824,-0.39227996600817305,-0.35848332033472863,-0.462298391763507,-0.5212484291077604,-0.41274772865591824,-0.19640247519143217,-0.35848332033472863,-0.28896021267623656,-0.5212484291077604,-0.41274772865591824,-0.39260531815411503,-0.35848332033472863,-0.4146508971181775,0.015043874299803807
-0.30272667572752987,-0.27344872183254126,-0.2510598441219701,-0.23038401199388694,-0.15513173577858788,-0.30272667572752987,-0.27344872183254126,-0.2509911374059453,-0.23038401199388694,-0.15513173577858788,-0.30272667572752987,-0.27344872183254126,-0.2510598441219701,-0.23038401199388694,-0.15513173577858788,-0.30272667572752987,-0.27344872183254126,-0.2510598441219701,-0.1259193244582063,-0.15513173577858788,-0.19200948664990058,-0.27344872183254126,-0.2510598441219701,-0.23037996269346628,-0.15513173577858788,-0.23394001258571306,0.01057756522316115
-0.29820618097082296,-0.30426364414297297,-0.32261715382403233,-0.3249765715662155,-0.2960326036383343,-0.29820618097082296,-0.30426364414297297,-0.3225247162766426,-0.3249765715662155,-0.2960326036383343,-0.29820618097082296,-0.30426364414297297,-0.32261715382403233,-0.3249765715662155,-0.2960326036383343,-0.29820618097082296,-0.30426364414297297,-0.32261715382403233,-0.16059709384355592,-0.2960326036383343,-0.19246970678205028,-0.30426364414297297,-0.32261715382403233,-0.32515622115528414,-0.2960326036383343,-0.2984180812336855,0.007460013036610971
-0.22243481013273178,-0.33919241996642135,-0.37520104413042354,-0.224226989243135,-0.27251442905526324,-0.22243481013273178,-0.33919241996642135,-0.375005071630332,-0.224226989243135,-0.27251442905526324,-0.22243481013273178,-0.33919241996642135,-0.37520104413042354,-0.224226989243135,-0.27251442905526324,-0.22243481013273178,-0.33919241996642135,-0.37520104413042354,-0.12459549935476387,-0.27251442905526324,-0.13859884593539337,-0.33919241996642135,-0.37520104413042354,-0.2243539269087697,-0.27251442905526324,-0.27937247894878836,0.014298799154454549
0.2078888631321553,0.11238775789867307,0.07888709199550184,0.11705267822135881,0.12636165521750137,0.2078888631321553,0.11238775789867307,0.0789448078265572,0.11705267822135881,0.12636165521750137,0.2078888631321553,0.11238775789867307,0.07888709199550184,0.11705267822135881,0.12636165521750137,0.2078888631321553,0.11238775789867307,0.07888709199550184,0.05082713971138724,0.12636165521750137,0.11872420982657916,0.11238775789867307,0.07888709199550184,0.11675517812249483,0.12636165521750137,0.12229041024970382,0.008276794145009895
-0.034027256648765776,-0.00014433784445965308,-0.0275944494637457,-0.031163864879152965,0.006967190847013634,-0.034027256648765776,-0.00014433784445965308,-0.027592426405358417,-0.031163864879152965,0.006967190847013634,-0.034027256648765776,-0.00014433784445965308,-0.0275944494637457,-0.031163864879152965,0.006967190847013634,-0.034027256648765776,-0.00014433784445965308,-0.0275944494637457,-0.008998322780873435,0.006967190847013634,0.0036181628806604333,-0.00014433784445965308,-0.0275944494637457,-0.03156869802508035,0.006967190847013634,-0.014816217536215467,0.0033276422074665787
0.17835971350021923,0.07885315190609178,0.0805568437668038,0.07447840503946326,0.10486521841276858,0.17835971350021923,0.07885315190609178,0.08078020173515763,0.07447840503946326,0.10486521841276858,0.17835971350021923,0.07885315190609178,0.0805568437668038,0.07447840503946326,0.10486521841276858,0.17835971350021923,0.07885315190609178,0.0805568437668038,0.0604542833450998,0.10486521841276858,0.18381526169221968,0.07885315190609178,0.0805568437668038,0.07391716131045195,0.10486521841276858,0.1030664081545485,0.007823532808195924
0.5685949174751147,0.28532432779406147,0.43606060583838446,0.40694224407155755,0.4409286940540312,0.5685949174751147,0.28532432779406147,0.43625139211749386,0.40694224407155755,0.4409286940540312,0.5685949174751147,0.28532432779406147,0.43606060583838446,0.40694224407155755,0.4409286940540312,0.5685949174751147,0.28532432779406147,0.43606060583838446,0.18196053560088363,0.4409286940540312,0.33280088585171913,0.28532432779406147,0.43606060583838446,0.40638163244329445,0.4409286940540312,0.40912433522890096,0.01939475970052133
-0.04809404636062526,-0.04282256702417196,0.11242645348257936,-0.004403328468384477,-0.056671436894620446,-0.04809404636062526,-0.04282256702417196,0.1126111855002711,-0.004403328468384477,-0.056671436894620446,-0.04809404636062526,-0.04282256702417196,0.11242645348257936,-0.004403328468384477,-0.056671436894620446,-0.04809404636062526,-0.04282256702417196,0.11242645348257936,-0.014986473856109492,-0.056671436894620446,-0.004679946808843529,-0.04282256702417196,0.11242645348257936,-0.0045994478277600215,-0.056671436894620446,-0.00660020238014964,0.012213241894475771
-0.05264485591473013,0.051058412566468224,0.07790498496938675,0.03214009401651941,0.10488488617707091,-0.05264485591473013,0.051058412566468224,0.07787728554079108,0.03214009401651941,0.10488488617707091,-0.05264485591473013,0.051058412566468224,0.07790498496938675,0.03214009401651941,0.10488488617707091,-0.05264485591473013,0.051058412566468224,0.07790498496938675,0.0057849407715753745,0.10488488617707091,-0.03952316667559518,0.051058412566468224,0.07790498496938675,0.031697749608563155,0.10488488617707091,0.042120564049248604,0.01043752465291413
-0.032720537220394995,0.1094224934887505,-0.03279664048101546,-0.1445911650480795,0.16971771518679413,-0.032720537220394995,0.1094224934887505,-0.03287737870143149,-0.1445911650480795,0.16971771518679413,-0.032720537220394995,0.1094224934887505,-0.03279664048101546,-0.1445911650480795,0.16971771518679413,-0.032720537220394995,0.1094224934887505,-0.03279664048101546,-0.05394165529094018,0.16971771518679413,-0.005205961153244372,0.1094224934887505,-0.03279664048101546,-0.14444038794995115,0.16971771518679413,0.01853573817329102,0.02117629896393841
-0.14225189937098542,-0.14166568623658768,-0.21992647276432228,-0.16788988782241515,-0.12854977870253173,-0.14225189937098542,-0.14166568623658768,-0.21999733988899942,-0.16788988782241515,-0.12854977870253173,-0.14225189937098542,-0.14166568623658768,-0.21992647276432228,-0.16788988782241515,-0.12854977870253173,-0.14225189937098542,-0.14166568623658768,-0.21992647276432228,-0.07713005134702618,-0.12854977870253173,-0.06934873414762349,-0.14166568623658768,-0.21992647276432228,-0.16796138911566738,-0.12854977870253173,-0.1535159196481356,0.00785785640175826
-0.08246957277877416,-0.11679145262306077,-0.19327326697888653,-0.06987710034811745,-0.08639738850999518,-0.08246957277877416,-0.11679145262306077,-0.193358789384624,-0.06987710034811745,-0.08639738850999518,-0.08246957277877416,-0.11679145262306077,-0.19327326697888653,-0.06987710034811745,-0.08639738850999518,-0.08246957277877416,-0.11679145262306077,-0.19327326697888653,-0.03317473387207234,-0.08639738850999518,-0.026969758427810187,-0.11679145262306077,-0.19327326697888653,-0.06995418338702063,-0.08639738850999518,-0.10608017323247207,0.009573954577510351
0.09990893627220152,0.07827360969259134,0.056134950574598,0.0746223333954801,0.10120692163009246,0.09990893627220152,0.07827360969259134,0.05604149716885649,0.0746223333954801,0.10120692163009246,0.09990893627220152,0.07827360969259134,0.056134950574598,0.0746223333954801,0.10120692163009246,0.09990893627220152,0.07827360969259134,0.056134950574598,0.013626640240739563,0.10120692163009246,0.05389379065492011,0.07827360969259134,0.056134950574598,0.07476360479323244,0.10120692163009246,0.07775082948179224,0.00425637449398199
0.1263468272418628,0.24877104858672575,0.08032003762479105,0.05383060307469971,0.12053373110074686,0.1263468272418628,0.24877104858672575,0.08036415412106987,0.05383060307469971,0.12053373110074686,0.1263468272418628,0.24877104858672575,0.08032003762479105,0.05383060307469971,0.12053373110074686,0.1263468272418628,0.24877104858672575,0.08032003762479105,-0.003299504399859956,0.12053373110074686,0.048174319474650604,0.24877104858672575,0.08032003762479105,0.05380358387549068,0.12053373110074686,0.12054902880797722,0.014077410111600807
-0.04854360871152356,0.10994498560259147,0.10313531131286197,0.11272836724961789,0.08183095269427312,-0.04854360871152356,0.10994498560259147,0.103362985079188,0.11272836724961789,0.08183095269427312,-0.04854360871152356,0.10994498560259147,0.10313531131286197,0.11272836724961789,0.08183095269427312,-0.04854360871152356,0.10994498560259147,0.10313531131286197,0.0020230238177715368,0.08183095269427312,-0.07236447210730704,0.10994498560259147,0.10313531131286197,0.11312196384631197,0.08183095269427312,0.06646300417097978,0.012545639575660811
0.2064977474004671,0.13195163000198615,0.15308387295090184,0.3424383048153308,0.189013430341243,0.2064977474004671,0.13195163000198615,0.15299031648616132,0.3424383048153308,0.189013430341243,0.2064977474004671,0.13195163000198615,0.15308387295090184,0.3424383048153308,0.189013430341243,0.2064977474004671,0.13195163000198615,0.15308387295090184,0.08911520569855985,0.189013430341243,0.05750253010396123,0.13195163000198615,0.15308387295090184,0.3427478156904793,0.189013430341243,0.18851290262187098,0.01496070721794443
0.11607559954267625,0.021509056542156943,-0.12117030245266326,0.05658005890973084,0.0037085445444453463,0.11607559954267625,0.021509056542156943,-0.12110027087376113,0.05658005890973084,0.0037085445444453463,0.11607559954267625,0.021509056542156943,-0.12117030245266326,0.05658005890973084,0.0037085445444453463,0.11607559954267625,0.021509056542156943,-0.12117030245266326,0.010512049988034277,0.0037085445444453463,0.04795461525059349,0.021509056542156943,-0.12117030245266326,0.05629069439907187,0.0037085445444453463,0.010764258371447783,0.014778172888232622
-0.09719359307428618,-0.17932644914544416,-0.05834698439457236,-0.0316771713512611,-0.09296634313731683,-0.09719359307428618,-0.17932644914544416,-0.0581802899835446,-0.0316771713512611,-0.09296634313731683,-0.09719359307428618,-0.17932644914544416,-0.05834698439457236,-0.0316771713512611,-0.09296634313731683,-0.09719359307428618,-0.17932644914544416,-0.05834698439457236,-0.02426725525009897,-0.09296634313731683,-0.04566441653690178,-0.17932644914544416,-0.05834698439457236,-0.032150584646157256,-0.09296634313731683,-0.08955681327038899,0.009999995878012436
-0.15308808666230656,-0.33462584013046415,-0.05575955393064423,-0.07952584722630449,-0.13165826227587704,-0.15308808666230656,-0.33462584013046415,-0.055841230794898514,-0.07952584722630449,-0.13165826227587704,-0.15308808666230656,-0.33462584013046415,-0.05575955393064423,-0.07952584722630449,-0.13165826227587704,-0.15308808666230656,-0.33462584013046415,-0.05575955393064423,-0.053143941736374434,-0.13165826227587704,-0.08692315482315947,-0.33462584013046415,-0.05575955393064423,-0.07982583162240084,-0.13165826227587704,-0.14724491100237022,0.019593520147070113
-0.2919305421488282,-0.3475597576065464,-0.15327033639915133,-0.12894383212555516,-0.19751838170501665,-0.2919305421488282,-0.3475597576065464,-0.15319739158840517,-0.12894383212555516,-0.19751838170501665,-0.2919305421488282,-0.3475597576065464,-0.15327033639915133,-0.12894383212555516,-0.19751838170501665,-0.2919305421488282,-0.3475597576065464,-0.15327033639915133,-0.07153156899792,-0.19751838170501665,-0.14268674872831855,-0.3475597576065464,-0.15327033639915133,-0.12900931395806337,-0.19751838170501665,-0.21557802921596422,0.016985918011395224
0.05406620337928376,-0.06115814418176262,-0.020293089581142648,-0.002154764636912455,0.10152529970730986,0.05406620337928376,-0.06115814418176262,-0.02027136631687024,-0.002154764636912455,0.10152529970730986,0.05406620337928376,-0.06115814418176262,-0.020293089581142648,-0.002154764636912455,0.10152529970730986,0.05406620337928376,-0.06115814418176262,-0.020293089581142648,0.009943038813483898,0.10152529970730986,0.07952529867324444,-0.06115814418176262,-0.020293089581142648,-0.0022069303688391877,0.10152529970730986,0.015898159188423286,0.011375578369661798
-0.04468722241087164,-0.21514735398238727,-0.13785470324430935,-0.10012976862657225,0.017732444994886774,-0.04468722241087164,-0.21514735398238727,-0.13781755055003228,-0.10012976862657225,0.017732444994886774,-0.04468722241087164,-0.21514735398238727,-0.13785470324430935,-0.10012976862657225,0.017732444994886774,-0.04468722241087164,-0.21514735398238727,-0.13785470324430935,-0.05928682626635073,0.017732444994886774,-0.0009561345926529966,-0.21514735398238727,-0.13785470324430935,-0.10006034021551327,0.017732444994886774,-0.09263009620249969,0.01593779834174443
0.12135771302303801,0.050400583082556794,0.11056373558291639,0.128330827654432,0.14030387177214626,0.12135771302303801,0.050400583082556794,0.11058222419084644,0.128330827654432,0.14030387177214626,0.12135771302303801,0.050400583082556794,0.11056373558291639,0.128330827654432,0.14030387177214626,0.12135771302303801,0.050400583082556794,0.11056373558291639,0.042352984840861516,0.14030387177214626,0.10795958545294748,0.050400583082556794,0.11056373558291639,0.12870289059645595,0.14030387177214626,0.10623192946966961,0.006616163816533058
0.17497245762667177,0.06117917179634474,0.12541952498962736,0.2034258942200532,0.16595012449029287,0.17497245762667177,0.06117917179634474,0.12526613636718759,0.2034258942200532,0.16595012449029287,0.17497245762667177,0.06117917179634474,0.12541952498962736,0.2034258942200532,0.16595012449029287,0.17497245762667177,0.06117917179634474,0.12541952498962736,0.08423841820026896,0.16595012449029287,0.158791939365378,0.06117917179634474,0.12541952498962736,0.2035586789878805,0.16595012449029287,0.14077389069917035,0.009603377184768624
0.5687821476946149,0.49502028071024523,0.3012984613007562,0.4978548103413878,0.4987183592610667,0.5687821476946149,0.49502028071024523,0.3009461683168351,0.4978548103413878,0.4987183592610667,0.5687821476946149,0.49502028071024523,0.3012984613007562,0.4978548103413878,0.4987183592610667,0.5687821476946149,0.49502028071024523,0.3012984613007562,0.21960780731336976,0.4987183592610667,0.3781288486648726,0.49502028071024523,0.3012984613007562,0.49826350487441207,0.4987183592610667,0.4535810558412679,0.019854431436906343
0.387678500046758,0.16775061235609554,0.2300559203688331,0.3488545964586331,0.4043808370678323,0.387678500046758,0.16775061235609554,0.2302131277746639,0.3488545964586331,0.4043808370678323,0.387678500046758,0.16775061235609554,0.2300559203688331,0.3488545964586331,0.4043808370678323,0.387678500046758,0.16775061235609554,0.2300559203688331,0.16666434866985852,0.4043808370678323,0.30446038271872755,0.16775061235609554,0.2300559203688331,0.3491758518324427,0.4043808370678323,0.2971468971661438,0.018575776026378377
0.4484620983322385,0.12166574689254073,0.2365706883648502,0.32689786032073365,0.38196156043110363,0.4484620983322385,0.12166574689254073,0.2365540667127676,0.32689786032073365,0.38196156043110363,0.4484620983322385,0.12166574689254073,0.2365706883648502,0.32689786032073365,0.38196156043110363,0.4484620983322385,0.12166574689254073,0.2365706883648502,0.16209967745302745,0.38196156043110363,0.3452733836709811,0.12166574689254073,0.2365706883648502,0.32709273813543,0.38196156043110363,0.29239924521363936,0.02230601450232816
0.4115464932528833,0.22873594905834493,0.2261284115157327,0.3681587316637287,0.30205159088276723,0.4115464932528833,0.22873594905834493,0.22610705210209942,0.3681587316637287,0.30205159088276723,0.4115464932528833,0.22873594905834493,0.2261284115157327,0.3681587316637287,0.30205159088276723,0.4115464932528833,0.22873594905834493,0.2261284115157327,0.1536622976575153,0.30205159088276723,0.28078361401200896,0.22873594905834493,0.2261284115157327,0.3680989561584963,0.30205159088276723,0.2935106173480533,0.01476888939107728
0.2678843777772136,0.17573808286155357,0.18702715277553433,0.24416419759700386,0.2925649641639426,0.2678843777772136,0.17573808286155357,0.18714373273580345,0.24416419759700386,0.2925649641639426,0.2678843777772136,0.17573808286155357,0.18702715277553433,0.24416419759700386,0.2925649641639426,0.2678843777772136,0.17573808286155357,0.18702715277553433,0.11375335857385982,0.2925649641639426,0.22770408076686993,0.17573808286155357,0.18702715277553433,0.24450136395900027,0.2925649641639426,0.22667025944660066,0.00986925411723019
0.3209691985348817,0.23146083211952287,0.19213427249910126,0.2922485901684102,0.39674751972909444,0.3209691985348817,0.23146083211952287,0.1922387773656458,0.2922485901684102,0.39674751972909444,0.3209691985348817,0.23146083211952287,0.19213427249910126,0.2922485901684102,0.39674751972909444,0.3209691985348817,0.23146083211952287,0.19213427249910126,0.16736733307400428,0.39674751972909444,0.2824994934429133,0.23146083211952287,0.19213427249910126,0.29207111659901497,0.39674751972909444,0.2801751253746331,0.014597947297216949
0.47428271973625796,0.2764425485818105,0.4024683817581663,0.5623682300146268,0.5440464522558337,0.47428271973625796,0.2764425485818105,0.4026422826894527,0.5623682300146268,0.5440464522558337,0.47428271973625796,0.2764425485818105,0.4024683817581663,0.5623682300146268,0.5440464522558337,0.47428271973625796,0.2764425485818105,0.4024683817581663,0.26106956026782363,0.5440464522558337,0.34558439596811785,0.2764425485818105,0.4024683817581663,0.561906501896786,0.5440464522558337,0.4347102736412792,0.02147015293164916
0.48352357707989,0.31538173821854165,0.49623636566838664,0.563312452774653,0.607112548054618,0.48352357707989,0.31538173821854165,0.49625127413269227,0.563312452774653,0.607112548054618,0.48352357707989,0.31538173821854165,0.49623636566838664,0.563312452774653,0.607112548054618,0.48352357707989,0.31538173821854165,0.49623636566838664,0.2543903136219984,0.607112548054618,0.35039086990115303,0.31538173821854165,0.49623636566838664,0.5634790412061087,0.607112548054618,0.4754384023817924,0.02193072316504042
0.39202143429765124,0.3656924151423854,0.4026879301824727,0.3757640074533799,0.325794717744502,0.39202143429765124,0.3656924151423854,0.40239408346152455,0.3757640074533799,0.325794717744502,0.39202143429765124,0.3656924151423854,0.4026879301824727,0.3757640074533799,0.325794717744502,0.39202143429765124,0.3656924151423854,0.4026879301824727,0.1805825671867445,0.325794717744502,0.29972946118459964,0.3656924151423854,0.4026879301824727,0.37593567530536365,0.325794717744502,0.36088827727413225,0.009282132891419624
0.22882705739599749,0.22622862775046387,0.3033991179745974,0.2843783918466927,0.24493498814657097,0.22882705739599749,0.22622862775046387,0.3032252229752936,0.2843783918466927,0.24493498814657097,0.22882705739599749,0.22622862775046387,0.3033991179745974,0.2843783918466927,0.24493498814657097,0.22882705739599749,0.22622862775046387,0.3033991179745974,0.13099938821737278,0.24493498814657097,0.19893111198140967,0.22622862775046387,0.3033991179745974,0.28408018835538706,0.24493498814657097,0.2502037547214837,0.007889705436623944
0.3422500583653612,0.24237094159101163,0.2767399419605716,0.21146856623774143,0.09896362044070058,0.3422500583653612,0.24237094159101163,0.276659364075101,0.21146856623774143,0.09896362044070058,0.3422500583653612,0.24237094159101163,0.2767399419605716,0.21146856623774143,0.09896362044070058,0.3422500583653612,0.24237094159101163,0.2767399419605716,0.09401560959195883,0.09896362044070058,0.24154868931271117,0.24237094159101163,0.2767399419605716,0.2110857262981458,0.09896362044070058,0.22561391597813737,0.016051164701571658
0.6733867436052187,0.6931000585851773,0.5730675399128722,0.4587221601149115,0.46172066064206485,0.6733867436052187,0.6931000585851773,0.573012403644702,0.4587221601149115,0.46172066064206485,0.6733867436052187,0.6931000585851773,0.5730675399128722,0.4587221601149115,0.46172066064206485,0.6733867436052187,0.6931000585851773,0.5730675399128722,0.2235083265377169,0.46172066064206485,0.4595376690256383,0.6931000585851773,0.5730675399128722,0.45901397806942607,0.46172066064206485,0.5540463835132317,0.023289278383342486
0.6387839308471666,0.6477126534016426,0.4486092051387798,0.49020934373798236,0.5720852754024418,0.6387839308471666,0.6477126534016426,0.4485826504943724,0.49020934373798236,0.5720852754024418,0.6387839308471666,0.6477126534016426,0.4486092051387798,0.49020934373798236,0.5720852754024418,0.6387839308471666,0.6477126534016426,0.4486092051387798,0.21224885871125895,0.5720852754024418,0.3535570715596776,0.6477126534016426,0.4486092051387798,0.49003819101434243,0.5720852754024418,0.5369446796383123,0.02133392446993289
